[2026-06-15 17:55:17] 현황 저장 시트 결정: BG + 1기 -> BG1
[2026-06-15 17:55:17] 동작 시작 sheet=BG total=51/250 today=51 active=9:00-21:00
[2026-06-15 17:55:46] 다음 가입 예약: 2026-06-15 17:58:17까지 대기
[2026-06-15 17:58:17] 신규 대상 시작 plan={'sex': '여자', 'day': '화목'}
[2026-06-15 17:58:35] 회원가입 시도 1/4
[2026-06-15 17:58:35] 회원가입 시작 sheet=BG plan={'sex': '여자', 'day': '화목'}
[2026-06-15 17:58:48] 회원가입 폼 진입 완료
[2026-06-15 17:58:58] 우편번호 검색 query=대구 동구 동화천로 369
[2026-06-15 17:58:58] 우편번호 검색 실패 query=대구 동구 동화천로 369 error=Error('Locator.count: Execution context was destroyed, most likely because of a navigation')
[2026-06-15 17:59:00] 우편번호 검색 query=대구 동구 동화천로 369
[2026-06-15 17:59:00] 주소 지역 불일치 query=대구 동구 동화천로 369 result=대구 군위군 군위읍 내외량길 369
[2026-06-15 17:59:01] 우편번호 검색 query=대구연경초등학교
[2026-06-15 17:59:01] 주소 지역 불일치 query=대구연경초등학교 result=대구 동구 동화천로 369 (대구 연경 아이파크)
[2026-06-15 17:59:02] 우편번호 검색 query=대구연경초등학교
[2026-06-15 17:59:17] 회원가입 실패 try=1 error=RuntimeError("우편번호/주소 입력 실패 queries=['대구 동구 동화천로 369', '대구연경초등학교'] required=북구 last_error=검색 결과 없음 query=대구연경초등학교")
[2026-06-15 17:59:18] 회원가입 시도 2/4
[2026-06-15 17:59:18] 회원가입 시작 sheet=BG plan={'sex': '여자', 'day': '화목'}
[2026-06-15 17:59:25] 회원가입 폼 진입 완료
[2026-06-15 17:59:32] 우편번호 검색 query=대구 북구 호암로 40
[2026-06-15 17:59:34] 우편번호 입력 완료 zip=41586 addr=대구 북구 호암로 40 (칠성동2가, 삼성아파트)
[2026-06-15 17:59:36] 회원가입 제출 클릭 name=김연희 id=supporterca3762 school=대구칠성초등학교
[2026-06-15 17:59:37] 회원가입 알림 name=김연희 id=supporterca3762 message=회원 가입하시겠습니까?
[2026-06-15 17:59:38] 회원가입 알림 name=김연희 id=supporterca3762 message=회원 가입에 감사드립니다.
[2026-06-15 17:59:50] 회원가입 검증 완료 name=김연희 day=화목 dialogs=['회원 가입하시겠습니까?', '회원 가입에 감사드립니다.']
[2026-06-15 17:59:50] 수강신청 시도 1 name=김연희 id=supporterca3762
[2026-06-15 17:59:50] 수강신청 시작 name=김연희 sheet=BG day=화목
[2026-06-15 17:59:58] BG 과정 선택 완료 day=화목 course_id=4_30 label='' week_filter=False
[2026-06-15 17:59:58] 수강신청 요일 선택 완료 name=김연희 day=화목
[2026-06-15 18:00:01] 수강신청 1차 제출 완료 name=김연희
[2026-06-15 18:00:05] 수강신청 최종 제출 완료 name=김연희
김연희 신청 완료 / 총 52명, 오늘 52명 추가되었습니다.
[2026-06-15 18:00:07] 기록 저장 완료 name=김연희 total=52 today=52
[2026-06-15 18:00:25] 대상 완료 name=김연희 total=52/250 today=52/89
[2026-06-15 18:00:32] 다음 가입 예약: 2026-06-15 18:02:02까지 대기
[2026-06-15 18:02:02] 신규 대상 시작 plan={'sex': '남자', 'day': '화목'}
[2026-06-15 18:02:06] 회원가입 시도 1/4
[2026-06-15 18:02:06] 회원가입 시작 sheet=BG plan={'sex': '남자', 'day': '화목'}
[2026-06-15 18:02:17] 회원가입 폼 진입 완료
[2026-06-15 18:02:24] 우편번호 검색 query=대구 북구 동변로20길 20
[2026-06-15 18:02:27] 우편번호 입력 완료 zip=41412 addr=대구 북구 동변로20길 20 (동변동, 한성빌라)
[2026-06-15 18:02:29] 회원가입 제출 클릭 name=윤우준 id=ghostingsnap564 school=대구동변초등학교
[2026-06-15 18:02:30] 회원가입 알림 name=윤우준 id=ghostingsnap564 message=회원 가입하시겠습니까?
[2026-06-15 18:02:31] 회원가입 알림 name=윤우준 id=ghostingsnap564 message=회원 가입에 감사드립니다.
[2026-06-15 18:02:43] 회원가입 검증 완료 name=윤우준 day=화목 dialogs=['회원 가입하시겠습니까?', '회원 가입에 감사드립니다.']
[2026-06-15 18:02:43] 수강신청 시도 1 name=윤우준 id=ghostingsnap564
[2026-06-15 18:02:43] 수강신청 시작 name=윤우준 sheet=BG day=화목
[2026-06-15 18:02:50] BG 과정 선택 완료 day=화목 course_id=4_30 label='' week_filter=False
[2026-06-15 18:02:50] 수강신청 요일 선택 완료 name=윤우준 day=화목
[2026-06-15 18:02:53] 수강신청 1차 제출 완료 name=윤우준
[2026-06-15 18:03:01] 수강신청 최종 제출 완료 name=윤우준
윤우준 신청 완료 / 총 53명, 오늘 53명 추가되었습니다.
[2026-06-15 18:03:02] 기록 저장 완료 name=윤우준 total=53 today=53
[2026-06-15 18:03:11] 대상 완료 name=윤우준 total=53/250 today=53/89
[2026-06-15 18:03:15] 다음 가입 예약: 2026-06-15 18:04:39까지 대기
[2026-06-15 18:04:39] 신규 대상 시작 plan={'sex': '남자', 'day': '월수'}
[2026-06-15 18:04:42] 회원가입 시도 1/4
[2026-06-15 18:04:42] 회원가입 시작 sheet=BG plan={'sex': '남자', 'day': '월수'}
[2026-06-15 18:04:55] 회원가입 폼 진입 완료
[2026-06-15 18:04:58] 우편번호 검색 query=대구 북구 내곡로 49
[2026-06-15 18:04:59] 주소 지역 불일치 query=대구 북구 내곡로 49 result=대구 군위군 군위읍 광현길 49
[2026-06-15 18:05:00] 우편번호 검색 query=대구 북구 내곡로 49
[2026-06-15 18:05:00] 주소 지역 불일치 query=대구 북구 내곡로 49 result=대구 군위군 군위읍 광현길 49
[2026-06-15 18:05:00] 우편번호 검색 query=대구사수초등학교
[2026-06-15 18:05:08] 우편번호 검색 query=대구사수초등학교
[2026-06-15 18:05:09] 우편번호 입력 완료 zip=41492 addr=대구 북구 내곡로 124 (사수동, 사수초등학교)
[2026-06-15 18:05:10] 회원가입 제출 클릭 name=김승재 id=riverchill87s school=대구사수초등학교
[2026-06-15 18:05:11] 회원가입 알림 name=김승재 id=riverchill87s message=회원 가입하시겠습니까?
[2026-06-15 18:05:11] 회원가입 알림 name=김승재 id=riverchill87s message=회원 가입하시겠습니까?
[2026-06-15 18:05:12] 회원가입 알림 name=김승재 id=riverchill87s message=회원 가입하시겠습니까?
[2026-06-15 18:05:13] 회원가입 알림 name=김승재 id=riverchill87s message=회원 가입에 감사드립니다.
[2026-06-15 18:05:22] 회원가입 검증 완료 name=김승재 day=월수 dialogs=['회원 가입하시겠습니까?', '회원 가입하시겠습니까?', '회원 가입하시겠습니까?', '회원 가입에 감사드립니다.']
[2026-06-15 18:05:22] 수강신청 시도 1 name=김승재 id=riverchill87s
[2026-06-15 18:05:22] 수강신청 시작 name=김승재 sheet=BG day=월수
[2026-06-15 18:05:30] BG 과정 선택 완료 day=월수 course_id=3_29 label='' week_filter=False
[2026-06-15 18:05:30] 수강신청 요일 선택 완료 name=김승재 day=월수
[2026-06-15 18:05:32] 수강신청 1차 제출 완료 name=김승재
[2026-06-15 18:05:36] 수강신청 최종 제출 완료 name=김승재
김승재 신청 완료 / 총 54명, 오늘 54명 추가되었습니다.
[2026-06-15 18:05:37] 기록 저장 완료 name=김승재 total=54 today=54
[2026-06-15 18:05:39] 대상 완료 name=김승재 total=54/250 today=54/89
[2026-06-15 18:05:41] 다음 가입 예약: 2026-06-15 18:11:49까지 대기
[2026-06-15 18:11:49] 신규 대상 시작 plan={'sex': '여자', 'day': '화목'}
[2026-06-15 18:11:52] 회원가입 시도 1/4
[2026-06-15 18:11:52] 회원가입 시작 sheet=BG plan={'sex': '여자', 'day': '화목'}
[2026-06-15 18:11:57] 회원가입 폼 진입 완료
[2026-06-15 18:12:01] 우편번호 검색 query=대구 북구 연경중앙로 55
[2026-06-15 18:12:03] 우편번호 입력 완료 zip=41409 addr=대구 북구 연경중앙로 55 (연경동, 대구연경 연경숲)
[2026-06-15 18:12:04] 회원가입 제출 클릭 name=진희윤 id=riverrocketz693 school=대구연경초등학교
[2026-06-15 18:12:05] 회원가입 알림 name=진희윤 id=riverrocketz693 message=회원 가입하시겠습니까?
[2026-06-15 18:12:06] 회원가입 알림 name=진희윤 id=riverrocketz693 message=회원 가입에 감사드립니다.
[2026-06-15 18:12:16] 회원가입 검증 완료 name=진희윤 day=화목 dialogs=['회원 가입하시겠습니까?', '회원 가입에 감사드립니다.']
[2026-06-15 18:12:16] 수강신청 시도 1 name=진희윤 id=riverrocketz693
[2026-06-15 18:12:16] 수강신청 시작 name=진희윤 sheet=BG day=화목
[2026-06-15 18:12:23] BG 과정 선택 완료 day=화목 course_id=4_30 label='' week_filter=False
[2026-06-15 18:12:23] 수강신청 요일 선택 완료 name=진희윤 day=화목
[2026-06-15 18:12:25] 수강신청 1차 제출 완료 name=진희윤
[2026-06-15 18:12:29] 수강신청 최종 제출 완료 name=진희윤
진희윤 신청 완료 / 총 55명, 오늘 55명 추가되었습니다.
[2026-06-15 18:12:30] 기록 저장 완료 name=진희윤 total=55 today=55
[2026-06-15 18:12:32] 대상 완료 name=진희윤 total=55/250 today=55/89
[2026-06-15 18:12:34] 다음 가입 예약: 2026-06-15 18:17:07까지 대기
[2026-06-15 18:17:07] 신규 대상 시작 plan={'sex': '여자', 'day': '월수'}
[2026-06-15 18:17:10] 회원가입 시도 1/4
[2026-06-15 18:17:10] 회원가입 시작 sheet=BG plan={'sex': '여자', 'day': '월수'}
[2026-06-15 18:17:16] 회원가입 폼 진입 완료
[2026-06-15 18:17:18] 우편번호 검색 query=대구 북구 호암로 40
[2026-06-15 18:17:20] 우편번호 입력 완료 zip=41586 addr=대구 북구 호암로 40 (칠성동2가, 삼성아파트)
[2026-06-15 18:17:20] 회원가입 제출 클릭 name=박다예 id=blackpinkpln554 school=대구칠성초등학교
[2026-06-15 18:17:21] 회원가입 알림 name=박다예 id=blackpinkpln554 message=회원 가입하시겠습니까?
[2026-06-15 18:17:22] 회원가입 알림 name=박다예 id=blackpinkpln554 message=회원 가입에 감사드립니다.
[2026-06-15 18:17:31] 회원가입 검증 완료 name=박다예 day=월수 dialogs=['회원 가입하시겠습니까?', '회원 가입에 감사드립니다.']
[2026-06-15 18:17:31] 수강신청 시도 1 name=박다예 id=blackpinkpln554
[2026-06-15 18:17:31] 수강신청 시작 name=박다예 sheet=BG day=월수
[2026-06-15 18:17:39] BG 과정 선택 완료 day=월수 course_id=3_29 label='' week_filter=False
[2026-06-15 18:17:39] 수강신청 요일 선택 완료 name=박다예 day=월수
[2026-06-15 18:17:41] 수강신청 1차 제출 완료 name=박다예
[2026-06-15 18:17:44] 수강신청 최종 제출 완료 name=박다예
박다예 신청 완료 / 총 56명, 오늘 56명 추가되었습니다.
[2026-06-15 18:17:44] 기록 저장 완료 name=박다예 total=56 today=56
[2026-06-15 18:17:46] 대상 완료 name=박다예 total=56/250 today=56/89
[2026-06-15 18:17:48] 다음 가입 예약: 2026-06-15 18:20:06까지 대기
[2026-06-15 18:20:06] 신규 대상 시작 plan={'sex': '여자', 'day': '화목'}
[2026-06-15 18:20:10] 회원가입 시도 1/4
[2026-06-15 18:20:10] 회원가입 시작 sheet=BG plan={'sex': '여자', 'day': '화목'}
[2026-06-15 18:20:18] 회원가입 폼 진입 완료
[2026-06-15 18:20:20] 우편번호 검색 query=대구 북구 동변로 50
[2026-06-15 18:20:23] 우편번호 입력 완료 zip=41414 addr=대구 북구 동변로 50 (동변동, 유니버시아드선수촌)
[2026-06-15 18:20:25] 회원가입 제출 클릭 name=이하담 id=empathysciey166 school=대구동변초등학교
[2026-06-15 18:20:26] 회원가입 알림 name=이하담 id=empathysciey166 message=회원 가입하시겠습니까?
[2026-06-15 18:20:26] 회원가입 알림 name=이하담 id=empathysciey166 message=회원 가입에 감사드립니다.
[2026-06-15 18:20:36] 회원가입 검증 완료 name=이하담 day=화목 dialogs=['회원 가입하시겠습니까?', '회원 가입에 감사드립니다.']
[2026-06-15 18:20:36] 수강신청 시도 1 name=이하담 id=empathysciey166
[2026-06-15 18:20:36] 수강신청 시작 name=이하담 sheet=BG day=화목
[2026-06-15 18:20:43] BG 과정 선택 완료 day=화목 course_id=4_30 label='' week_filter=False
[2026-06-15 18:20:43] 수강신청 요일 선택 완료 name=이하담 day=화목
[2026-06-15 18:20:45] 수강신청 1차 제출 완료 name=이하담
[2026-06-15 18:20:49] 수강신청 최종 제출 완료 name=이하담
이하담 신청 완료 / 총 57명, 오늘 57명 추가되었습니다.
[2026-06-15 18:20:49] 기록 저장 완료 name=이하담 total=57 today=57
[2026-06-15 18:20:51] 대상 완료 name=이하담 total=57/250 today=57/89
[2026-06-15 18:20:53] 다음 가입 예약: 2026-06-15 18:25:01까지 대기
[2026-06-15 18:25:01] 신규 대상 시작 plan={'sex': '남자', 'day': '월수'}
[2026-06-15 18:25:03] 회원가입 시도 1/4
[2026-06-15 18:25:03] 회원가입 시작 sheet=BG plan={'sex': '남자', 'day': '월수'}
[2026-06-15 18:25:09] 회원가입 폼 진입 완료
[2026-06-15 18:25:12] 우편번호 검색 query=대구 북구 공항로 84
[2026-06-15 18:25:14] 우편번호 입력 완료 zip=41528 addr=대구 북구 공항로 84 (복현동, 복현우방타운)
[2026-06-15 18:25:14] 회원가입 제출 클릭 name=오태온 id=narutopersev47a school=대구복현초등학교
[2026-06-15 18:25:15] 회원가입 알림 name=오태온 id=narutopersev47a message=회원 가입하시겠습니까?
[2026-06-15 18:25:16] 회원가입 알림 name=오태온 id=narutopersev47a message=회원 가입에 감사드립니다.
[2026-06-15 18:25:26] 회원가입 검증 완료 name=오태온 day=월수 dialogs=['회원 가입하시겠습니까?', '회원 가입에 감사드립니다.']
[2026-06-15 18:25:26] 수강신청 시도 1 name=오태온 id=narutopersev47a
[2026-06-15 18:25:26] 수강신청 시작 name=오태온 sheet=BG day=월수
[2026-06-15 18:25:33] BG 과정 선택 완료 day=월수 course_id=3_29 label='' week_filter=False
[2026-06-15 18:25:33] 수강신청 요일 선택 완료 name=오태온 day=월수
[2026-06-15 18:25:35] 수강신청 1차 제출 완료 name=오태온
[2026-06-15 18:25:38] 수강신청 최종 제출 완료 name=오태온
오태온 신청 완료 / 총 58명, 오늘 58명 추가되었습니다.
[2026-06-15 18:25:39] 기록 저장 완료 name=오태온 total=58 today=58
[2026-06-15 18:25:40] 대상 완료 name=오태온 total=58/250 today=58/89
[2026-06-15 18:25:42] 다음 가입 예약: 2026-06-15 18:26:36까지 대기
[2026-06-15 18:26:36] 신규 대상 시작 plan={'sex': '여자', 'day': '월수'}
[2026-06-15 18:26:39] 회원가입 시도 1/4
[2026-06-15 18:26:39] 회원가입 시작 sheet=BG plan={'sex': '여자', 'day': '월수'}
[2026-06-15 18:26:44] 회원가입 폼 진입 완료
[2026-06-15 18:26:48] 우편번호 검색 query=대구 북구 동변로 55
[2026-06-15 18:26:49] 주소 지역 불일치 query=대구 북구 동변로 55 result=대구 군위군 군위읍 광현길 55
[2026-06-15 18:26:49] 우편번호 검색 query=대구 북구 동변로 55
[2026-06-15 18:26:49] 주소 지역 불일치 query=대구 북구 동변로 55 result=대구 군위군 군위읍 광현길 55
[2026-06-15 18:26:49] 우편번호 검색 query=대구동변초등학교
[2026-06-15 18:26:50] 우편번호 입력 완료 zip=41414 addr=대구 북구 동변로 55 (동변동, 대구동서변그린빌)
[2026-06-15 18:26:51] 회원가입 제출 클릭 name=김은수 id=supporterki6723 school=대구동변초등학교
[2026-06-15 18:26:51] 회원가입 알림 name=김은수 id=supporterki6723 message=회원 가입하시겠습니까?
[2026-06-15 18:26:52] 회원가입 알림 name=김은수 id=supporterki6723 message=회원 가입에 감사드립니다.
[2026-06-15 18:27:02] 회원가입 검증 완료 name=김은수 day=월수 dialogs=['회원 가입하시겠습니까?', '회원 가입에 감사드립니다.']
[2026-06-15 18:27:02] 수강신청 시도 1 name=김은수 id=supporterki6723
[2026-06-15 18:27:02] 수강신청 시작 name=김은수 sheet=BG day=월수
[2026-06-15 18:27:09] BG 과정 선택 완료 day=월수 course_id=3_29 label='' week_filter=False
[2026-06-15 18:27:09] 수강신청 요일 선택 완료 name=김은수 day=월수
[2026-06-15 18:27:11] 수강신청 1차 제출 완료 name=김은수
[2026-06-15 18:27:15] 수강신청 최종 제출 완료 name=김은수
김은수 신청 완료 / 총 59명, 오늘 59명 추가되었습니다.
[2026-06-15 18:27:15] 기록 저장 완료 name=김은수 total=59 today=59
[2026-06-15 18:27:17] 대상 완료 name=김은수 total=59/250 today=59/89
[2026-06-15 18:27:19] 다음 가입 예약: 2026-06-15 18:35:21까지 대기
[2026-06-15 18:35:21] 신규 대상 시작 plan={'sex': '남자', 'day': '월수'}
[2026-06-15 18:35:24] 회원가입 시도 1/4
[2026-06-15 18:35:24] 회원가입 시작 sheet=BG plan={'sex': '남자', 'day': '월수'}
[2026-06-15 18:35:30] 회원가입 폼 진입 완료
[2026-06-15 18:35:34] 우편번호 검색 query=대구 북구 동변로 50
[2026-06-15 18:35:35] 우편번호 입력 완료 zip=41414 addr=대구 북구 동변로 50 (동변동, 유니버시아드선수촌)
[2026-06-15 18:35:36] 회원가입 제출 클릭 name=석건호 id=mediatorboldq73 school=대구동변초등학교
[2026-06-15 18:35:36] 회원가입 알림 name=석건호 id=mediatorboldq73 message=회원 가입하시겠습니까?
[2026-06-15 18:35:37] 회원가입 알림 name=석건호 id=mediatorboldq73 message=회원 가입하시겠습니까?
[2026-06-15 18:35:37] 회원가입 알림 name=석건호 id=mediatorboldq73 message=회원 가입에 감사드립니다.
[2026-06-15 18:35:47] 회원가입 검증 완료 name=석건호 day=월수 dialogs=['회원 가입하시겠습니까?', '회원 가입하시겠습니까?', '회원 가입에 감사드립니다.']
[2026-06-15 18:35:47] 수강신청 시도 1 name=석건호 id=mediatorboldq73
[2026-06-15 18:35:47] 수강신청 시작 name=석건호 sheet=BG day=월수
[2026-06-15 18:35:54] BG 과정 선택 완료 day=월수 course_id=3_29 label='' week_filter=False
[2026-06-15 18:35:54] 수강신청 요일 선택 완료 name=석건호 day=월수
[2026-06-15 18:35:56] 수강신청 1차 제출 완료 name=석건호
[2026-06-15 18:35:59] 수강신청 최종 제출 완료 name=석건호
석건호 신청 완료 / 총 60명, 오늘 60명 추가되었습니다.
[2026-06-15 18:36:00] 기록 저장 완료 name=석건호 total=60 today=60
[2026-06-15 18:36:01] 대상 완료 name=석건호 total=60/250 today=60/89
[2026-06-15 18:36:03] 다음 가입 예약: 2026-06-15 18:39:26까지 대기
[2026-06-15 18:39:26] 신규 대상 시작 plan={'sex': '여자', 'day': '화목'}
[2026-06-15 18:39:28] 회원가입 시도 1/4
[2026-06-15 18:39:28] 회원가입 시작 sheet=BG plan={'sex': '여자', 'day': '화목'}
[2026-06-15 18:39:34] 회원가입 폼 진입 완료
[2026-06-15 18:39:36] 우편번호 검색 query=대구광역시 북구 국우동 1079
[2026-06-15 18:39:37] 주소 지역 불일치 query=대구광역시 북구 국우동 1079 result=대구 군위군 부계면 치산효령로 1079
[2026-06-15 18:39:37] 우편번호 검색 query=대구광역시 북구 국우동 1079
[2026-06-15 18:39:37] 주소 지역 불일치 query=대구광역시 북구 국우동 1079 result=대구 군위군 부계면 치산효령로 1079
[2026-06-15 18:39:37] 우편번호 검색 query=대구도남초등학교
[2026-06-15 18:39:38] 우편번호 입력 완료 zip=41420 addr=대구 북구 학정동로 7 (국우동, 부영아파트)
[2026-06-15 18:39:39] 회원가입 제출 클릭 name=정도영 id=explorationg281 school=대구도남초등학교
[2026-06-15 18:39:39] 회원가입 알림 name=정도영 id=explorationg281 message=회원 가입하시겠습니까?
[2026-06-15 18:39:40] 회원가입 알림 name=정도영 id=explorationg281 message=회원 가입에 감사드립니다.
[2026-06-15 18:39:50] 회원가입 검증 완료 name=정도영 day=화목 dialogs=['회원 가입하시겠습니까?', '회원 가입에 감사드립니다.']
[2026-06-15 18:39:50] 수강신청 시도 1 name=정도영 id=explorationg281
[2026-06-15 18:39:50] 수강신청 시작 name=정도영 sheet=BG day=화목
[2026-06-15 18:39:57] BG 과정 선택 완료 day=화목 course_id=4_30 label='' week_filter=False
[2026-06-15 18:39:57] 수강신청 요일 선택 완료 name=정도영 day=화목
[2026-06-15 18:39:59] 수강신청 1차 제출 완료 name=정도영
[2026-06-15 18:40:03] 수강신청 최종 제출 완료 name=정도영
정도영 신청 완료 / 총 61명, 오늘 61명 추가되었습니다.
[2026-06-15 18:40:03] 기록 저장 완료 name=정도영 total=61 today=61
[2026-06-15 18:40:05] 대상 완료 name=정도영 total=61/250 today=61/89
[2026-06-15 18:40:08] 다음 가입 예약: 2026-06-15 18:47:08까지 대기
[2026-06-15 18:47:08] 신규 대상 시작 plan={'sex': '남자', 'day': '월수'}
[2026-06-15 18:47:10] 회원가입 시도 1/4
[2026-06-15 18:47:10] 회원가입 시작 sheet=BG plan={'sex': '남자', 'day': '월수'}
[2026-06-15 18:47:16] 회원가입 폼 진입 완료
[2026-06-15 18:47:19] 우편번호 검색 query=대구 북구 동천로 156
[2026-06-15 18:47:20] 우편번호 입력 완료 zip=41421 addr=대구 북구 동천로 156 (동천동, 동화골든빌)
[2026-06-15 18:47:20] 회원가입 제출 클릭 name=김재민 id=periodtstar3953 school=대구동평초등학교
[2026-06-15 18:47:21] 회원가입 알림 name=김재민 id=periodtstar3953 message=회원 가입하시겠습니까?
[2026-06-15 18:47:22] 회원가입 알림 name=김재민 id=periodtstar3953 message=회원 가입에 감사드립니다.
[2026-06-15 18:47:32] 회원가입 검증 완료 name=김재민 day=월수 dialogs=['회원 가입하시겠습니까?', '회원 가입에 감사드립니다.']
[2026-06-15 18:47:32] 수강신청 시도 1 name=김재민 id=periodtstar3953
[2026-06-15 18:47:32] 수강신청 시작 name=김재민 sheet=BG day=월수
[2026-06-15 18:47:39] BG 과정 선택 완료 day=월수 course_id=3_29 label='' week_filter=False
[2026-06-15 18:47:39] 수강신청 요일 선택 완료 name=김재민 day=월수
[2026-06-15 18:47:41] 수강신청 1차 제출 완료 name=김재민
[2026-06-15 18:47:45] 수강신청 최종 제출 완료 name=김재민
김재민 신청 완료 / 총 62명, 오늘 62명 추가되었습니다.
[2026-06-15 18:47:45] 기록 저장 완료 name=김재민 total=62 today=62
[2026-06-15 18:47:46] 대상 완료 name=김재민 total=62/250 today=62/89
[2026-06-15 18:47:48] 다음 가입 예약: 2026-06-15 18:53:04까지 대기
[2026-06-15 18:53:04] 신규 대상 시작 plan={'sex': '남자', 'day': '월수'}
[2026-06-15 18:53:07] 회원가입 시도 1/4
[2026-06-15 18:53:07] 회원가입 시작 sheet=BG plan={'sex': '남자', 'day': '월수'}
[2026-06-15 18:53:12] 회원가입 폼 진입 완료
[2026-06-15 18:53:15] 우편번호 검색 query=대구 북구 동천로 156
[2026-06-15 18:53:16] 우편번호 입력 완료 zip=41421 addr=대구 북구 동천로 156 (동천동, 동화골든빌)
[2026-06-15 18:53:16] 회원가입 제출 클릭 name=이준석 id=prismexplor4832 school=대구동평초등학교
[2026-06-15 18:53:17] 회원가입 알림 name=이준석 id=prismexplor4832 message=회원 가입하시겠습니까?
[2026-06-15 18:53:18] 회원가입 알림 name=이준석 id=prismexplor4832 message=회원 가입에 감사드립니다.
[2026-06-15 18:53:27] 회원가입 검증 완료 name=이준석 day=월수 dialogs=['회원 가입하시겠습니까?', '회원 가입에 감사드립니다.']
[2026-06-15 18:53:27] 수강신청 시도 1 name=이준석 id=prismexplor4832
[2026-06-15 18:53:27] 수강신청 시작 name=이준석 sheet=BG day=월수
[2026-06-15 18:53:35] BG 과정 선택 완료 day=월수 course_id=3_29 label='' week_filter=False
[2026-06-15 18:53:35] 수강신청 요일 선택 완료 name=이준석 day=월수
[2026-06-15 18:53:36] 수강신청 1차 제출 완료 name=이준석
[2026-06-15 18:53:40] 수강신청 최종 제출 완료 name=이준석
이준석 신청 완료 / 총 63명, 오늘 63명 추가되었습니다.
[2026-06-15 18:53:41] 기록 저장 완료 name=이준석 total=63 today=63
[2026-06-15 18:53:42] 대상 완료 name=이준석 total=63/250 today=63/89
[2026-06-15 18:53:43] 다음 가입 예약: 2026-06-15 19:02:11까지 대기
[2026-06-15 19:02:11] 신규 대상 시작 plan={'sex': '남자', 'day': '월수'}
[2026-06-15 19:02:14] 회원가입 시도 1/4
[2026-06-15 19:02:14] 회원가입 시작 sheet=BG plan={'sex': '남자', 'day': '월수'}
[2026-06-15 19:02:21] 회원가입 폼 진입 완료
[2026-06-15 19:02:25] 우편번호 검색 query=대구 북구 대천로 101
[2026-06-15 19:02:27] 우편번호 입력 완료 zip=41427 addr=대구 북구 대천로 101 (동천동, 칠곡3차화성타운)
[2026-06-15 19:02:27] 회원가입 제출 클릭 name=강시환 id=resourcefulj480 school=대구동평초등학교
[2026-06-15 19:02:28] 회원가입 알림 name=강시환 id=resourcefulj480 message=회원 가입하시겠습니까?
[2026-06-15 19:02:28] 회원가입 알림 name=강시환 id=resourcefulj480 message=회원 가입에 감사드립니다.
[2026-06-15 19:02:38] 회원가입 검증 완료 name=강시환 day=월수 dialogs=['회원 가입하시겠습니까?', '회원 가입에 감사드립니다.']
[2026-06-15 19:02:38] 수강신청 시도 1 name=강시환 id=resourcefulj480
[2026-06-15 19:02:38] 수강신청 시작 name=강시환 sheet=BG day=월수
[2026-06-15 19:02:45] BG 과정 선택 완료 day=월수 course_id=3_29 label='' week_filter=False
[2026-06-15 19:02:45] 수강신청 요일 선택 완료 name=강시환 day=월수
[2026-06-15 19:02:47] 수강신청 1차 제출 완료 name=강시환
[2026-06-15 19:02:50] 수강신청 최종 제출 완료 name=강시환
강시환 신청 완료 / 총 64명, 오늘 64명 추가되었습니다.
[2026-06-15 19:02:51] 기록 저장 완료 name=강시환 total=64 today=64
[2026-06-15 19:02:52] 대상 완료 name=강시환 total=64/250 today=64/89
[2026-06-15 19:02:54] 다음 가입 예약: 2026-06-15 19:05:10까지 대기
[2026-06-15 19:05:10] 신규 대상 시작 plan={'sex': '남자', 'day': '월수'}
[2026-06-15 19:05:12] 회원가입 시도 1/4
[2026-06-15 19:05:12] 회원가입 시작 sheet=BG plan={'sex': '남자', 'day': '월수'}
[2026-06-15 19:05:18] 회원가입 폼 진입 완료
[2026-06-15 19:05:20] 우편번호 검색 query=대구 북구 도남길 148-51
[2026-06-15 19:05:21] 우편번호 입력 완료 zip=41408 addr=대구 북구 도남길 148-51 (도남동)
[2026-06-15 19:05:22] 회원가입 제출 클릭 name=송정민 id=learningsigr977 school=대구도남초등학교
[2026-06-15 19:05:23] 회원가입 알림 name=송정민 id=learningsigr977 message=회원 가입하시겠습니까?
[2026-06-15 19:05:23] 회원가입 알림 name=송정민 id=learningsigr977 message=회원 가입하시겠습니까?
[2026-06-15 19:05:24] 회원가입 알림 name=송정민 id=learningsigr977 message=회원 가입하시겠습니까?
[2026-06-15 19:05:24] 회원가입 알림 name=송정민 id=learningsigr977 message=회원 가입에 감사드립니다.
[2026-06-15 19:05:33] 회원가입 검증 완료 name=송정민 day=월수 dialogs=['회원 가입하시겠습니까?', '회원 가입하시겠습니까?', '회원 가입하시겠습니까?', '회원 가입에 감사드립니다.']
[2026-06-15 19:05:33] 수강신청 시도 1 name=송정민 id=learningsigr977
[2026-06-15 19:05:33] 수강신청 시작 name=송정민 sheet=BG day=월수
[2026-06-15 19:05:41] BG 과정 선택 완료 day=월수 course_id=3_29 label='' week_filter=False
[2026-06-15 19:05:41] 수강신청 요일 선택 완료 name=송정민 day=월수
[2026-06-15 19:05:43] 수강신청 1차 제출 완료 name=송정민
[2026-06-15 19:05:47] 수강신청 최종 제출 완료 name=송정민
송정민 신청 완료 / 총 65명, 오늘 65명 추가되었습니다.
[2026-06-15 19:05:48] 기록 저장 완료 name=송정민 total=65 today=65
[2026-06-15 19:05:49] 대상 완료 name=송정민 total=65/250 today=65/89
[2026-06-15 19:05:51] 다음 가입 예약: 2026-06-15 19:10:51까지 대기
[2026-06-15 19:10:51] 신규 대상 시작 plan={'sex': '여자', 'day': '화목'}
[2026-06-15 19:10:53] 회원가입 시도 1/4
[2026-06-15 19:10:53] 회원가입 시작 sheet=BG plan={'sex': '여자', 'day': '화목'}
[2026-06-15 19:10:59] 회원가입 폼 진입 완료
[2026-06-15 19:11:00] 우편번호 검색 query=대구 북구 매전로4길 9
[2026-06-15 19:11:02] 우편번호 입력 완료 zip=41487 addr=대구 북구 매전로4길 9 (매천동, 매천센트럴파크)
[2026-06-15 19:11:02] 회원가입 제출 클릭 name=이유미 id=epicorganize94z school=대구관문초등학교
[2026-06-15 19:11:03] 회원가입 알림 name=이유미 id=epicorganize94z message=회원 가입하시겠습니까?
[2026-06-15 19:11:04] 회원가입 알림 name=이유미 id=epicorganize94z message=회원 가입하시겠습니까?
[2026-06-15 19:11:04] 회원가입 알림 name=이유미 id=epicorganize94z message=회원 가입하시겠습니까?
[2026-06-15 19:11:05] 회원가입 알림 name=이유미 id=epicorganize94z message=회원 가입하시겠습니까?
[2026-06-15 19:11:05] 회원가입 알림 name=이유미 id=epicorganize94z message=회원 가입하시겠습니까?
[2026-06-15 19:11:06] 회원가입 알림 name=이유미 id=epicorganize94z message=회원 가입에 감사드립니다.
[2026-06-15 19:11:14] 회원가입 검증 완료 name=이유미 day=화목 dialogs=['회원 가입하시겠습니까?', '회원 가입하시겠습니까?', '회원 가입하시겠습니까?', '회원 가입하시겠습니까?', '회원 가입하시겠습니까?', '회원 가입에 감사드립니다.']
[2026-06-15 19:11:14] 수강신청 시도 1 name=이유미 id=epicorganize94z
[2026-06-15 19:11:14] 수강신청 시작 name=이유미 sheet=BG day=화목
[2026-06-15 19:11:21] BG 과정 선택 완료 day=화목 course_id=4_30 label='' week_filter=False
[2026-06-15 19:11:21] 수강신청 요일 선택 완료 name=이유미 day=화목
[2026-06-15 19:11:23] 수강신청 1차 제출 완료 name=이유미
[2026-06-15 19:11:26] 수강신청 최종 제출 완료 name=이유미
이유미 신청 완료 / 총 66명, 오늘 66명 추가되었습니다.
[2026-06-15 19:11:26] 기록 저장 완료 name=이유미 total=66 today=66
[2026-06-15 19:11:27] 대상 완료 name=이유미 total=66/250 today=66/89
[2026-06-15 19:11:29] 다음 가입 예약: 2026-06-15 19:13:37까지 대기
[2026-06-15 19:13:37] 신규 대상 시작 plan={'sex': '남자', 'day': '월수'}
[2026-06-15 19:13:39] 회원가입 시도 1/4
[2026-06-15 19:13:39] 회원가입 시작 sheet=BG plan={'sex': '남자', 'day': '월수'}
[2026-06-15 19:13:44] 회원가입 폼 진입 완료
[2026-06-15 19:13:46] 우편번호 검색 query=대구 북구 연경중앙로 55
[2026-06-15 19:13:47] 우편번호 입력 완료 zip=41409 addr=대구 북구 연경중앙로 55 (연경동, 대구연경 연경숲)
[2026-06-15 19:13:48] 회원가입 제출 클릭 name=주민건 id=mastersincer43c school=대구연경초등학교
[2026-06-15 19:13:48] 회원가입 알림 name=주민건 id=mastersincer43c message=회원 가입하시겠습니까?
[2026-06-15 19:13:49] 회원가입 알림 name=주민건 id=mastersincer43c message=회원 가입에 감사드립니다.
[2026-06-15 19:13:59] 회원가입 검증 완료 name=주민건 day=월수 dialogs=['회원 가입하시겠습니까?', '회원 가입에 감사드립니다.']
[2026-06-15 19:13:59] 수강신청 시도 1 name=주민건 id=mastersincer43c
[2026-06-15 19:13:59] 수강신청 시작 name=주민건 sheet=BG day=월수
[2026-06-15 19:14:06] BG 과정 선택 완료 day=월수 course_id=3_29 label='' week_filter=False
[2026-06-15 19:14:06] 수강신청 요일 선택 완료 name=주민건 day=월수
[2026-06-15 19:14:08] 수강신청 1차 제출 완료 name=주민건
[2026-06-15 19:14:12] 수강신청 최종 제출 완료 name=주민건
주민건 신청 완료 / 총 67명, 오늘 67명 추가되었습니다.
[2026-06-15 19:14:12] 기록 저장 완료 name=주민건 total=67 today=67
[2026-06-15 19:14:13] 대상 완료 name=주민건 total=67/250 today=67/89
[2026-06-15 19:14:16] 다음 가입 예약: 2026-06-15 19:20:49까지 대기
[2026-06-15 19:20:49] 신규 대상 시작 plan={'sex': '여자', 'day': '월수'}
[2026-06-15 19:20:51] 회원가입 시도 1/4
[2026-06-15 19:20:51] 회원가입 시작 sheet=BG plan={'sex': '여자', 'day': '월수'}
[2026-06-15 19:20:57] 회원가입 폼 진입 완료
[2026-06-15 19:20:59] 우편번호 검색 query=대구 북구 동변로 50
[2026-06-15 19:21:00] 우편번호 입력 완료 zip=41414 addr=대구 북구 동변로 50 (동변동, 유니버시아드선수촌)
[2026-06-15 19:21:00] 회원가입 제출 클릭 name=고미나 id=minecraftpas88c school=대구동변초등학교
[2026-06-15 19:21:01] 회원가입 알림 name=고미나 id=minecraftpas88c message=회원 가입하시겠습니까?
[2026-06-15 19:21:02] 회원가입 알림 name=고미나 id=minecraftpas88c message=회원 가입에 감사드립니다.
[2026-06-15 19:21:13] 회원가입 검증 완료 name=고미나 day=월수 dialogs=['회원 가입하시겠습니까?', '회원 가입에 감사드립니다.']
[2026-06-15 19:21:13] 수강신청 시도 1 name=고미나 id=minecraftpas88c
[2026-06-15 19:21:13] 수강신청 시작 name=고미나 sheet=BG day=월수
[2026-06-15 19:21:20] BG 과정 선택 완료 day=월수 course_id=3_29 label='' week_filter=False
[2026-06-15 19:21:20] 수강신청 요일 선택 완료 name=고미나 day=월수
[2026-06-15 19:21:22] 수강신청 1차 제출 완료 name=고미나
[2026-06-15 19:21:25] 수강신청 최종 제출 완료 name=고미나
고미나 신청 완료 / 총 68명, 오늘 68명 추가되었습니다.
[2026-06-15 19:21:26] 기록 저장 완료 name=고미나 total=68 today=68
[2026-06-15 19:21:27] 대상 완료 name=고미나 total=68/250 today=68/89
[2026-06-15 19:21:29] 다음 가입 예약: 2026-06-15 19:21:39까지 대기
[2026-06-15 19:21:39] 신규 대상 시작 plan={'sex': '남자', 'day': '화목'}
[2026-06-15 19:21:42] 회원가입 시도 1/4
[2026-06-15 19:21:42] 회원가입 시작 sheet=BG plan={'sex': '남자', 'day': '화목'}
[2026-06-15 19:21:47] 회원가입 폼 진입 완료
[2026-06-15 19:21:50] 우편번호 검색 query=대구 북구 도남길 148-51
[2026-06-15 19:21:52] 우편번호 입력 완료 zip=41408 addr=대구 북구 도남길 148-51 (도남동)
[2026-06-15 19:21:53] 회원가입 제출 클릭 name=박태영 id=nicemint88m school=대구도남초등학교
[2026-06-15 19:21:54] 회원가입 알림 name=박태영 id=nicemint88m message=회원 가입하시겠습니까?
[2026-06-15 19:21:55] 회원가입 알림 name=박태영 id=nicemint88m message=회원 가입에 감사드립니다.
[2026-06-15 19:22:04] 회원가입 검증 완료 name=박태영 day=화목 dialogs=['회원 가입하시겠습니까?', '회원 가입에 감사드립니다.']
[2026-06-15 19:22:04] 수강신청 시도 1 name=박태영 id=nicemint88m
[2026-06-15 19:22:04] 수강신청 시작 name=박태영 sheet=BG day=화목
[2026-06-15 19:22:11] BG 과정 선택 완료 day=화목 course_id=4_30 label='' week_filter=False
[2026-06-15 19:22:11] 수강신청 요일 선택 완료 name=박태영 day=화목
[2026-06-15 19:22:13] 수강신청 1차 제출 완료 name=박태영
[2026-06-15 19:22:17] 수강신청 최종 제출 완료 name=박태영
박태영 신청 완료 / 총 69명, 오늘 69명 추가되었습니다.
[2026-06-15 19:22:18] 기록 저장 완료 name=박태영 total=69 today=69
[2026-06-15 19:22:20] 대상 완료 name=박태영 total=69/250 today=69/89
[2026-06-15 19:22:22] 다음 가입 예약: 2026-06-15 19:30:18까지 대기
[2026-06-15 19:30:18] 신규 대상 시작 plan={'sex': '여자', 'day': '월수'}
[2026-06-15 19:30:22] 회원가입 시도 1/4
[2026-06-15 19:30:22] 회원가입 시작 sheet=BG plan={'sex': '여자', 'day': '월수'}
[2026-06-15 19:30:28] 회원가입 폼 진입 완료
[2026-06-15 19:30:32] 우편번호 검색 query=대구 북구 동변로 50
[2026-06-15 19:30:33] 우편번호 입력 완료 zip=41414 addr=대구 북구 동변로 50 (동변동, 유니버시아드선수촌)
[2026-06-15 19:30:34] 회원가입 제출 클릭 name=백서유 id=youtubecooki74u school=대구동변초등학교
[2026-06-15 19:30:34] 회원가입 알림 name=백서유 id=youtubecooki74u message=회원 가입하시겠습니까?
[2026-06-15 19:30:35] 회원가입 알림 name=백서유 id=youtubecooki74u message=회원 가입에 감사드립니다.
[2026-06-15 19:30:45] 회원가입 검증 완료 name=백서유 day=월수 dialogs=['회원 가입하시겠습니까?', '회원 가입에 감사드립니다.']
[2026-06-15 19:30:45] 수강신청 시도 1 name=백서유 id=youtubecooki74u
[2026-06-15 19:30:45] 수강신청 시작 name=백서유 sheet=BG day=월수
[2026-06-15 19:30:52] BG 과정 선택 완료 day=월수 course_id=3_29 label='' week_filter=False
[2026-06-15 19:30:52] 수강신청 요일 선택 완료 name=백서유 day=월수
[2026-06-15 19:30:54] 수강신청 1차 제출 완료 name=백서유
[2026-06-15 19:30:58] 수강신청 최종 제출 완료 name=백서유
백서유 신청 완료 / 총 70명, 오늘 70명 추가되었습니다.
[2026-06-15 19:30:58] 기록 저장 완료 name=백서유 total=70 today=70
[2026-06-15 19:30:59] 대상 완료 name=백서유 total=70/250 today=70/89
[2026-06-15 19:31:01] 다음 가입 예약: 2026-06-15 19:32:44까지 대기
[2026-06-15 19:32:44] 신규 대상 시작 plan={'sex': '여자', 'day': '월수'}
[2026-06-15 19:32:46] 회원가입 시도 1/4
[2026-06-15 19:32:46] 회원가입 시작 sheet=BG plan={'sex': '여자', 'day': '월수'}
[2026-06-15 19:32:51] 회원가입 폼 진입 완료
[2026-06-15 19:32:53] 우편번호 검색 query=대구 북구 학정동로 40
[2026-06-15 19:32:54] 우편번호 입력 완료 zip=41417 addr=대구 북구 학정동로 40 (학정동, 칠곡2차 한라하우젠트)
[2026-06-15 19:32:55] 회원가입 제출 클릭 name=이시영 id=basicultra4200 school=대구칠곡초등학교
[2026-06-15 19:32:56] 회원가입 알림 name=이시영 id=basicultra4200 message=회원 가입하시겠습니까?
[2026-06-15 19:32:56] 회원가입 알림 name=이시영 id=basicultra4200 message=회원 가입에 감사드립니다.
[2026-06-15 19:33:06] 회원가입 검증 완료 name=이시영 day=월수 dialogs=['회원 가입하시겠습니까?', '회원 가입에 감사드립니다.']
[2026-06-15 19:33:06] 수강신청 시도 1 name=이시영 id=basicultra4200
[2026-06-15 19:33:06] 수강신청 시작 name=이시영 sheet=BG day=월수
[2026-06-15 19:33:13] BG 과정 선택 완료 day=월수 course_id=3_29 label='' week_filter=False
[2026-06-15 19:33:13] 수강신청 요일 선택 완료 name=이시영 day=월수
[2026-06-15 19:33:15] 수강신청 1차 제출 완료 name=이시영
[2026-06-15 19:33:18] 수강신청 최종 제출 완료 name=이시영
이시영 신청 완료 / 총 71명, 오늘 71명 추가되었습니다.
[2026-06-15 19:33:19] 기록 저장 완료 name=이시영 total=71 today=71
[2026-06-15 19:33:20] 대상 완료 name=이시영 total=71/250 today=71/89
[2026-06-15 19:33:22] 다음 가입 예약: 2026-06-15 19:35:17까지 대기
[2026-06-15 19:35:17] 신규 대상 시작 plan={'sex': '남자', 'day': '월수'}
[2026-06-15 19:35:19] 회원가입 시도 1/4
[2026-06-15 19:35:19] 회원가입 시작 sheet=BG plan={'sex': '남자', 'day': '월수'}
[2026-06-15 19:35:25] 회원가입 폼 진입 완료
[2026-06-15 19:35:28] 우편번호 검색 query=대구 북구 학정로110길 29
[2026-06-15 19:35:29] 우편번호 입력 완료 zip=41415 addr=대구 북구 학정로110길 29 (학정동, 학정청아람)
[2026-06-15 19:35:30] 회원가입 제출 클릭 name=박현빈 id=entrepreneuq911 school=대구학정초등학교
[2026-06-15 19:35:30] 회원가입 알림 name=박현빈 id=entrepreneuq911 message=회원 가입하시겠습니까?
[2026-06-15 19:35:31] 회원가입 알림 name=박현빈 id=entrepreneuq911 message=회원 가입에 감사드립니다.
[2026-06-15 19:35:40] 회원가입 검증 완료 name=박현빈 day=월수 dialogs=['회원 가입하시겠습니까?', '회원 가입에 감사드립니다.']
[2026-06-15 19:35:40] 수강신청 시도 1 name=박현빈 id=entrepreneuq911
[2026-06-15 19:35:40] 수강신청 시작 name=박현빈 sheet=BG day=월수
[2026-06-15 19:35:47] BG 과정 선택 완료 day=월수 course_id=3_29 label='' week_filter=False
[2026-06-15 19:35:47] 수강신청 요일 선택 완료 name=박현빈 day=월수
[2026-06-15 19:35:49] 수강신청 1차 제출 완료 name=박현빈
[2026-06-15 19:35:53] 수강신청 최종 제출 완료 name=박현빈
박현빈 신청 완료 / 총 72명, 오늘 72명 추가되었습니다.
[2026-06-15 19:35:53] 기록 저장 완료 name=박현빈 total=72 today=72
[2026-06-15 19:35:55] 대상 완료 name=박현빈 total=72/250 today=72/89
[2026-06-15 19:35:56] 다음 가입 예약: 2026-06-15 19:40:59까지 대기
[2026-06-15 19:40:59] 신규 대상 시작 plan={'sex': '여자', 'day': '월수'}
[2026-06-15 19:41:01] 회원가입 시도 1/4
[2026-06-15 19:41:01] 회원가입 시작 sheet=BG plan={'sex': '여자', 'day': '월수'}
[2026-06-15 19:41:06] 회원가입 폼 진입 완료
[2026-06-15 19:41:08] 우편번호 검색 query=대구 동구 동화천로 369
[2026-06-15 19:41:09] 주소 지역 불일치 query=대구 동구 동화천로 369 result=대구 동구 동화천로 369 (대구 연경 아이파크)
[2026-06-15 19:41:09] 우편번호 검색 query=대구 동구 동화천로 369
[2026-06-15 19:41:09] 주소 지역 불일치 query=대구 동구 동화천로 369 result=대구 동구 동화천로 369 (대구 연경 아이파크)
[2026-06-15 19:41:09] 우편번호 검색 query=대구연경초등학교
[2026-06-15 19:41:09] 주소 지역 불일치 query=대구연경초등학교 result=대구 동구 동화천로 369 (대구 연경 아이파크)
[2026-06-15 19:41:10] 우편번호 검색 query=대구연경초등학교
[2026-06-15 19:41:10] 주소 지역 불일치 query=대구연경초등학교 result=대구 동구 동화천로 369 (대구 연경 아이파크)
[2026-06-15 19:41:10] 회원가입 실패 try=1 error=RuntimeError("우편번호/주소 입력 실패 queries=['대구 동구 동화천로 369', '대구연경초등학교'] required=북구 last_error=주소 지역 불일치 query=대구연경초등학교 result=대구 동구 동화천로 369 (대구 연경 아이파크)")
[2026-06-15 19:41:10] 회원가입 시도 2/4
[2026-06-15 19:41:10] 회원가입 시작 sheet=BG plan={'sex': '여자', 'day': '월수'}
[2026-06-15 19:41:13] 회원가입 폼 진입 완료
[2026-06-15 19:41:15] 우편번호 검색 query=대구 북구 한강로 17
[2026-06-15 19:41:16] 우편번호 입력 완료 zip=41599 addr=대구 북구 한강로 17 (사수동, 금호서한이다음)
[2026-06-15 19:41:17] 회원가입 제출 클릭 name=장수하 id=producerslo6883 school=대구사수초등학교
[2026-06-15 19:41:18] 회원가입 알림 name=장수하 id=producerslo6883 message=회원 가입하시겠습니까?
[2026-06-15 19:41:19] 회원가입 알림 name=장수하 id=producerslo6883 message=회원 가입에 감사드립니다.
[2026-06-15 19:41:28] 회원가입 검증 완료 name=장수하 day=월수 dialogs=['회원 가입하시겠습니까?', '회원 가입에 감사드립니다.']
[2026-06-15 19:41:28] 수강신청 시도 1 name=장수하 id=producerslo6883
[2026-06-15 19:41:28] 수강신청 시작 name=장수하 sheet=BG day=월수
[2026-06-15 19:41:35] BG 과정 선택 완료 day=월수 course_id=3_29 label='' week_filter=False
[2026-06-15 19:41:35] 수강신청 요일 선택 완료 name=장수하 day=월수
[2026-06-15 19:41:37] 수강신청 1차 제출 완료 name=장수하
[2026-06-15 19:41:41] 수강신청 최종 제출 완료 name=장수하
장수하 신청 완료 / 총 73명, 오늘 73명 추가되었습니다.
[2026-06-15 19:41:41] 기록 저장 완료 name=장수하 total=73 today=73
[2026-06-15 19:41:42] 대상 완료 name=장수하 total=73/250 today=73/89
[2026-06-15 19:41:44] 다음 가입 예약: 2026-06-15 19:43:24까지 대기
[2026-06-15 19:43:24] 신규 대상 시작 plan={'sex': '남자', 'day': '화목'}
[2026-06-15 19:43:26] 회원가입 시도 1/4
[2026-06-15 19:43:26] 회원가입 시작 sheet=BG plan={'sex': '남자', 'day': '화목'}
[2026-06-15 19:43:31] 회원가입 폼 진입 완료
[2026-06-15 19:43:33] 우편번호 검색 query=대구 북구 학남로 100
[2026-06-15 19:43:34] 우편번호 입력 완료 zip=41420 addr=대구 북구 학남로 100 (국우동, 칠곡그린빌 5,6단지)
[2026-06-15 19:43:35] 회원가입 제출 클릭 name=박민결 id=alphaaceking26j school=대구학남초등학교
[2026-06-15 19:43:36] 회원가입 알림 name=박민결 id=alphaaceking26j message=회원 가입하시겠습니까?
[2026-06-15 19:43:36] 회원가입 알림 name=박민결 id=alphaaceking26j message=회원 가입에 감사드립니다.
[2026-06-15 19:43:46] 회원가입 검증 완료 name=박민결 day=화목 dialogs=['회원 가입하시겠습니까?', '회원 가입에 감사드립니다.']
[2026-06-15 19:43:46] 수강신청 시도 1 name=박민결 id=alphaaceking26j
[2026-06-15 19:43:46] 수강신청 시작 name=박민결 sheet=BG day=화목
[2026-06-15 19:43:53] BG 과정 선택 완료 day=화목 course_id=4_30 label='' week_filter=False
[2026-06-15 19:43:53] 수강신청 요일 선택 완료 name=박민결 day=화목
[2026-06-15 19:43:55] 수강신청 1차 제출 완료 name=박민결
[2026-06-15 19:43:58] 수강신청 최종 제출 완료 name=박민결
박민결 신청 완료 / 총 74명, 오늘 74명 추가되었습니다.
[2026-06-15 19:43:59] 기록 저장 완료 name=박민결 total=74 today=74
[2026-06-15 19:44:00] 대상 완료 name=박민결 total=74/250 today=74/89
[2026-06-15 19:44:02] 다음 가입 예약: 2026-06-15 19:48:00까지 대기
[2026-06-15 19:48:00] 신규 대상 시작 plan={'sex': '남자', 'day': '월수'}
[2026-06-15 19:48:02] 회원가입 시도 1/4
[2026-06-15 19:48:02] 회원가입 시작 sheet=BG plan={'sex': '남자', 'day': '월수'}
[2026-06-15 19:48:09] 회원가입 폼 진입 완료
[2026-06-15 19:48:13] 우편번호 검색 query=대구 북구 구리로 254
[2026-06-15 19:48:14] 우편번호 입력 완료 zip=41418 addr=대구 북구 구리로 254 (국우동, 칠곡현대아파트)
[2026-06-15 19:48:15] 회원가입 제출 클릭 name=이상윤 id=adventurerse22q school=대구도남초등학교
[2026-06-15 19:48:16] 회원가입 알림 name=이상윤 id=adventurerse22q message=회원 가입하시겠습니까?
[2026-06-15 19:48:16] 회원가입 알림 name=이상윤 id=adventurerse22q message=회원 가입에 감사드립니다.
[2026-06-15 19:48:26] 회원가입 검증 완료 name=이상윤 day=월수 dialogs=['회원 가입하시겠습니까?', '회원 가입에 감사드립니다.']
[2026-06-15 19:48:26] 수강신청 시도 1 name=이상윤 id=adventurerse22q
[2026-06-15 19:48:26] 수강신청 시작 name=이상윤 sheet=BG day=월수
[2026-06-15 19:48:34] BG 과정 선택 완료 day=월수 course_id=3_29 label='' week_filter=False
[2026-06-15 19:48:34] 수강신청 요일 선택 완료 name=이상윤 day=월수
[2026-06-15 19:48:36] 수강신청 1차 제출 완료 name=이상윤
[2026-06-15 19:48:39] 수강신청 최종 제출 완료 name=이상윤
이상윤 신청 완료 / 총 75명, 오늘 75명 추가되었습니다.
[2026-06-15 19:48:40] 기록 저장 완료 name=이상윤 total=75 today=75
[2026-06-15 19:48:41] 대상 완료 name=이상윤 total=75/250 today=75/89
[2026-06-15 19:48:43] 다음 가입 예약: 2026-06-15 19:54:19까지 대기
[2026-06-15 19:54:19] 신규 대상 시작 plan={'sex': '여자', 'day': '화목'}
[2026-06-15 19:54:21] 회원가입 시도 1/4
[2026-06-15 19:54:21] 회원가입 시작 sheet=BG plan={'sex': '여자', 'day': '화목'}
[2026-06-15 19:54:26] 회원가입 폼 진입 완료
[2026-06-15 19:54:29] 우편번호 검색 query=대구광역시 북구 국우동 1079
[2026-06-15 19:54:30] 우편번호 입력 완료 zip=41420 addr=대구 북구 학정동로 7 (국우동, 부영아파트)
[2026-06-15 19:54:31] 회원가입 제출 클릭 name=전서이 id=energeticvir674 school=대구도남초등학교
[2026-06-15 19:54:32] 회원가입 알림 name=전서이 id=energeticvir674 message=회원 가입하시겠습니까?
[2026-06-15 19:54:32] 회원가입 알림 name=전서이 id=energeticvir674 message=회원 가입하시겠습니까?
[2026-06-15 19:54:32] 회원가입 알림 name=전서이 id=energeticvir674 message=회원 가입에 감사드립니다.
[2026-06-15 19:54:42] 회원가입 검증 완료 name=전서이 day=화목 dialogs=['회원 가입하시겠습니까?', '회원 가입하시겠습니까?', '회원 가입에 감사드립니다.']
[2026-06-15 19:54:42] 수강신청 시도 1 name=전서이 id=energeticvir674
[2026-06-15 19:54:42] 수강신청 시작 name=전서이 sheet=BG day=화목
[2026-06-15 19:54:49] BG 과정 선택 완료 day=화목 course_id=4_30 label='' week_filter=False
[2026-06-15 19:54:49] 수강신청 요일 선택 완료 name=전서이 day=화목
[2026-06-15 19:54:51] 수강신청 1차 제출 완료 name=전서이
[2026-06-15 19:54:54] 수강신청 최종 제출 완료 name=전서이
전서이 신청 완료 / 총 76명, 오늘 76명 추가되었습니다.
[2026-06-15 19:54:55] 기록 저장 완료 name=전서이 total=76 today=76
[2026-06-15 19:54:56] 대상 완료 name=전서이 total=76/250 today=76/89
[2026-06-15 19:54:57] 다음 가입 예약: 2026-06-15 20:01:27까지 대기
[2026-06-15 20:01:27] 신규 대상 시작 plan={'sex': '여자', 'day': '월수'}
[2026-06-15 20:01:29] 회원가입 시도 1/4
[2026-06-15 20:01:29] 회원가입 시작 sheet=BG plan={'sex': '여자', 'day': '월수'}
[2026-06-15 20:01:34] 회원가입 폼 진입 완료
[2026-06-15 20:01:36] 우편번호 검색 query=대구 북구 한강로 17
[2026-06-15 20:01:37] 우편번호 입력 완료 zip=41599 addr=대구 북구 한강로 17 (사수동, 금호서한이다음)
[2026-06-15 20:01:38] 회원가입 제출 클릭 name=박설아 id=cloudstudio48t school=대구사수초등학교
[2026-06-15 20:01:38] 회원가입 알림 name=박설아 id=cloudstudio48t message=회원 가입하시겠습니까?
[2026-06-15 20:01:39] 회원가입 알림 name=박설아 id=cloudstudio48t message=회원 가입하시겠습니까?
[2026-06-15 20:01:40] 회원가입 알림 name=박설아 id=cloudstudio48t message=회원 가입에 감사드립니다.
[2026-06-15 20:01:50] 회원가입 검증 완료 name=박설아 day=월수 dialogs=['회원 가입하시겠습니까?', '회원 가입하시겠습니까?', '회원 가입에 감사드립니다.']
[2026-06-15 20:01:50] 수강신청 시도 1 name=박설아 id=cloudstudio48t
[2026-06-15 20:01:50] 수강신청 시작 name=박설아 sheet=BG day=월수
[2026-06-15 20:01:57] BG 과정 선택 완료 day=월수 course_id=3_29 label='' week_filter=False
[2026-06-15 20:01:57] 수강신청 요일 선택 완료 name=박설아 day=월수
[2026-06-15 20:01:59] 수강신청 1차 제출 완료 name=박설아
[2026-06-15 20:02:02] 수강신청 최종 제출 완료 name=박설아
박설아 신청 완료 / 총 77명, 오늘 77명 추가되었습니다.
[2026-06-15 20:02:03] 기록 저장 완료 name=박설아 total=77 today=77
[2026-06-15 20:02:04] 대상 완료 name=박설아 total=77/250 today=77/89
[2026-06-15 20:02:07] 다음 가입 예약: 2026-06-15 20:05:47까지 대기
[2026-06-15 20:05:47] 신규 대상 시작 plan={'sex': '남자', 'day': '월수'}
[2026-06-15 20:05:49] 회원가입 시도 1/4
[2026-06-15 20:05:49] 회원가입 시작 sheet=BG plan={'sex': '남자', 'day': '월수'}
[2026-06-15 20:05:55] 회원가입 폼 진입 완료
[2026-06-15 20:05:57] 우편번호 검색 query=대구 북구 국우동 1079
[2026-06-15 20:05:58] 우편번호 입력 완료 zip=41420 addr=대구 북구 학정동로 7 (국우동, 부영아파트)
[2026-06-15 20:05:58] 회원가입 제출 클릭 name=송도한 id=contributor1219 school=대구학정초등학교
[2026-06-15 20:05:59] 회원가입 알림 name=송도한 id=contributor1219 message=회원 가입하시겠습니까?
[2026-06-15 20:06:00] 회원가입 알림 name=송도한 id=contributor1219 message=회원 가입하시겠습니까?
[2026-06-15 20:06:00] 회원가입 알림 name=송도한 id=contributor1219 message=회원 가입하시겠습니까?
[2026-06-15 20:06:01] 회원가입 알림 name=송도한 id=contributor1219 message=회원 가입에 감사드립니다.
[2026-06-15 20:06:10] 회원가입 검증 완료 name=송도한 day=월수 dialogs=['회원 가입하시겠습니까?', '회원 가입하시겠습니까?', '회원 가입하시겠습니까?', '회원 가입에 감사드립니다.']
[2026-06-15 20:06:10] 수강신청 시도 1 name=송도한 id=contributor1219
[2026-06-15 20:06:10] 수강신청 시작 name=송도한 sheet=BG day=월수
[2026-06-15 20:06:18] BG 과정 선택 완료 day=월수 course_id=3_29 label='' week_filter=False
[2026-06-15 20:06:18] 수강신청 요일 선택 완료 name=송도한 day=월수
[2026-06-15 20:06:20] 수강신청 1차 제출 완료 name=송도한
[2026-06-15 20:06:24] 수강신청 최종 제출 완료 name=송도한
송도한 신청 완료 / 총 78명, 오늘 78명 추가되었습니다.
[2026-06-15 20:06:25] 기록 저장 완료 name=송도한 total=78 today=78
[2026-06-15 20:06:26] 대상 완료 name=송도한 total=78/250 today=78/89
[2026-06-15 20:06:28] 다음 가입 예약: 2026-06-15 20:08:06까지 대기
[2026-06-15 20:08:06] 신규 대상 시작 plan={'sex': '남자', 'day': '월수'}
[2026-06-15 20:08:09] 회원가입 시도 1/4
[2026-06-15 20:08:09] 회원가입 시작 sheet=BG plan={'sex': '남자', 'day': '월수'}
[2026-06-15 20:08:16] 회원가입 폼 진입 완료
[2026-06-15 20:08:19] 우편번호 검색 query=대구 북구 구암서로 41
[2026-06-15 20:08:20] 우편번호 입력 완료 zip=41425 addr=대구 북구 구암서로 41 (구암동, 그린빌3차)
[2026-06-15 20:08:21] 회원가입 제출 클릭 name=신채운 id=mediatorgrat45r school=대구칠곡초등학교
[2026-06-15 20:08:22] 회원가입 알림 name=신채운 id=mediatorgrat45r message=회원 가입하시겠습니까?
[2026-06-15 20:08:23] 회원가입 알림 name=신채운 id=mediatorgrat45r message=회원 가입에 감사드립니다.
[2026-06-15 20:08:33] 회원가입 검증 완료 name=신채운 day=월수 dialogs=['회원 가입하시겠습니까?', '회원 가입에 감사드립니다.']
[2026-06-15 20:08:33] 수강신청 시도 1 name=신채운 id=mediatorgrat45r
[2026-06-15 20:08:33] 수강신청 시작 name=신채운 sheet=BG day=월수
[2026-06-15 20:08:40] BG 과정 선택 완료 day=월수 course_id=3_29 label='' week_filter=False
[2026-06-15 20:08:40] 수강신청 요일 선택 완료 name=신채운 day=월수
[2026-06-15 20:08:42] 수강신청 1차 제출 완료 name=신채운
[2026-06-15 20:08:45] 수강신청 최종 제출 완료 name=신채운
신채운 신청 완료 / 총 79명, 오늘 79명 추가되었습니다.
[2026-06-15 20:08:46] 기록 저장 완료 name=신채운 total=79 today=79
[2026-06-15 20:08:47] 대상 완료 name=신채운 total=79/250 today=79/89
[2026-06-15 20:08:48] 다음 가입 예약: 2026-06-15 20:14:54까지 대기
[2026-06-15 20:14:54] 신규 대상 시작 plan={'sex': '여자', 'day': '화목'}
[2026-06-15 20:14:56] 회원가입 시도 1/4
[2026-06-15 20:14:56] 회원가입 시작 sheet=BG plan={'sex': '여자', 'day': '화목'}
[2026-06-15 20:15:01] 회원가입 폼 진입 완료
[2026-06-15 20:15:03] 우편번호 검색 query=대구 북구 학정동로 40
[2026-06-15 20:15:04] 우편번호 입력 완료 zip=41417 addr=대구 북구 학정동로 40 (학정동, 칠곡2차 한라하우젠트)
[2026-06-15 20:15:05] 회원가입 제출 클릭 name=황시은 id=persistentcr63g school=대구학정초등학교
[2026-06-15 20:15:06] 회원가입 알림 name=황시은 id=persistentcr63g message=회원 가입하시겠습니까?
[2026-06-15 20:15:07] 회원가입 알림 name=황시은 id=persistentcr63g message=회원 가입에 감사드립니다.
[2026-06-15 20:15:16] 회원가입 검증 완료 name=황시은 day=화목 dialogs=['회원 가입하시겠습니까?', '회원 가입에 감사드립니다.']
[2026-06-15 20:15:16] 수강신청 시도 1 name=황시은 id=persistentcr63g
[2026-06-15 20:15:16] 수강신청 시작 name=황시은 sheet=BG day=화목
[2026-06-15 20:15:23] BG 과정 선택 완료 day=화목 course_id=4_30 label='' week_filter=False
[2026-06-15 20:15:23] 수강신청 요일 선택 완료 name=황시은 day=화목
[2026-06-15 20:15:25] 수강신청 1차 제출 완료 name=황시은
[2026-06-15 20:15:29] 수강신청 최종 제출 완료 name=황시은
황시은 신청 완료 / 총 80명, 오늘 80명 추가되었습니다.
[2026-06-15 20:15:29] 기록 저장 완료 name=황시은 total=80 today=80
[2026-06-15 20:15:30] 대상 완료 name=황시은 total=80/250 today=80/89
[2026-06-15 20:15:32] 다음 가입 예약: 2026-06-15 20:16:26까지 대기
[2026-06-15 20:16:26] 신규 대상 시작 plan={'sex': '여자', 'day': '월수'}
[2026-06-15 20:16:28] 회원가입 시도 1/4
[2026-06-15 20:16:28] 회원가입 시작 sheet=BG plan={'sex': '여자', 'day': '월수'}
[2026-06-15 20:16:33] 회원가입 폼 진입 완료
[2026-06-15 20:16:35] 우편번호 검색 query=대구 북구 한강로 17
[2026-06-15 20:16:36] 우편번호 입력 완료 zip=41599 addr=대구 북구 한강로 17 (사수동, 금호서한이다음)
[2026-06-15 20:16:37] 회원가입 제출 클릭 name=이초은 id=entrepreneur84p school=대구삼영초등학교
[2026-06-15 20:16:37] 회원가입 알림 name=이초은 id=entrepreneur84p message=회원 가입하시겠습니까?
[2026-06-15 20:16:38] 회원가입 알림 name=이초은 id=entrepreneur84p message=회원 가입에 감사드립니다.
[2026-06-15 20:16:48] 회원가입 검증 완료 name=이초은 day=월수 dialogs=['회원 가입하시겠습니까?', '회원 가입에 감사드립니다.']
[2026-06-15 20:16:48] 수강신청 시도 1 name=이초은 id=entrepreneur84p
[2026-06-15 20:16:48] 수강신청 시작 name=이초은 sheet=BG day=월수
[2026-06-15 20:16:55] BG 과정 선택 완료 day=월수 course_id=3_29 label='' week_filter=False
[2026-06-15 20:16:55] 수강신청 요일 선택 완료 name=이초은 day=월수
[2026-06-15 20:16:57] 수강신청 1차 제출 완료 name=이초은
[2026-06-15 20:17:00] 수강신청 최종 제출 완료 name=이초은
이초은 신청 완료 / 총 81명, 오늘 81명 추가되었습니다.
[2026-06-15 20:17:00] 기록 저장 완료 name=이초은 total=81 today=81
[2026-06-15 20:17:01] 대상 완료 name=이초은 total=81/250 today=81/89
[2026-06-15 20:17:03] 다음 가입 예약: 2026-06-15 20:21:46까지 대기
[2026-06-15 20:21:46] 신규 대상 시작 plan={'sex': '남자', 'day': '월수'}
[2026-06-15 20:21:49] 회원가입 시도 1/4
[2026-06-15 20:21:49] 회원가입 시작 sheet=BG plan={'sex': '남자', 'day': '월수'}
[2026-06-15 20:21:54] 회원가입 폼 진입 완료
[2026-06-15 20:21:56] 우편번호 검색 query=대구 북구 동천로 97
[2026-06-15 20:21:57] 주소 지역 불일치 query=대구 북구 동천로 97 result=대구 군위군 군위읍 군위공단길 97 (청록산업공장)
[2026-06-15 20:21:57] 우편번호 검색 query=대구 북구 동천로 97
[2026-06-15 20:21:57] 주소 지역 불일치 query=대구 북구 동천로 97 result=대구 군위군 군위읍 군위공단길 97 (청록산업공장)
[2026-06-15 20:21:58] 우편번호 검색 query=대구운암초등학교
[2026-06-15 20:21:58] 우편번호 입력 완료 zip=41426 addr=대구 북구 동천로 97 (동천동, 영남네오빌 아트)
[2026-06-15 20:21:59] 회원가입 제출 클릭 name=정정후 id=memoriesmink432 school=대구운암초등학교
[2026-06-15 20:22:00] 회원가입 알림 name=정정후 id=memoriesmink432 message=회원 가입하시겠습니까?
[2026-06-15 20:22:00] 회원가입 알림 name=정정후 id=memoriesmink432 message=회원 가입에 감사드립니다.
[2026-06-15 20:22:10] 회원가입 검증 완료 name=정정후 day=월수 dialogs=['회원 가입하시겠습니까?', '회원 가입에 감사드립니다.']
[2026-06-15 20:22:10] 수강신청 시도 1 name=정정후 id=memoriesmink432
[2026-06-15 20:22:10] 수강신청 시작 name=정정후 sheet=BG day=월수
[2026-06-15 20:22:17] BG 과정 선택 완료 day=월수 course_id=3_29 label='' week_filter=False
[2026-06-15 20:22:17] 수강신청 요일 선택 완료 name=정정후 day=월수
[2026-06-15 20:22:19] 수강신청 1차 제출 완료 name=정정후
[2026-06-15 20:22:23] 수강신청 최종 제출 완료 name=정정후
정정후 신청 완료 / 총 82명, 오늘 82명 추가되었습니다.
[2026-06-15 20:22:23] 기록 저장 완료 name=정정후 total=82 today=82
[2026-06-15 20:22:24] 대상 완료 name=정정후 total=82/250 today=82/89
[2026-06-15 20:22:27] 다음 가입 예약: 2026-06-15 20:28:06까지 대기
[2026-06-15 20:28:06] 신규 대상 시작 plan={'sex': '여자', 'day': '화목'}
[2026-06-15 20:28:09] 회원가입 시도 1/4
[2026-06-15 20:28:09] 회원가입 시작 sheet=BG plan={'sex': '여자', 'day': '화목'}
[2026-06-15 20:28:16] 회원가입 폼 진입 완료
[2026-06-15 20:28:19] 우편번호 검색 query=대구 북구 매전로 50-42
[2026-06-15 20:28:20] 우편번호 입력 완료 zip=41471 addr=대구 북구 매전로 50-42 (태전동)
[2026-06-15 20:28:21] 회원가입 제출 클릭 name=권이서 id=crystalcult1181 school=대구관문초등학교
[2026-06-15 20:28:22] 회원가입 알림 name=권이서 id=crystalcult1181 message=회원 가입하시겠습니까?
[2026-06-15 20:28:23] 회원가입 알림 name=권이서 id=crystalcult1181 message=회원 가입에 감사드립니다.
[2026-06-15 20:28:32] 회원가입 검증 완료 name=권이서 day=화목 dialogs=['회원 가입하시겠습니까?', '회원 가입에 감사드립니다.']
[2026-06-15 20:28:32] 수강신청 시도 1 name=권이서 id=crystalcult1181
[2026-06-15 20:28:32] 수강신청 시작 name=권이서 sheet=BG day=화목
[2026-06-15 20:28:39] BG 과정 선택 완료 day=화목 course_id=4_30 label='' week_filter=False
[2026-06-15 20:28:39] 수강신청 요일 선택 완료 name=권이서 day=화목
[2026-06-15 20:28:41] 수강신청 1차 제출 완료 name=권이서
[2026-06-15 20:28:44] 수강신청 최종 제출 완료 name=권이서
권이서 신청 완료 / 총 83명, 오늘 83명 추가되었습니다.
[2026-06-15 20:28:45] 기록 저장 완료 name=권이서 total=83 today=83
[2026-06-15 20:28:46] 대상 완료 name=권이서 total=83/250 today=83/89
[2026-06-15 20:28:47] 다음 가입 예약: 2026-06-15 20:35:29까지 대기
[2026-06-15 20:35:29] 신규 대상 시작 plan={'sex': '남자', 'day': '화목'}
[2026-06-15 20:35:31] 회원가입 시도 1/4
[2026-06-15 20:35:31] 회원가입 시작 sheet=BG plan={'sex': '남자', 'day': '화목'}
[2026-06-15 20:35:36] 회원가입 폼 진입 완료
[2026-06-15 20:35:38] 우편번호 검색 query=대구 북구 매전로 50-42
[2026-06-15 20:35:39] 우편번호 입력 완료 zip=41471 addr=대구 북구 매전로 50-42 (태전동)
[2026-06-15 20:35:40] 회원가입 제출 클릭 name=배영웅 id=doctorgaming81t school=대구관문초등학교
[2026-06-15 20:35:41] 회원가입 알림 name=배영웅 id=doctorgaming81t message=회원 가입하시겠습니까?
[2026-06-15 20:35:41] 회원가입 알림 name=배영웅 id=doctorgaming81t message=회원 가입에 감사드립니다.
[2026-06-15 20:35:51] 회원가입 검증 완료 name=배영웅 day=화목 dialogs=['회원 가입하시겠습니까?', '회원 가입에 감사드립니다.']
[2026-06-15 20:35:51] 수강신청 시도 1 name=배영웅 id=doctorgaming81t
[2026-06-15 20:35:51] 수강신청 시작 name=배영웅 sheet=BG day=화목
[2026-06-15 20:35:58] BG 과정 선택 완료 day=화목 course_id=4_30 label='' week_filter=False
[2026-06-15 20:35:58] 수강신청 요일 선택 완료 name=배영웅 day=화목
[2026-06-15 20:36:00] 수강신청 1차 제출 완료 name=배영웅
[2026-06-15 20:36:03] 수강신청 최종 제출 완료 name=배영웅
배영웅 신청 완료 / 총 84명, 오늘 84명 추가되었습니다.
[2026-06-15 20:36:04] 기록 저장 완료 name=배영웅 total=84 today=84
[2026-06-15 20:36:06] 대상 완료 name=배영웅 total=84/250 today=84/89
[2026-06-15 20:36:09] 다음 가입 예약: 2026-06-15 20:36:43까지 대기
[2026-06-15 20:36:43] 신규 대상 시작 plan={'sex': '여자', 'day': '화목'}
[2026-06-15 20:36:45] 회원가입 시도 1/4
[2026-06-15 20:36:45] 회원가입 시작 sheet=BG plan={'sex': '여자', 'day': '화목'}
[2026-06-15 20:36:51] 회원가입 폼 진입 완료
[2026-06-15 20:36:53] 우편번호 검색 query=대구 북구 칠성남로 101
[2026-06-15 20:36:54] 주소 지역 불일치 query=대구 북구 칠성남로 101 result=대구 군위군 군위읍 구지길 101-2
[2026-06-15 20:36:54] 우편번호 검색 query=대구 북구 칠성남로 101
[2026-06-15 20:36:54] 주소 지역 불일치 query=대구 북구 칠성남로 101 result=대구 군위군 군위읍 구지길 101-2
[2026-06-15 20:36:54] 우편번호 검색 query=대구칠성초등학교
[2026-06-15 20:36:55] 우편번호 입력 완료 zip=41587 addr=대구 북구 칠성남로 101 (칠성동2가, 대구역 서희스타힐스)
[2026-06-15 20:36:56] 회원가입 제출 클릭 name=이주희 id=resourcefulm45y school=대구칠성초등학교
[2026-06-15 20:36:56] 회원가입 알림 name=이주희 id=resourcefulm45y message=회원 가입하시겠습니까?
[2026-06-15 20:36:57] 회원가입 알림 name=이주희 id=resourcefulm45y message=회원 가입에 감사드립니다.
[2026-06-15 20:37:07] 회원가입 검증 완료 name=이주희 day=화목 dialogs=['회원 가입하시겠습니까?', '회원 가입에 감사드립니다.']
[2026-06-15 20:37:07] 수강신청 시도 1 name=이주희 id=resourcefulm45y
[2026-06-15 20:37:07] 수강신청 시작 name=이주희 sheet=BG day=화목
[2026-06-15 20:37:14] BG 과정 선택 완료 day=화목 course_id=4_30 label='' week_filter=False
[2026-06-15 20:37:14] 수강신청 요일 선택 완료 name=이주희 day=화목
[2026-06-15 20:37:16] 수강신청 1차 제출 완료 name=이주희
[2026-06-15 20:37:20] 수강신청 최종 제출 완료 name=이주희
이주희 신청 완료 / 총 85명, 오늘 85명 추가되었습니다.
[2026-06-15 20:37:21] 기록 저장 완료 name=이주희 total=85 today=85
[2026-06-15 20:37:22] 대상 완료 name=이주희 total=85/250 today=85/89
[2026-06-15 20:37:24] 다음 가입 예약: 2026-06-15 20:43:09까지 대기
[2026-06-15 20:43:09] 신규 대상 시작 plan={'sex': '남자', 'day': '화목'}
[2026-06-15 20:43:11] 회원가입 시도 1/4
[2026-06-15 20:43:11] 회원가입 시작 sheet=BG plan={'sex': '남자', 'day': '화목'}
[2026-06-15 20:43:16] 회원가입 폼 진입 완료
[2026-06-15 20:43:18] 우편번호 검색 query=대구 북구 구리로 254
[2026-06-15 20:43:19] 우편번호 입력 완료 zip=41418 addr=대구 북구 구리로 254 (국우동, 칠곡현대아파트)
[2026-06-15 20:43:20] 회원가입 제출 클릭 name=최레오 id=chefcreativs373 school=대구도남초등학교
[2026-06-15 20:43:21] 회원가입 알림 name=최레오 id=chefcreativs373 message=회원 가입하시겠습니까?
[2026-06-15 20:43:21] 회원가입 알림 name=최레오 id=chefcreativs373 message=회원 가입에 감사드립니다.
[2026-06-15 20:43:31] 회원가입 검증 완료 name=최레오 day=화목 dialogs=['회원 가입하시겠습니까?', '회원 가입에 감사드립니다.']
[2026-06-15 20:43:31] 수강신청 시도 1 name=최레오 id=chefcreativs373
[2026-06-15 20:43:31] 수강신청 시작 name=최레오 sheet=BG day=화목
[2026-06-15 20:43:38] BG 과정 선택 완료 day=화목 course_id=4_30 label='' week_filter=False
[2026-06-15 20:43:38] 수강신청 요일 선택 완료 name=최레오 day=화목
[2026-06-15 20:43:40] 수강신청 1차 제출 완료 name=최레오
[2026-06-15 20:43:43] 수강신청 최종 제출 완료 name=최레오
최레오 신청 완료 / 총 86명, 오늘 86명 추가되었습니다.
[2026-06-15 20:43:44] 기록 저장 완료 name=최레오 total=86 today=86
[2026-06-15 20:43:45] 대상 완료 name=최레오 total=86/250 today=86/89
[2026-06-15 20:43:47] 다음 가입 예약: 2026-06-15 20:49:06까지 대기
[2026-06-15 20:49:06] 신규 대상 시작 plan={'sex': '남자', 'day': '월수'}
[2026-06-15 20:49:08] 회원가입 시도 1/4
[2026-06-15 20:49:08] 회원가입 시작 sheet=BG plan={'sex': '남자', 'day': '월수'}
[2026-06-15 20:49:13] 회원가입 폼 진입 완료
[2026-06-15 20:49:15] 우편번호 검색 query=대구 북구 동천로 97
[2026-06-15 20:49:16] 우편번호 입력 완료 zip=41426 addr=대구 북구 동천로 97 (동천동, 영남네오빌 아트)
[2026-06-15 20:49:17] 회원가입 제출 클릭 name=류진호 id=scientistha6039 school=대구동평초등학교
[2026-06-15 20:49:17] 회원가입 알림 name=류진호 id=scientistha6039 message=회원 가입하시겠습니까?
[2026-06-15 20:49:18] 회원가입 알림 name=류진호 id=scientistha6039 message=회원 가입에 감사드립니다.
[2026-06-15 20:49:28] 회원가입 검증 완료 name=류진호 day=월수 dialogs=['회원 가입하시겠습니까?', '회원 가입에 감사드립니다.']
[2026-06-15 20:49:28] 수강신청 시도 1 name=류진호 id=scientistha6039
[2026-06-15 20:49:28] 수강신청 시작 name=류진호 sheet=BG day=월수
[2026-06-15 20:49:35] BG 과정 선택 완료 day=월수 course_id=3_29 label='' week_filter=False
[2026-06-15 20:49:35] 수강신청 요일 선택 완료 name=류진호 day=월수
[2026-06-15 20:49:37] 수강신청 1차 제출 완료 name=류진호
[2026-06-15 20:49:40] 수강신청 최종 제출 완료 name=류진호
류진호 신청 완료 / 총 87명, 오늘 87명 추가되었습니다.
[2026-06-15 20:49:40] 기록 저장 완료 name=류진호 total=87 today=87
[2026-06-15 20:49:41] 대상 완료 name=류진호 total=87/250 today=87/89
[2026-06-15 20:49:43] 다음 가입 예약: 2026-06-15 20:53:29까지 대기
[2026-06-15 20:53:29] 신규 대상 시작 plan={'sex': '남자', 'day': '월수'}
[2026-06-15 20:53:31] 회원가입 시도 1/4
[2026-06-15 20:53:31] 회원가입 시작 sheet=BG plan={'sex': '남자', 'day': '월수'}
[2026-06-15 20:53:36] 회원가입 폼 진입 완료
[2026-06-15 20:53:38] 우편번호 검색 query=대구 북구 학남로 100
[2026-06-15 20:53:39] 우편번호 입력 완료 zip=41420 addr=대구 북구 학남로 100 (국우동, 칠곡그린빌 5,6단지)
[2026-06-15 20:53:40] 회원가입 제출 클릭 name=김진 id=ninjaplanet2160 school=대구학남초등학교
[2026-06-15 20:53:41] 회원가입 알림 name=김진 id=ninjaplanet2160 message=회원 가입하시겠습니까?
[2026-06-15 20:53:41] 회원가입 알림 name=김진 id=ninjaplanet2160 message=회원 가입에 감사드립니다.
[2026-06-15 20:53:51] 회원가입 검증 완료 name=김진 day=월수 dialogs=['회원 가입하시겠습니까?', '회원 가입에 감사드립니다.']
[2026-06-15 20:53:51] 수강신청 시도 1 name=김진 id=ninjaplanet2160
[2026-06-15 20:53:51] 수강신청 시작 name=김진 sheet=BG day=월수
[2026-06-15 20:53:58] BG 과정 선택 완료 day=월수 course_id=3_29 label='' week_filter=False
[2026-06-15 20:53:58] 수강신청 요일 선택 완료 name=김진 day=월수
[2026-06-15 20:54:00] 수강신청 1차 제출 완료 name=김진
[2026-06-15 20:54:03] 수강신청 최종 제출 완료 name=김진
김진 신청 완료 / 총 88명, 오늘 88명 추가되었습니다.
[2026-06-15 20:54:04] 기록 저장 완료 name=김진 total=88 today=88
[2026-06-15 20:54:06] 대상 완료 name=김진 total=88/250 today=88/89
[2026-06-15 20:54:08] 다음 가입 예약: 2026-06-15 20:54:19까지 대기
[2026-06-15 20:54:19] 신규 대상 시작 plan={'sex': '여자', 'day': '월수'}
[2026-06-15 20:54:22] 회원가입 시도 1/4
[2026-06-15 20:54:22] 회원가입 시작 sheet=BG plan={'sex': '여자', 'day': '월수'}
[2026-06-15 20:54:27] 회원가입 폼 진입 완료
[2026-06-15 20:54:31] 우편번호 검색 query=대구 북구 연경중앙로 55
[2026-06-15 20:54:32] 우편번호 입력 완료 zip=41409 addr=대구 북구 연경중앙로 55 (연경동, 대구연경 연경숲)
[2026-06-15 20:54:33] 회원가입 제출 클릭 name=한루하 id=aceimaginatj475 school=대구연경초등학교
[2026-06-15 20:54:34] 회원가입 알림 name=한루하 id=aceimaginatj475 message=회원 가입하시겠습니까?
[2026-06-15 20:54:35] 회원가입 알림 name=한루하 id=aceimaginatj475 message=회원 가입에 감사드립니다.
[2026-06-15 20:54:44] 회원가입 검증 완료 name=한루하 day=월수 dialogs=['회원 가입하시겠습니까?', '회원 가입에 감사드립니다.']
[2026-06-15 20:54:44] 수강신청 시도 1 name=한루하 id=aceimaginatj475
[2026-06-15 20:54:44] 수강신청 시작 name=한루하 sheet=BG day=월수
[2026-06-15 20:54:51] BG 과정 선택 완료 day=월수 course_id=3_29 label='' week_filter=False
[2026-06-15 20:54:51] 수강신청 요일 선택 완료 name=한루하 day=월수
[2026-06-15 20:54:53] 수강신청 1차 제출 완료 name=한루하
[2026-06-15 20:54:56] 수강신청 최종 제출 완료 name=한루하
한루하 신청 완료 / 총 89명, 오늘 89명 추가되었습니다.
[2026-06-15 20:54:57] 기록 저장 완료 name=한루하 total=89 today=89
[2026-06-15 20:54:58] 대상 완료 name=한루하 total=89/250 today=89/89
[2026-06-15 20:54:59] 오늘 목표 달성 today=89/89
[2026-06-15 20:54:59] 오늘 목표 완료: 2026-06-16 09:00:00까지 대기
[2026-06-16 09:00:00] 오늘 목표 설정: 86명
[2026-06-16 09:00:02] 다음 가입 예약: 2026-06-16 09:01:35까지 대기
[2026-06-16 09:01:35] 신규 대상 시작 plan={'sex': '남자', 'day': '월수'}
[2026-06-16 09:01:39] 회원가입 시도 1/4
[2026-06-16 09:01:39] 회원가입 시작 sheet=BG plan={'sex': '남자', 'day': '월수'}
[2026-06-16 09:01:46] 회원가입 폼 진입 완료
[2026-06-16 09:01:49] 우편번호 검색 query=대구 북구 학정동로 40
[2026-06-16 09:01:50] 주소 지역 불일치 query=대구 북구 학정동로 40 result=대구 군위군 군위읍 골안길 40
[2026-06-16 09:01:50] 우편번호 검색 query=대구 북구 학정동로 40
[2026-06-16 09:01:50] 주소 지역 불일치 query=대구 북구 학정동로 40 result=대구 군위군 군위읍 골안길 40
[2026-06-16 09:01:50] 우편번호 검색 query=대구학정초등학교
[2026-06-16 09:01:51] 우편번호 입력 완료 zip=41417 addr=대구 북구 학정동로 40 (학정동, 칠곡2차 한라하우젠트)
[2026-06-16 09:01:52] 회원가입 제출 클릭 name=한원 id=ghostingadve98o school=대구학정초등학교
[2026-06-16 09:01:53] 회원가입 알림 name=한원 id=ghostingadve98o message=회원 가입하시겠습니까?
[2026-06-16 09:01:53] 회원가입 알림 name=한원 id=ghostingadve98o message=회원 가입에 감사드립니다.
[2026-06-16 09:02:02] 회원가입 검증 완료 name=한원 day=월수 dialogs=['회원 가입하시겠습니까?', '회원 가입에 감사드립니다.']
[2026-06-16 09:02:02] 수강신청 시도 1 name=한원 id=ghostingadve98o
[2026-06-16 09:02:02] 수강신청 시작 name=한원 sheet=BG day=월수
[2026-06-16 09:02:10] BG 과정 선택 완료 day=월수 course_id=3_29 label='' week_filter=False
[2026-06-16 09:02:10] 수강신청 요일 선택 완료 name=한원 day=월수
[2026-06-16 09:02:12] 수강신청 1차 제출 완료 name=한원
[2026-06-16 09:02:17] 수강신청 최종 제출 완료 name=한원
한원 신청 완료 / 총 90명, 오늘 1명 추가되었습니다.
[2026-06-16 09:02:17] 기록 저장 완료 name=한원 total=90 today=1
[2026-06-16 09:02:18] 대상 완료 name=한원 total=90/250 today=1/86
[2026-06-16 09:02:21] 다음 가입 예약: 2026-06-16 09:13:10까지 대기
[2026-06-16 09:13:10] 신규 대상 시작 plan={'sex': '남자', 'day': '화목'}
[2026-06-16 09:13:12] 회원가입 시도 1/4
[2026-06-16 09:13:12] 회원가입 시작 sheet=BG plan={'sex': '남자', 'day': '화목'}
[2026-06-16 09:13:18] 회원가입 폼 진입 완료
[2026-06-16 09:13:19] 우편번호 검색 query=대구 북구 동변로20길 20
[2026-06-16 09:13:21] 우편번호 입력 완료 zip=41412 addr=대구 북구 동변로20길 20 (동변동, 한성빌라)
[2026-06-16 09:13:21] 회원가입 제출 클릭 name=양유호 id=organizerpro92d school=대구동변초등학교
[2026-06-16 09:13:22] 회원가입 알림 name=양유호 id=organizerpro92d message=회원 가입하시겠습니까?
[2026-06-16 09:13:23] 회원가입 알림 name=양유호 id=organizerpro92d message=회원 가입에 감사드립니다.
[2026-06-16 09:13:32] 회원가입 검증 완료 name=양유호 day=화목 dialogs=['회원 가입하시겠습니까?', '회원 가입에 감사드립니다.']
[2026-06-16 09:13:32] 수강신청 시도 1 name=양유호 id=organizerpro92d
[2026-06-16 09:13:32] 수강신청 시작 name=양유호 sheet=BG day=화목
[2026-06-16 09:13:39] BG 과정 선택 완료 day=화목 course_id=4_30 label='' week_filter=False
[2026-06-16 09:13:39] 수강신청 요일 선택 완료 name=양유호 day=화목
[2026-06-16 09:13:41] 수강신청 1차 제출 완료 name=양유호
[2026-06-16 09:13:44] 수강신청 최종 제출 완료 name=양유호
양유호 신청 완료 / 총 91명, 오늘 2명 추가되었습니다.
[2026-06-16 09:13:45] 기록 저장 완료 name=양유호 total=91 today=2
[2026-06-16 09:13:46] 대상 완료 name=양유호 total=91/250 today=2/86
[2026-06-16 09:13:48] 다음 가입 예약: 2026-06-16 09:20:11까지 대기
[2026-06-16 09:20:11] 신규 대상 시작 plan={'sex': '여자', 'day': '월수'}
[2026-06-16 09:20:13] 회원가입 시도 1/4
[2026-06-16 09:20:13] 회원가입 시작 sheet=BG plan={'sex': '여자', 'day': '월수'}
[2026-06-16 09:20:19] 회원가입 폼 진입 완료
[2026-06-16 09:20:21] 우편번호 검색 query=대구 북구 매전로4길 31
[2026-06-16 09:20:22] 우편번호 입력 완료 zip=41487 addr=대구 북구 매전로4길 31 (매천동, 한신더휴 이스턴 팰리스)
[2026-06-16 09:20:23] 회원가입 제출 클릭 name=김지혜 id=artistinclus76l school=대구관문초등학교
[2026-06-16 09:20:24] 회원가입 알림 name=김지혜 id=artistinclus76l message=회원 가입하시겠습니까?
[2026-06-16 09:20:25] 회원가입 알림 name=김지혜 id=artistinclus76l message=회원 가입에 감사드립니다.
[2026-06-16 09:20:34] 회원가입 검증 완료 name=김지혜 day=월수 dialogs=['회원 가입하시겠습니까?', '회원 가입에 감사드립니다.']
[2026-06-16 09:20:34] 수강신청 시도 1 name=김지혜 id=artistinclus76l
[2026-06-16 09:20:34] 수강신청 시작 name=김지혜 sheet=BG day=월수
[2026-06-16 09:20:41] BG 과정 선택 완료 day=월수 course_id=3_29 label='' week_filter=False
[2026-06-16 09:20:41] 수강신청 요일 선택 완료 name=김지혜 day=월수
[2026-06-16 09:20:43] 수강신청 1차 제출 완료 name=김지혜
[2026-06-16 09:20:47] 수강신청 최종 제출 완료 name=김지혜
김지혜 신청 완료 / 총 92명, 오늘 3명 추가되었습니다.
[2026-06-16 09:20:47] 기록 저장 완료 name=김지혜 total=92 today=3
[2026-06-16 09:20:48] 대상 완료 name=김지혜 total=92/250 today=3/86
[2026-06-16 09:20:50] 다음 가입 예약: 2026-06-16 09:28:40까지 대기
[2026-06-16 09:28:40] 신규 대상 시작 plan={'sex': '남자', 'day': '화목'}
[2026-06-16 09:28:42] 회원가입 시도 1/4
[2026-06-16 09:28:42] 회원가입 시작 sheet=BG plan={'sex': '남자', 'day': '화목'}
[2026-06-16 09:28:47] 회원가입 폼 진입 완료
[2026-06-16 09:28:49] 우편번호 검색 query=대구 북구 읍내동 794
[2026-06-16 09:28:50] 우편번호 입력 완료 zip=41433 addr=대구 북구 칠곡중앙대로110길 5 (읍내동, 대구칠곡초등학교)
[2026-06-16 09:28:51] 회원가입 제출 클릭 name=안현민 id=novasuccess8629 school=대구칠곡초등학교
[2026-06-16 09:28:52] 회원가입 알림 name=안현민 id=novasuccess8629 message=회원 가입하시겠습니까?
[2026-06-16 09:28:52] 회원가입 알림 name=안현민 id=novasuccess8629 message=회원 가입에 감사드립니다.
[2026-06-16 09:29:02] 회원가입 검증 완료 name=안현민 day=화목 dialogs=['회원 가입하시겠습니까?', '회원 가입에 감사드립니다.']
[2026-06-16 09:29:02] 수강신청 시도 1 name=안현민 id=novasuccess8629
[2026-06-16 09:29:02] 수강신청 시작 name=안현민 sheet=BG day=화목
[2026-06-16 09:29:09] BG 과정 선택 완료 day=화목 course_id=4_30 label='' week_filter=False
[2026-06-16 09:29:09] 수강신청 요일 선택 완료 name=안현민 day=화목
[2026-06-16 09:29:11] 수강신청 1차 제출 완료 name=안현민
[2026-06-16 09:29:14] 수강신청 최종 제출 완료 name=안현민
안현민 신청 완료 / 총 93명, 오늘 4명 추가되었습니다.
[2026-06-16 09:29:15] 기록 저장 완료 name=안현민 total=93 today=4
[2026-06-16 09:29:16] 대상 완료 name=안현민 total=93/250 today=4/86
[2026-06-16 09:29:18] 다음 가입 예약: 2026-06-16 09:36:18까지 대기
[2026-06-16 09:36:18] 신규 대상 시작 plan={'sex': '여자', 'day': '화목'}
[2026-06-16 09:36:21] 회원가입 시도 1/4
[2026-06-16 09:36:21] 회원가입 시작 sheet=BG plan={'sex': '여자', 'day': '화목'}
[2026-06-16 09:36:27] 회원가입 폼 진입 완료
[2026-06-16 09:36:30] 우편번호 검색 query=대구 북구 호암로 40
[2026-06-16 09:36:31] 우편번호 입력 완료 zip=41586 addr=대구 북구 호암로 40 (칠성동2가, 삼성아파트)
[2026-06-16 09:36:31] 회원가입 제출 클릭 name=김서희 id=artistzombie52x school=대구칠성초등학교
[2026-06-16 09:36:32] 회원가입 알림 name=김서희 id=artistzombie52x message=회원 가입하시겠습니까?
[2026-06-16 09:36:33] 회원가입 알림 name=김서희 id=artistzombie52x message=회원 가입에 감사드립니다.
[2026-06-16 09:36:42] 회원가입 검증 완료 name=김서희 day=화목 dialogs=['회원 가입하시겠습니까?', '회원 가입에 감사드립니다.']
[2026-06-16 09:36:42] 수강신청 시도 1 name=김서희 id=artistzombie52x
[2026-06-16 09:36:42] 수강신청 시작 name=김서희 sheet=BG day=화목
[2026-06-16 09:36:49] BG 과정 선택 완료 day=화목 course_id=4_30 label='' week_filter=False
[2026-06-16 09:36:49] 수강신청 요일 선택 완료 name=김서희 day=화목
[2026-06-16 09:36:51] 수강신청 1차 제출 완료 name=김서희
[2026-06-16 09:36:54] 수강신청 최종 제출 완료 name=김서희
김서희 신청 완료 / 총 94명, 오늘 5명 추가되었습니다.
[2026-06-16 09:36:55] 기록 저장 완료 name=김서희 total=94 today=5
[2026-06-16 09:36:56] 대상 완료 name=김서희 total=94/250 today=5/86
[2026-06-16 09:36:57] 다음 가입 예약: 2026-06-16 09:47:15까지 대기
[2026-06-16 09:47:15] 신규 대상 시작 plan={'sex': '여자', 'day': '화목'}
[2026-06-16 09:47:17] 회원가입 시도 1/4
[2026-06-16 09:47:17] 회원가입 시작 sheet=BG plan={'sex': '여자', 'day': '화목'}
[2026-06-16 09:47:22] 회원가입 폼 진입 완료
[2026-06-16 09:47:24] 우편번호 검색 query=대구 북구 동북로 241
[2026-06-16 09:47:25] 우편번호 입력 완료 zip=41526 addr=대구 북구 동북로 241 (복현동, 복현아이파크)
[2026-06-16 09:47:26] 회원가입 제출 클릭 name=서시하 id=orbittranslat48 school=대구복현초등학교
[2026-06-16 09:47:26] 회원가입 알림 name=서시하 id=orbittranslat48 message=회원 가입하시겠습니까?
[2026-06-16 09:47:27] 회원가입 알림 name=서시하 id=orbittranslat48 message=회원 가입에 감사드립니다.
[2026-06-16 09:47:37] 회원가입 검증 완료 name=서시하 day=화목 dialogs=['회원 가입하시겠습니까?', '회원 가입에 감사드립니다.']
[2026-06-16 09:47:37] 수강신청 시도 1 name=서시하 id=orbittranslat48
[2026-06-16 09:47:37] 수강신청 시작 name=서시하 sheet=BG day=화목
[2026-06-16 09:47:44] BG 과정 선택 완료 day=화목 course_id=4_30 label='' week_filter=False
[2026-06-16 09:47:44] 수강신청 요일 선택 완료 name=서시하 day=화목
[2026-06-16 09:47:46] 수강신청 1차 제출 완료 name=서시하
[2026-06-16 09:47:49] 수강신청 최종 제출 완료 name=서시하
서시하 신청 완료 / 총 95명, 오늘 6명 추가되었습니다.
[2026-06-16 09:47:50] 기록 저장 완료 name=서시하 total=95 today=6
[2026-06-16 09:47:51] 대상 완료 name=서시하 total=95/250 today=6/86
[2026-06-16 09:47:53] 다음 가입 예약: 2026-06-16 09:52:37까지 대기
[2026-06-16 09:52:37] 신규 대상 시작 plan={'sex': '남자', 'day': '월수'}
[2026-06-16 09:52:39] 회원가입 시도 1/4
[2026-06-16 09:52:39] 회원가입 시작 sheet=BG plan={'sex': '남자', 'day': '월수'}
[2026-06-16 09:52:44] 회원가입 폼 진입 완료
[2026-06-16 09:52:46] 우편번호 검색 query=대구 북구 도남길 148-51
[2026-06-16 09:52:48] 우편번호 입력 완료 zip=41408 addr=대구 북구 도남길 148-51 (도남동)
[2026-06-16 09:52:48] 회원가입 제출 클릭 name=이성현 id=signalwisdop853 school=대구도남초등학교
[2026-06-16 09:52:49] 회원가입 알림 name=이성현 id=signalwisdop853 message=회원 가입하시겠습니까?
[2026-06-16 09:52:50] 회원가입 알림 name=이성현 id=signalwisdop853 message=회원 가입에 감사드립니다.
[2026-06-16 09:52:59] 회원가입 검증 완료 name=이성현 day=월수 dialogs=['회원 가입하시겠습니까?', '회원 가입에 감사드립니다.']
[2026-06-16 09:52:59] 수강신청 시도 1 name=이성현 id=signalwisdop853
[2026-06-16 09:52:59] 수강신청 시작 name=이성현 sheet=BG day=월수
[2026-06-16 09:53:06] BG 과정 선택 완료 day=월수 course_id=3_29 label='' week_filter=False
[2026-06-16 09:53:06] 수강신청 요일 선택 완료 name=이성현 day=월수
[2026-06-16 09:53:08] 수강신청 1차 제출 완료 name=이성현
[2026-06-16 09:53:11] 수강신청 최종 제출 완료 name=이성현
이성현 신청 완료 / 총 96명, 오늘 7명 추가되었습니다.
[2026-06-16 09:53:12] 기록 저장 완료 name=이성현 total=96 today=7
[2026-06-16 09:53:14] 대상 완료 name=이성현 total=96/250 today=7/86
[2026-06-16 09:53:15] 다음 가입 예약: 2026-06-16 10:01:11까지 대기
[2026-06-16 10:01:11] 신규 대상 시작 plan={'sex': '남자', 'day': '화목'}
[2026-06-16 10:01:13] 회원가입 시도 1/4
[2026-06-16 10:01:13] 회원가입 시작 sheet=BG plan={'sex': '남자', 'day': '화목'}
[2026-06-16 10:01:18] 회원가입 폼 진입 완료
[2026-06-16 10:01:20] 우편번호 검색 query=대구 북구 구암서로 41
[2026-06-16 10:01:21] 우편번호 입력 완료 zip=41425 addr=대구 북구 구암서로 41 (구암동, 그린빌3차)
[2026-06-16 10:01:22] 회원가입 제출 클릭 name=황의준 id=photographyp642 school=대구칠곡초등학교
[2026-06-16 10:01:22] 회원가입 알림 name=황의준 id=photographyp642 message=회원 가입하시겠습니까?
[2026-06-16 10:01:23] 회원가입 알림 name=황의준 id=photographyp642 message=회원 가입에 감사드립니다.
[2026-06-16 10:01:33] 회원가입 검증 완료 name=황의준 day=화목 dialogs=['회원 가입하시겠습니까?', '회원 가입에 감사드립니다.']
[2026-06-16 10:01:33] 수강신청 시도 1 name=황의준 id=photographyp642
[2026-06-16 10:01:33] 수강신청 시작 name=황의준 sheet=BG day=화목
[2026-06-16 10:01:40] BG 과정 선택 완료 day=화목 course_id=4_30 label='' week_filter=False
[2026-06-16 10:01:40] 수강신청 요일 선택 완료 name=황의준 day=화목
[2026-06-16 10:01:42] 수강신청 1차 제출 완료 name=황의준
[2026-06-16 10:01:45] 수강신청 최종 제출 완료 name=황의준
황의준 신청 완료 / 총 97명, 오늘 8명 추가되었습니다.
[2026-06-16 10:01:46] 기록 저장 완료 name=황의준 total=97 today=8
[2026-06-16 10:01:47] 대상 완료 name=황의준 total=97/250 today=8/86
[2026-06-16 10:01:48] 다음 가입 예약: 2026-06-16 10:10:57까지 대기
[2026-06-16 10:10:57] 신규 대상 시작 plan={'sex': '여자', 'day': '화목'}
[2026-06-16 10:10:59] 회원가입 시도 1/4
[2026-06-16 10:10:59] 회원가입 시작 sheet=BG plan={'sex': '여자', 'day': '화목'}
[2026-06-16 10:11:05] 회원가입 폼 진입 완료
[2026-06-16 10:11:07] 우편번호 검색 query=대구 북구 구암서로 41
[2026-06-16 10:11:08] 우편번호 입력 완료 zip=41425 addr=대구 북구 구암서로 41 (구암동, 그린빌3차)
[2026-06-16 10:11:09] 회원가입 제출 클릭 name=김승아 id=ultrashininn507 school=대구칠곡초등학교
[2026-06-16 10:11:10] 회원가입 알림 name=김승아 id=ultrashininn507 message=회원 가입하시겠습니까?
[2026-06-16 10:11:11] 회원가입 알림 name=김승아 id=ultrashininn507 message=회원 가입하시겠습니까?
[2026-06-16 10:11:11] 회원가입 알림 name=김승아 id=ultrashininn507 message=회원 가입에 감사드립니다.
[2026-06-16 10:11:21] 회원가입 검증 완료 name=김승아 day=화목 dialogs=['회원 가입하시겠습니까?', '회원 가입하시겠습니까?', '회원 가입에 감사드립니다.']
[2026-06-16 10:11:21] 수강신청 시도 1 name=김승아 id=ultrashininn507
[2026-06-16 10:11:21] 수강신청 시작 name=김승아 sheet=BG day=화목
[2026-06-16 10:11:28] BG 과정 선택 완료 day=화목 course_id=4_30 label='' week_filter=False
[2026-06-16 10:11:28] 수강신청 요일 선택 완료 name=김승아 day=화목
[2026-06-16 10:11:30] 수강신청 1차 제출 완료 name=김승아
[2026-06-16 10:11:33] 수강신청 최종 제출 완료 name=김승아
김승아 신청 완료 / 총 98명, 오늘 9명 추가되었습니다.
[2026-06-16 10:11:34] 기록 저장 완료 name=김승아 total=98 today=9
[2026-06-16 10:11:35] 대상 완료 name=김승아 total=98/250 today=9/86
[2026-06-16 10:11:37] 다음 가입 예약: 2026-06-16 10:21:50까지 대기
[2026-06-16 10:21:50] 신규 대상 시작 plan={'sex': '여자', 'day': '화목'}
[2026-06-16 10:21:52] 회원가입 시도 1/4
[2026-06-16 10:21:52] 회원가입 시작 sheet=BG plan={'sex': '여자', 'day': '화목'}
[2026-06-16 10:21:58] 회원가입 폼 진입 완료
[2026-06-16 10:22:00] 우편번호 검색 query=대구 북구 학정로110길 29
[2026-06-16 10:22:00] 우편번호 검색 실패 query=대구 북구 학정로110길 29 error=Error('Locator.count: Execution context was destroyed, most likely because of a navigation')
[2026-06-16 10:22:01] 우편번호 검색 query=대구 북구 학정로110길 29
[2026-06-16 10:22:02] 우편번호 입력 완료 zip=41415 addr=대구 북구 학정로110길 29 (학정동, 학정청아람)
[2026-06-16 10:22:03] 회원가입 제출 클릭 name=채지안 id=crystalclouf328 school=대구학정초등학교
[2026-06-16 10:22:04] 회원가입 알림 name=채지안 id=crystalclouf328 message=회원 가입하시겠습니까?
[2026-06-16 10:22:05] 회원가입 알림 name=채지안 id=crystalclouf328 message=회원 가입에 감사드립니다.
[2026-06-16 10:22:15] 회원가입 검증 완료 name=채지안 day=화목 dialogs=['회원 가입하시겠습니까?', '회원 가입에 감사드립니다.']
[2026-06-16 10:22:15] 수강신청 시도 1 name=채지안 id=crystalclouf328
[2026-06-16 10:22:15] 수강신청 시작 name=채지안 sheet=BG day=화목
[2026-06-16 10:22:23] BG 과정 선택 완료 day=화목 course_id=4_30 label='' week_filter=False
[2026-06-16 10:22:23] 수강신청 요일 선택 완료 name=채지안 day=화목
[2026-06-16 10:22:25] 수강신청 1차 제출 완료 name=채지안
[2026-06-16 10:22:29] 수강신청 최종 제출 완료 name=채지안
채지안 신청 완료 / 총 99명, 오늘 10명 추가되었습니다.
[2026-06-16 10:22:31] 기록 저장 완료 name=채지안 total=99 today=10
[2026-06-16 10:22:33] 대상 완료 name=채지안 total=99/250 today=10/86
[2026-06-16 10:22:36] 다음 가입 예약: 2026-06-16 10:26:58까지 대기
[2026-06-16 10:26:58] 신규 대상 시작 plan={'sex': '남자', 'day': '화목'}
[2026-06-16 10:27:00] 회원가입 시도 1/4
[2026-06-16 10:27:00] 회원가입 시작 sheet=BG plan={'sex': '남자', 'day': '화목'}
[2026-06-16 10:27:06] 회원가입 폼 진입 완료
[2026-06-16 10:27:08] 우편번호 검색 query=대구 북구 호암로 20
[2026-06-16 10:27:09] 주소 지역 불일치 query=대구 북구 호암로 20 result=대구 군위군 군위읍 경북대로 3300-20
[2026-06-16 10:27:09] 우편번호 검색 query=대구 북구 호암로 20
[2026-06-16 10:27:09] 주소 지역 불일치 query=대구 북구 호암로 20 result=대구 군위군 군위읍 경북대로 3300-20
[2026-06-16 10:27:09] 우편번호 검색 query=대구칠성초등학교
[2026-06-16 10:27:10] 우편번호 입력 완료 zip=41586 addr=대구 북구 호암로 20 (칠성동2가, 성광우방타운)
[2026-06-16 10:27:11] 회원가입 제출 클릭 name=유태오 id=scienceguide91j school=대구칠성초등학교
[2026-06-16 10:27:12] 회원가입 알림 name=유태오 id=scienceguide91j message=회원 가입하시겠습니까?
[2026-06-16 10:27:12] 회원가입 알림 name=유태오 id=scienceguide91j message=회원 가입에 감사드립니다.
[2026-06-16 10:27:22] 회원가입 검증 완료 name=유태오 day=화목 dialogs=['회원 가입하시겠습니까?', '회원 가입에 감사드립니다.']
[2026-06-16 10:27:22] 수강신청 시도 1 name=유태오 id=scienceguide91j
[2026-06-16 10:27:22] 수강신청 시작 name=유태오 sheet=BG day=화목
[2026-06-16 10:27:29] BG 과정 선택 완료 day=화목 course_id=4_30 label='' week_filter=False
[2026-06-16 10:27:29] 수강신청 요일 선택 완료 name=유태오 day=화목
[2026-06-16 10:27:31] 수강신청 1차 제출 완료 name=유태오
[2026-06-16 10:27:34] 수강신청 최종 제출 완료 name=유태오
유태오 신청 완료 / 총 100명, 오늘 11명 추가되었습니다.
[2026-06-16 10:27:35] 기록 저장 완료 name=유태오 total=100 today=11
[2026-06-16 10:27:36] 대상 완료 name=유태오 total=100/250 today=11/86
[2026-06-16 10:27:37] 다음 가입 예약: 2026-06-16 10:35:56까지 대기
[2026-06-16 10:35:56] 신규 대상 시작 plan={'sex': '여자', 'day': '월수'}
[2026-06-16 10:35:58] 회원가입 시도 1/4
[2026-06-16 10:35:58] 회원가입 시작 sheet=BG plan={'sex': '여자', 'day': '월수'}
[2026-06-16 10:36:03] 회원가입 폼 진입 완료
[2026-06-16 10:36:05] 우편번호 검색 query=대구 북구 호암로 20
[2026-06-16 10:36:07] 우편번호 입력 완료 zip=41586 addr=대구 북구 호암로 20 (칠성동2가, 성광우방타운)
[2026-06-16 10:36:08] 회원가입 제출 클릭 name=이보아 id=crashyart7214 school=대구칠성초등학교
[2026-06-16 10:36:09] 회원가입 알림 name=이보아 id=crashyart7214 message=회원 가입하시겠습니까?
[2026-06-16 10:36:09] 회원가입 알림 name=이보아 id=crashyart7214 message=회원 가입에 감사드립니다.
[2026-06-16 10:36:19] 회원가입 검증 완료 name=이보아 day=월수 dialogs=['회원 가입하시겠습니까?', '회원 가입에 감사드립니다.']
[2026-06-16 10:36:19] 수강신청 시도 1 name=이보아 id=crashyart7214
[2026-06-16 10:36:19] 수강신청 시작 name=이보아 sheet=BG day=월수
[2026-06-16 10:36:27] BG 과정 선택 완료 day=월수 course_id=3_29 label='' week_filter=False
[2026-06-16 10:36:27] 수강신청 요일 선택 완료 name=이보아 day=월수
[2026-06-16 10:36:29] 수강신청 1차 제출 완료 name=이보아
[2026-06-16 10:36:33] 수강신청 최종 제출 완료 name=이보아
이보아 신청 완료 / 총 101명, 오늘 12명 추가되었습니다.
[2026-06-16 10:36:33] 기록 저장 완료 name=이보아 total=101 today=12
[2026-06-16 10:36:34] 대상 완료 name=이보아 total=101/250 today=12/86
[2026-06-16 10:36:36] 다음 가입 예약: 2026-06-16 10:45:26까지 대기
[2026-06-16 10:45:26] 신규 대상 시작 plan={'sex': '여자', 'day': '월수'}
[2026-06-16 10:45:28] 회원가입 시도 1/4
[2026-06-16 10:45:28] 회원가입 시작 sheet=BG plan={'sex': '여자', 'day': '월수'}
[2026-06-16 10:45:33] 회원가입 폼 진입 완료
[2026-06-16 10:45:35] 우편번호 검색 query=대구 북구 도남길 148-51
[2026-06-16 10:45:36] 우편번호 입력 완료 zip=41408 addr=대구 북구 도남길 148-51 (도남동)
[2026-06-16 10:45:37] 회원가입 제출 클릭 name=조은하 id=readingcookc178 school=대구도남초등학교
[2026-06-16 10:45:38] 회원가입 알림 name=조은하 id=readingcookc178 message=회원 가입하시겠습니까?
[2026-06-16 10:45:38] 회원가입 알림 name=조은하 id=readingcookc178 message=회원 가입에 감사드립니다.
[2026-06-16 10:45:48] 회원가입 검증 완료 name=조은하 day=월수 dialogs=['회원 가입하시겠습니까?', '회원 가입에 감사드립니다.']
[2026-06-16 10:45:48] 수강신청 시도 1 name=조은하 id=readingcookc178
[2026-06-16 10:45:48] 수강신청 시작 name=조은하 sheet=BG day=월수
[2026-06-16 10:45:55] BG 과정 선택 완료 day=월수 course_id=3_29 label='' week_filter=False
[2026-06-16 10:45:55] 수강신청 요일 선택 완료 name=조은하 day=월수
[2026-06-16 10:45:57] 수강신청 1차 제출 완료 name=조은하
[2026-06-16 10:46:00] 수강신청 최종 제출 완료 name=조은하
조은하 신청 완료 / 총 102명, 오늘 13명 추가되었습니다.
[2026-06-16 10:46:01] 기록 저장 완료 name=조은하 total=102 today=13
[2026-06-16 10:46:02] 대상 완료 name=조은하 total=102/250 today=13/86
[2026-06-16 10:46:03] 다음 가입 예약: 2026-06-16 10:55:25까지 대기
[2026-06-16 10:55:25] 신규 대상 시작 plan={'sex': '남자', 'day': '화목'}
[2026-06-16 10:55:27] 회원가입 시도 1/4
[2026-06-16 10:55:27] 회원가입 시작 sheet=BG plan={'sex': '남자', 'day': '화목'}
[2026-06-16 10:55:32] 회원가입 폼 진입 완료
[2026-06-16 10:55:34] 우편번호 검색 query=대구 북구 동천로 97
[2026-06-16 10:55:35] 우편번호 입력 완료 zip=41426 addr=대구 북구 동천로 97 (동천동, 영남네오빌 아트)
[2026-06-16 10:55:36] 회원가입 제출 클릭 name=이은규 id=nightsaetsky78a school=대구동평초등학교
[2026-06-16 10:55:37] 회원가입 알림 name=이은규 id=nightsaetsky78a message=회원 가입하시겠습니까?
[2026-06-16 10:55:37] 회원가입 알림 name=이은규 id=nightsaetsky78a message=회원 가입에 감사드립니다.
[2026-06-16 10:55:47] 회원가입 검증 완료 name=이은규 day=화목 dialogs=['회원 가입하시겠습니까?', '회원 가입에 감사드립니다.']
[2026-06-16 10:55:47] 수강신청 시도 1 name=이은규 id=nightsaetsky78a
[2026-06-16 10:55:47] 수강신청 시작 name=이은규 sheet=BG day=화목
[2026-06-16 10:55:54] BG 과정 선택 완료 day=화목 course_id=4_30 label='' week_filter=False
[2026-06-16 10:55:54] 수강신청 요일 선택 완료 name=이은규 day=화목
[2026-06-16 10:55:56] 수강신청 1차 제출 완료 name=이은규
[2026-06-16 10:55:59] 수강신청 최종 제출 완료 name=이은규
이은규 신청 완료 / 총 103명, 오늘 14명 추가되었습니다.
[2026-06-16 10:56:00] 기록 저장 완료 name=이은규 total=103 today=14
[2026-06-16 10:56:01] 대상 완료 name=이은규 total=103/250 today=14/86
[2026-06-16 10:56:04] 다음 가입 예약: 2026-06-16 11:03:36까지 대기
[2026-06-16 11:03:36] 신규 대상 시작 plan={'sex': '여자', 'day': '월수'}
[2026-06-16 11:03:38] 회원가입 시도 1/4
[2026-06-16 11:03:38] 회원가입 시작 sheet=BG plan={'sex': '여자', 'day': '월수'}
[2026-06-16 11:03:44] 회원가입 폼 진입 완료
[2026-06-16 11:03:45] 우편번호 검색 query=대구 북구 동변로 55
[2026-06-16 11:03:46] 주소 지역 불일치 query=대구 북구 동변로 55 result=대구 군위군 군위읍 광현길 55
[2026-06-16 11:03:46] 우편번호 검색 query=대구 북구 동변로 55
[2026-06-16 11:03:46] 주소 지역 불일치 query=대구 북구 동변로 55 result=대구 군위군 군위읍 광현길 55
[2026-06-16 11:03:47] 우편번호 검색 query=대구동변초등학교
[2026-06-16 11:03:47] 우편번호 입력 완료 zip=41414 addr=대구 북구 동변로 55 (동변동, 대구동서변그린빌)
[2026-06-16 11:03:48] 회원가입 제출 클릭 name=장제나 id=wisemotivato87w school=대구동변초등학교
[2026-06-16 11:03:49] 회원가입 알림 name=장제나 id=wisemotivato87w message=회원 가입하시겠습니까?
[2026-06-16 11:03:50] 회원가입 알림 name=장제나 id=wisemotivato87w message=회원 가입에 감사드립니다.
[2026-06-16 11:03:59] 회원가입 검증 완료 name=장제나 day=월수 dialogs=['회원 가입하시겠습니까?', '회원 가입에 감사드립니다.']
[2026-06-16 11:03:59] 수강신청 시도 1 name=장제나 id=wisemotivato87w
[2026-06-16 11:03:59] 수강신청 시작 name=장제나 sheet=BG day=월수
[2026-06-16 11:04:06] BG 과정 선택 완료 day=월수 course_id=3_29 label='' week_filter=False
[2026-06-16 11:04:06] 수강신청 요일 선택 완료 name=장제나 day=월수
[2026-06-16 11:04:09] 수강신청 1차 제출 완료 name=장제나
[2026-06-16 11:04:14] 수강신청 최종 제출 완료 name=장제나
장제나 신청 완료 / 총 104명, 오늘 15명 추가되었습니다.
[2026-06-16 11:04:14] 기록 저장 완료 name=장제나 total=104 today=15
[2026-06-16 11:04:16] 대상 완료 name=장제나 total=104/250 today=15/86
[2026-06-16 11:04:18] 다음 가입 예약: 2026-06-16 11:07:34까지 대기
[2026-06-16 11:07:34] 신규 대상 시작 plan={'sex': '여자', 'day': '화목'}
[2026-06-16 11:07:36] 회원가입 시도 1/4
[2026-06-16 11:07:36] 회원가입 시작 sheet=BG plan={'sex': '여자', 'day': '화목'}
[2026-06-16 11:07:42] 회원가입 폼 진입 완료
[2026-06-16 11:07:44] 우편번호 검색 query=대구 북구 국우동 1079
[2026-06-16 11:07:45] 주소 지역 불일치 query=대구 북구 국우동 1079 result=대구 군위군 부계면 치산효령로 1079
[2026-06-16 11:07:45] 우편번호 검색 query=대구 북구 국우동 1079
[2026-06-16 11:07:45] 주소 지역 불일치 query=대구 북구 국우동 1079 result=대구 군위군 부계면 치산효령로 1079
[2026-06-16 11:07:45] 우편번호 검색 query=대구학정초등학교
[2026-06-16 11:07:46] 우편번호 입력 완료 zip=41420 addr=대구 북구 학정동로 7 (국우동, 부영아파트)
[2026-06-16 11:07:46] 회원가입 제출 클릭 name=정단비 id=bosscharming33u school=대구학정초등학교
[2026-06-16 11:07:47] 회원가입 알림 name=정단비 id=bosscharming33u message=회원 가입하시겠습니까?
[2026-06-16 11:07:48] 회원가입 알림 name=정단비 id=bosscharming33u message=회원 가입에 감사드립니다.
[2026-06-16 11:07:57] 회원가입 검증 완료 name=정단비 day=화목 dialogs=['회원 가입하시겠습니까?', '회원 가입에 감사드립니다.']
[2026-06-16 11:07:57] 수강신청 시도 1 name=정단비 id=bosscharming33u
[2026-06-16 11:07:57] 수강신청 시작 name=정단비 sheet=BG day=화목
[2026-06-16 11:08:04] BG 과정 선택 완료 day=화목 course_id=4_30 label='' week_filter=False
[2026-06-16 11:08:04] 수강신청 요일 선택 완료 name=정단비 day=화목
[2026-06-16 11:08:06] 수강신청 1차 제출 완료 name=정단비
[2026-06-16 11:08:27] 수강신청 실패. 같은 계정으로 재시도 name=정단비 id=bosscharming33u try=1 error=TimeoutError('Page.click: Timeout 20000ms exceeded.\nCall log:\n  - waiting for locator("input#cbAddress")\n    - locator resolved to <input id="cbAddress" type="checkbox" name="cbAddress"/>\n  - attempting click action\n    - waiting for element to be visible, enabled and stable\n    - element is visible, enabled and stable\n    - scrolling into view if needed\n    - done scrolling\n    - <div class="Q2">…</div> from <div id="modal">…</div> subtree intercepts pointer events\n  - retrying click action\n    - waiting for element to be visible, enabled and stable\n    - element is visible, enabled and stable\n    - scrolling into view if needed\n    - done scrolling\n    - <div id="modal">…</div> intercepts pointer events\n  - retrying click action\n    - waiting 20ms\n')
[2026-06-16 11:08:29] 수강신청 시도 2 name=정단비 id=bosscharming33u
[2026-06-16 11:08:29] 수강신청 시작 name=정단비 sheet=BG day=화목
[2026-06-16 11:08:30] 로그인 알림 id=bosscharming33u message=미결제 강좌가 있습니다.

결제화면으로 이동합니다.
[2026-06-16 11:08:50] 수강신청 실패. 같은 계정으로 재시도 name=정단비 id=bosscharming33u try=2 error=TimeoutError('Page.wait_for_selector: Timeout 15000ms exceeded.\nCall log:\n  - waiting for locator("input[name=\\"rdIDX\\"]")\n')
[2026-06-16 11:08:51] 회원가입 전 단계 실패. 0초 후 새 대상 재시도 plan={'sex': '여자', 'day': '화목'} error=RuntimeError('수강신청 최대 재시도 초과. 이 계정은 기록하지 않고 다음 대상으로 진행 name=정단비 id=bosscharming33u')
[2026-06-16 11:08:53] 다음 가입 예약: 2026-06-16 11:20:37까지 대기
[2026-06-16 11:20:37] 신규 대상 시작 plan={'sex': '남자', 'day': '월수'}
[2026-06-16 11:20:39] 회원가입 시도 1/4
[2026-06-16 11:20:39] 회원가입 시작 sheet=BG plan={'sex': '남자', 'day': '월수'}
[2026-06-16 11:20:45] 회원가입 폼 진입 완료
[2026-06-16 11:20:47] 우편번호 검색 query=대구 북구 동천로 97
[2026-06-16 11:20:48] 우편번호 입력 완료 zip=41426 addr=대구 북구 동천로 97 (동천동, 영남네오빌 아트)
[2026-06-16 11:20:48] 회원가입 제출 클릭 name=민성준 id=futurescien8954 school=대구운암초등학교
[2026-06-16 11:20:49] 회원가입 알림 name=민성준 id=futurescien8954 message=회원 가입하시겠습니까?
[2026-06-16 11:20:50] 회원가입 알림 name=민성준 id=futurescien8954 message=회원 가입에 감사드립니다.
[2026-06-16 11:21:00] 회원가입 검증 완료 name=민성준 day=월수 dialogs=['회원 가입하시겠습니까?', '회원 가입에 감사드립니다.']
[2026-06-16 11:21:00] 수강신청 시도 1 name=민성준 id=futurescien8954
[2026-06-16 11:21:00] 수강신청 시작 name=민성준 sheet=BG day=월수
[2026-06-16 11:21:07] BG 과정 선택 완료 day=월수 course_id=3_29 label='' week_filter=False
[2026-06-16 11:21:07] 수강신청 요일 선택 완료 name=민성준 day=월수
[2026-06-16 11:21:09] 수강신청 1차 제출 완료 name=민성준
[2026-06-16 11:21:13] 수강신청 최종 제출 완료 name=민성준
민성준 신청 완료 / 총 105명, 오늘 16명 추가되었습니다.
[2026-06-16 11:21:13] 기록 저장 완료 name=민성준 total=105 today=16
[2026-06-16 11:21:14] 대상 완료 name=민성준 total=105/250 today=16/86
[2026-06-16 11:21:16] 다음 가입 예약: 2026-06-16 11:25:17까지 대기
[2026-06-16 11:25:17] 신규 대상 시작 plan={'sex': '남자', 'day': '월수'}
[2026-06-16 11:25:19] 회원가입 시도 1/4
[2026-06-16 11:25:19] 회원가입 시작 sheet=BG plan={'sex': '남자', 'day': '월수'}
[2026-06-16 11:25:24] 회원가입 폼 진입 완료
[2026-06-16 11:25:26] 우편번호 검색 query=대구 북구 학남로 100
[2026-06-16 11:25:27] 우편번호 입력 완료 zip=41420 addr=대구 북구 학남로 100 (국우동, 칠곡그린빌 5,6단지)
[2026-06-16 11:25:28] 회원가입 제출 클릭 name=김하율 id=historianque53o school=대구학남초등학교
[2026-06-16 11:25:28] 회원가입 알림 name=김하율 id=historianque53o message=회원 가입하시겠습니까?
[2026-06-16 11:25:29] 회원가입 알림 name=김하율 id=historianque53o message=회원 가입하시겠습니까?
[2026-06-16 11:25:29] 회원가입 알림 name=김하율 id=historianque53o message=회원 가입에 감사드립니다.
[2026-06-16 11:25:39] 회원가입 검증 완료 name=김하율 day=월수 dialogs=['회원 가입하시겠습니까?', '회원 가입하시겠습니까?', '회원 가입에 감사드립니다.']
[2026-06-16 11:25:39] 수강신청 시도 1 name=김하율 id=historianque53o
[2026-06-16 11:25:39] 수강신청 시작 name=김하율 sheet=BG day=월수
[2026-06-16 11:25:46] BG 과정 선택 완료 day=월수 course_id=3_29 label='' week_filter=False
[2026-06-16 11:25:46] 수강신청 요일 선택 완료 name=김하율 day=월수
[2026-06-16 11:25:48] 수강신청 1차 제출 완료 name=김하율
[2026-06-16 11:25:51] 수강신청 최종 제출 완료 name=김하율
김하율 신청 완료 / 총 106명, 오늘 17명 추가되었습니다.
[2026-06-16 11:25:52] 기록 저장 완료 name=김하율 total=106 today=17
[2026-06-16 11:25:53] 대상 완료 name=김하율 total=106/250 today=17/86
[2026-06-16 11:25:54] 다음 가입 예약: 2026-06-16 11:32:48까지 대기
[2026-06-16 11:32:48] 신규 대상 시작 plan={'sex': '남자', 'day': '월수'}
[2026-06-16 11:32:50] 회원가입 시도 1/4
[2026-06-16 11:32:50] 회원가입 시작 sheet=BG plan={'sex': '남자', 'day': '월수'}
[2026-06-16 11:32:56] 회원가입 폼 진입 완료
[2026-06-16 11:32:57] 우편번호 검색 query=대구 북구 공항로 84
[2026-06-16 11:32:58] 주소 지역 불일치 query=대구 북구 공항로 84 result=대구 군위군 군위읍 개봉길 84
[2026-06-16 11:32:58] 우편번호 검색 query=대구 북구 공항로 84
[2026-06-16 11:32:58] 주소 지역 불일치 query=대구 북구 공항로 84 result=대구 군위군 군위읍 개봉길 84
[2026-06-16 11:32:59] 우편번호 검색 query=대구복현초등학교
[2026-06-16 11:32:59] 우편번호 입력 완료 zip=41565 addr=대구 북구 경진로12길 5 (복현동, 경진초등학교)
[2026-06-16 11:33:00] 회원가입 제출 클릭 name=김세진 id=alphamonkey6794 school=대구복현초등학교
[2026-06-16 11:33:00] 회원가입 알림 name=김세진 id=alphamonkey6794 message=회원 가입하시겠습니까?
[2026-06-16 11:33:01] 회원가입 알림 name=김세진 id=alphamonkey6794 message=회원 가입에 감사드립니다.
[2026-06-16 11:33:11] 회원가입 검증 완료 name=김세진 day=월수 dialogs=['회원 가입하시겠습니까?', '회원 가입에 감사드립니다.']
[2026-06-16 11:33:11] 수강신청 시도 1 name=김세진 id=alphamonkey6794
[2026-06-16 11:33:11] 수강신청 시작 name=김세진 sheet=BG day=월수
[2026-06-16 11:33:18] BG 과정 선택 완료 day=월수 course_id=3_29 label='' week_filter=False
[2026-06-16 11:33:18] 수강신청 요일 선택 완료 name=김세진 day=월수
[2026-06-16 11:33:20] 수강신청 1차 제출 완료 name=김세진
[2026-06-16 11:33:23] 수강신청 최종 제출 완료 name=김세진
김세진 신청 완료 / 총 107명, 오늘 18명 추가되었습니다.
[2026-06-16 11:33:24] 기록 저장 완료 name=김세진 total=107 today=18
[2026-06-16 11:33:25] 대상 완료 name=김세진 total=107/250 today=18/86
[2026-06-16 11:33:27] 다음 가입 예약: 2026-06-16 11:45:53까지 대기
[2026-06-16 11:45:53] 신규 대상 시작 plan={'sex': '남자', 'day': '화목'}
[2026-06-16 11:45:55] 회원가입 시도 1/4
[2026-06-16 11:45:55] 회원가입 시작 sheet=BG plan={'sex': '남자', 'day': '화목'}
[2026-06-16 11:46:00] 회원가입 폼 진입 완료
[2026-06-16 11:46:02] 우편번호 검색 query=대구 북구 국우동 1079
[2026-06-16 11:46:04] 우편번호 입력 완료 zip=41420 addr=대구 북구 학정동로 7 (국우동, 부영아파트)
[2026-06-16 11:46:04] 회원가입 제출 클릭 name=최윤오 id=equalitysmas17c school=대구태암초등학교
[2026-06-16 11:46:05] 회원가입 알림 name=최윤오 id=equalitysmas17c message=회원 가입하시겠습니까?
[2026-06-16 11:46:06] 회원가입 알림 name=최윤오 id=equalitysmas17c message=회원 가입에 감사드립니다.
[2026-06-16 11:46:16] 회원가입 검증 완료 name=최윤오 day=화목 dialogs=['회원 가입하시겠습니까?', '회원 가입에 감사드립니다.']
[2026-06-16 11:46:16] 수강신청 시도 1 name=최윤오 id=equalitysmas17c
[2026-06-16 11:46:16] 수강신청 시작 name=최윤오 sheet=BG day=화목
[2026-06-16 11:46:23] BG 과정 선택 완료 day=화목 course_id=4_30 label='' week_filter=False
[2026-06-16 11:46:23] 수강신청 요일 선택 완료 name=최윤오 day=화목
[2026-06-16 11:46:25] 수강신청 1차 제출 완료 name=최윤오
[2026-06-16 11:46:29] 수강신청 최종 제출 완료 name=최윤오
최윤오 신청 완료 / 총 108명, 오늘 19명 추가되었습니다.
[2026-06-16 11:46:30] 기록 저장 완료 name=최윤오 total=108 today=19
[2026-06-16 11:46:32] 대상 완료 name=최윤오 total=108/250 today=19/86
[2026-06-16 11:46:34] 다음 가입 예약: 2026-06-16 11:50:45까지 대기
[2026-06-16 11:50:45] 신규 대상 시작 plan={'sex': '남자', 'day': '화목'}
[2026-06-16 11:50:48] 회원가입 시도 1/4
[2026-06-16 11:50:48] 회원가입 시작 sheet=BG plan={'sex': '남자', 'day': '화목'}
[2026-06-16 11:50:53] 회원가입 폼 진입 완료
[2026-06-16 11:50:54] 우편번호 검색 query=대구 북구 연경중앙로 55
[2026-06-16 11:50:56] 우편번호 입력 완료 zip=41409 addr=대구 북구 연경중앙로 55 (연경동, 대구연경 연경숲)
[2026-06-16 11:50:56] 회원가입 제출 클릭 name=박준하 id=marblememor5544 school=대구연경초등학교
[2026-06-16 11:50:57] 회원가입 알림 name=박준하 id=marblememor5544 message=회원 가입하시겠습니까?
[2026-06-16 11:50:58] 회원가입 알림 name=박준하 id=marblememor5544 message=회원 가입에 감사드립니다.
[2026-06-16 11:51:08] 회원가입 검증 완료 name=박준하 day=화목 dialogs=['회원 가입하시겠습니까?', '회원 가입에 감사드립니다.']
[2026-06-16 11:51:08] 수강신청 시도 1 name=박준하 id=marblememor5544
[2026-06-16 11:51:08] 수강신청 시작 name=박준하 sheet=BG day=화목
[2026-06-16 11:51:15] BG 과정 선택 완료 day=화목 course_id=4_30 label='' week_filter=False
[2026-06-16 11:51:15] 수강신청 요일 선택 완료 name=박준하 day=화목
[2026-06-16 11:51:17] 수강신청 1차 제출 완료 name=박준하
[2026-06-16 11:51:20] 수강신청 최종 제출 완료 name=박준하
박준하 신청 완료 / 총 109명, 오늘 20명 추가되었습니다.
[2026-06-16 11:51:21] 기록 저장 완료 name=박준하 total=109 today=20
[2026-06-16 11:51:22] 대상 완료 name=박준하 total=109/250 today=20/86
[2026-06-16 11:51:23] 다음 가입 예약: 2026-06-16 11:57:54까지 대기
[2026-06-16 11:57:54] 신규 대상 시작 plan={'sex': '남자', 'day': '화목'}
[2026-06-16 11:57:56] 회원가입 시도 1/4
[2026-06-16 11:57:56] 회원가입 시작 sheet=BG plan={'sex': '남자', 'day': '화목'}
[2026-06-16 11:58:01] 회원가입 폼 진입 완료
[2026-06-16 11:58:03] 우편번호 검색 query=대구 북구 읍내동 794
[2026-06-16 11:58:05] 우편번호 입력 완료 zip=41433 addr=대구 북구 칠곡중앙대로110길 5 (읍내동, 대구칠곡초등학교)
[2026-06-16 11:58:06] 회원가입 제출 클릭 name=임예찬 id=compassiongu73r school=대구칠곡초등학교
[2026-06-16 11:58:07] 회원가입 알림 name=임예찬 id=compassiongu73r message=회원 가입하시겠습니까?
[2026-06-16 11:58:07] 회원가입 알림 name=임예찬 id=compassiongu73r message=회원 가입에 감사드립니다.
[2026-06-16 11:58:18] 회원가입 검증 완료 name=임예찬 day=화목 dialogs=['회원 가입하시겠습니까?', '회원 가입에 감사드립니다.']
[2026-06-16 11:58:18] 수강신청 시도 1 name=임예찬 id=compassiongu73r
[2026-06-16 11:58:18] 수강신청 시작 name=임예찬 sheet=BG day=화목
[2026-06-16 11:58:25] BG 과정 선택 완료 day=화목 course_id=4_30 label='' week_filter=False
[2026-06-16 11:58:25] 수강신청 요일 선택 완료 name=임예찬 day=화목
[2026-06-16 11:58:27] 수강신청 1차 제출 완료 name=임예찬
[2026-06-16 11:58:30] 수강신청 최종 제출 완료 name=임예찬
임예찬 신청 완료 / 총 110명, 오늘 21명 추가되었습니다.
[2026-06-16 11:58:30] 기록 저장 완료 name=임예찬 total=110 today=21
[2026-06-16 11:58:32] 대상 완료 name=임예찬 total=110/250 today=21/86
[2026-06-16 11:58:34] 다음 가입 예약: 2026-06-16 12:05:58까지 대기
[2026-06-16 12:05:58] 신규 대상 시작 plan={'sex': '남자', 'day': '월수'}
[2026-06-16 12:06:00] 회원가입 시도 1/4
[2026-06-16 12:06:00] 회원가입 시작 sheet=BG plan={'sex': '남자', 'day': '월수'}
[2026-06-16 12:06:06] 회원가입 폼 진입 완료
[2026-06-16 12:06:09] 우편번호 검색 query=대구 북구 국우동 1079
[2026-06-16 12:06:11] 우편번호 입력 완료 zip=41420 addr=대구 북구 학정동로 7 (국우동, 부영아파트)
[2026-06-16 12:06:12] 회원가입 제출 클릭 name=전도진 id=chefcontribuz13 school=대구학정초등학교
[2026-06-16 12:06:13] 회원가입 알림 name=전도진 id=chefcontribuz13 message=회원 가입하시겠습니까?
[2026-06-16 12:06:14] 회원가입 알림 name=전도진 id=chefcontribuz13 message=회원 가입에 감사드립니다.
[2026-06-16 12:06:23] 회원가입 검증 완료 name=전도진 day=월수 dialogs=['회원 가입하시겠습니까?', '회원 가입에 감사드립니다.']
[2026-06-16 12:06:23] 수강신청 시도 1 name=전도진 id=chefcontribuz13
[2026-06-16 12:06:23] 수강신청 시작 name=전도진 sheet=BG day=월수
[2026-06-16 12:06:31] BG 과정 선택 완료 day=월수 course_id=3_29 label='' week_filter=False
[2026-06-16 12:06:31] 수강신청 요일 선택 완료 name=전도진 day=월수
[2026-06-16 12:06:33] 수강신청 1차 제출 완료 name=전도진
[2026-06-16 12:06:36] 수강신청 최종 제출 완료 name=전도진
전도진 신청 완료 / 총 111명, 오늘 22명 추가되었습니다.
[2026-06-16 12:06:37] 기록 저장 완료 name=전도진 total=111 today=22
[2026-06-16 12:06:38] 대상 완료 name=전도진 total=111/250 today=22/86
[2026-06-16 12:06:40] 다음 가입 예약: 2026-06-16 12:15:07까지 대기
[2026-06-16 12:15:07] 신규 대상 시작 plan={'sex': '여자', 'day': '월수'}
[2026-06-16 12:15:09] 회원가입 시도 1/4
[2026-06-16 12:15:09] 회원가입 시작 sheet=BG plan={'sex': '여자', 'day': '월수'}
[2026-06-16 12:15:14] 회원가입 폼 진입 완료
[2026-06-16 12:15:16] 우편번호 검색 query=대구 북구 학남로 100
[2026-06-16 12:15:17] 우편번호 입력 완료 zip=41420 addr=대구 북구 학남로 100 (국우동, 칠곡그린빌 5,6단지)
[2026-06-16 12:15:18] 회원가입 제출 클릭 name=문유주 id=futuresucce9846 school=대구학남초등학교
[2026-06-16 12:15:19] 회원가입 알림 name=문유주 id=futuresucce9846 message=회원 가입하시겠습니까?
[2026-06-16 12:15:19] 회원가입 알림 name=문유주 id=futuresucce9846 message=회원 가입에 감사드립니다.
[2026-06-16 12:15:30] 회원가입 검증 완료 name=문유주 day=월수 dialogs=['회원 가입하시겠습니까?', '회원 가입에 감사드립니다.']
[2026-06-16 12:15:30] 수강신청 시도 1 name=문유주 id=futuresucce9846
[2026-06-16 12:15:30] 수강신청 시작 name=문유주 sheet=BG day=월수
[2026-06-16 12:15:37] BG 과정 선택 완료 day=월수 course_id=3_29 label='' week_filter=False
[2026-06-16 12:15:37] 수강신청 요일 선택 완료 name=문유주 day=월수
[2026-06-16 12:15:39] 수강신청 1차 제출 완료 name=문유주
[2026-06-16 12:15:42] 수강신청 최종 제출 완료 name=문유주
문유주 신청 완료 / 총 112명, 오늘 23명 추가되었습니다.
[2026-06-16 12:15:43] 기록 저장 완료 name=문유주 total=112 today=23
[2026-06-16 12:15:44] 대상 완료 name=문유주 total=112/250 today=23/86
[2026-06-16 12:15:45] 다음 가입 예약: 2026-06-16 12:25:36까지 대기
[2026-06-16 12:25:36] 신규 대상 시작 plan={'sex': '남자', 'day': '월수'}
[2026-06-16 12:25:38] 회원가입 시도 1/4
[2026-06-16 12:25:38] 회원가입 시작 sheet=BG plan={'sex': '남자', 'day': '월수'}
[2026-06-16 12:25:43] 회원가입 폼 진입 완료
[2026-06-16 12:25:45] 우편번호 검색 query=대구 북구 학정동로 40
[2026-06-16 12:25:46] 주소 지역 불일치 query=대구 북구 학정동로 40 result=대구 군위군 군위읍 골안길 40
[2026-06-16 12:25:46] 우편번호 검색 query=대구 북구 학정동로 40
[2026-06-16 12:25:46] 주소 지역 불일치 query=대구 북구 학정동로 40 result=대구 군위군 군위읍 골안길 40
[2026-06-16 12:25:46] 우편번호 검색 query=대구학정초등학교
[2026-06-16 12:25:47] 우편번호 입력 완료 zip=41417 addr=대구 북구 학남로 32 (학정동, 학정초등학교)
[2026-06-16 12:25:48] 회원가입 제출 클릭 name=최다니엘 id=mathematicim196 school=대구학정초등학교
[2026-06-16 12:25:48] 회원가입 알림 name=최다니엘 id=mathematicim196 message=회원 가입하시겠습니까?
[2026-06-16 12:25:49] 회원가입 알림 name=최다니엘 id=mathematicim196 message=회원 가입에 감사드립니다.
[2026-06-16 12:25:59] 회원가입 검증 완료 name=최다니엘 day=월수 dialogs=['회원 가입하시겠습니까?', '회원 가입에 감사드립니다.']
[2026-06-16 12:25:59] 수강신청 시도 1 name=최다니엘 id=mathematicim196
[2026-06-16 12:25:59] 수강신청 시작 name=최다니엘 sheet=BG day=월수
[2026-06-16 12:26:06] BG 과정 선택 완료 day=월수 course_id=3_29 label='' week_filter=False
[2026-06-16 12:26:06] 수강신청 요일 선택 완료 name=최다니엘 day=월수
[2026-06-16 12:26:08] 수강신청 1차 제출 완료 name=최다니엘
[2026-06-16 12:26:12] 수강신청 최종 제출 완료 name=최다니엘
최다니엘 신청 완료 / 총 113명, 오늘 24명 추가되었습니다.
[2026-06-16 12:26:13] 기록 저장 완료 name=최다니엘 total=113 today=24
[2026-06-16 12:26:15] 대상 완료 name=최다니엘 total=113/250 today=24/86
[2026-06-16 12:26:16] 다음 가입 예약: 2026-06-16 12:33:08까지 대기
[2026-06-16 12:33:08] 신규 대상 시작 plan={'sex': '여자', 'day': '화목'}
[2026-06-16 12:33:10] 회원가입 시도 1/4
[2026-06-16 12:33:10] 회원가입 시작 sheet=BG plan={'sex': '여자', 'day': '화목'}
[2026-06-16 12:33:16] 회원가입 폼 진입 완료
[2026-06-16 12:33:18] 우편번호 검색 query=대구 북구 동천로 156
[2026-06-16 12:33:19] 우편번호 입력 완료 zip=41421 addr=대구 북구 동천로 156 (동천동, 동화골든빌)
[2026-06-16 12:33:20] 회원가입 제출 클릭 name=심아율 id=allysloshed4257 school=대구동평초등학교
[2026-06-16 12:33:21] 회원가입 알림 name=심아율 id=allysloshed4257 message=회원 가입하시겠습니까?
[2026-06-16 12:33:21] 회원가입 알림 name=심아율 id=allysloshed4257 message=회원 가입에 감사드립니다.
[2026-06-16 12:33:31] 회원가입 검증 완료 name=심아율 day=화목 dialogs=['회원 가입하시겠습니까?', '회원 가입에 감사드립니다.']
[2026-06-16 12:33:31] 수강신청 시도 1 name=심아율 id=allysloshed4257
[2026-06-16 12:33:31] 수강신청 시작 name=심아율 sheet=BG day=화목
[2026-06-16 12:33:38] BG 과정 선택 완료 day=화목 course_id=4_30 label='' week_filter=False
[2026-06-16 12:33:38] 수강신청 요일 선택 완료 name=심아율 day=화목
[2026-06-16 12:33:40] 수강신청 1차 제출 완료 name=심아율
[2026-06-16 12:33:43] 수강신청 최종 제출 완료 name=심아율
심아율 신청 완료 / 총 114명, 오늘 25명 추가되었습니다.
[2026-06-16 12:33:44] 기록 저장 완료 name=심아율 total=114 today=25
[2026-06-16 12:33:45] 대상 완료 name=심아율 total=114/250 today=25/86
[2026-06-16 12:33:47] 다음 가입 예약: 2026-06-16 12:42:50까지 대기
[2026-06-16 12:42:50] 신규 대상 시작 plan={'sex': '남자', 'day': '화목'}
[2026-06-16 12:42:52] 회원가입 시도 1/4
[2026-06-16 12:42:52] 회원가입 시작 sheet=BG plan={'sex': '남자', 'day': '화목'}
[2026-06-16 12:42:57] 회원가입 폼 진입 완료
[2026-06-16 12:42:59] 우편번호 검색 query=대구 북구 매전로 50-42
[2026-06-16 12:43:00] 우편번호 입력 완료 zip=41471 addr=대구 북구 매전로 50-42 (태전동)
[2026-06-16 12:43:01] 회원가입 제출 클릭 name=노동연 id=inclusionin9642 school=대구관문초등학교
[2026-06-16 12:43:01] 회원가입 알림 name=노동연 id=inclusionin9642 message=회원 가입하시겠습니까?
[2026-06-16 12:43:02] 회원가입 알림 name=노동연 id=inclusionin9642 message=회원 가입에 감사드립니다.
[2026-06-16 12:43:12] 회원가입 검증 완료 name=노동연 day=화목 dialogs=['회원 가입하시겠습니까?', '회원 가입에 감사드립니다.']
[2026-06-16 12:43:12] 수강신청 시도 1 name=노동연 id=inclusionin9642
[2026-06-16 12:43:12] 수강신청 시작 name=노동연 sheet=BG day=화목
[2026-06-16 12:43:19] BG 과정 선택 완료 day=화목 course_id=4_30 label='' week_filter=False
[2026-06-16 12:43:19] 수강신청 요일 선택 완료 name=노동연 day=화목
[2026-06-16 12:43:21] 수강신청 1차 제출 완료 name=노동연
[2026-06-16 12:43:24] 수강신청 최종 제출 완료 name=노동연
노동연 신청 완료 / 총 115명, 오늘 26명 추가되었습니다.
[2026-06-16 12:43:24] 기록 저장 완료 name=노동연 total=115 today=26
[2026-06-16 12:43:26] 대상 완료 name=노동연 total=115/250 today=26/86
[2026-06-16 12:43:27] 다음 가입 예약: 2026-06-16 12:51:19까지 대기
[2026-06-16 12:51:19] 신규 대상 시작 plan={'sex': '남자', 'day': '월수'}
[2026-06-16 12:51:21] 회원가입 시도 1/4
[2026-06-16 12:51:21] 회원가입 시작 sheet=BG plan={'sex': '남자', 'day': '월수'}
[2026-06-16 12:51:26] 회원가입 폼 진입 완료
[2026-06-16 12:51:28] 우편번호 검색 query=대구 북구 학남로 100
[2026-06-16 12:51:29] 우편번호 입력 완료 zip=41420 addr=대구 북구 학남로 100 (국우동, 칠곡그린빌 5,6단지)
[2026-06-16 12:51:30] 회원가입 제출 클릭 name=서준호 id=artboyn216 school=대구학남초등학교
[2026-06-16 12:51:30] 회원가입 알림 name=서준호 id=artboyn216 message=회원 가입하시겠습니까?
[2026-06-16 12:51:31] 회원가입 알림 name=서준호 id=artboyn216 message=회원 가입에 감사드립니다.
[2026-06-16 12:51:41] 회원가입 검증 완료 name=서준호 day=월수 dialogs=['회원 가입하시겠습니까?', '회원 가입에 감사드립니다.']
[2026-06-16 12:51:41] 수강신청 시도 1 name=서준호 id=artboyn216
[2026-06-16 12:51:41] 수강신청 시작 name=서준호 sheet=BG day=월수
[2026-06-16 12:51:48] BG 과정 선택 완료 day=월수 course_id=3_29 label='' week_filter=False
[2026-06-16 12:51:48] 수강신청 요일 선택 완료 name=서준호 day=월수
[2026-06-16 12:51:50] 수강신청 1차 제출 완료 name=서준호
[2026-06-16 12:51:53] 수강신청 최종 제출 완료 name=서준호
서준호 신청 완료 / 총 116명, 오늘 27명 추가되었습니다.
[2026-06-16 12:51:54] 기록 저장 완료 name=서준호 total=116 today=27
[2026-06-16 12:51:55] 대상 완료 name=서준호 total=116/250 today=27/86
[2026-06-16 12:51:57] 다음 가입 예약: 2026-06-16 12:58:14까지 대기
[2026-06-16 12:58:14] 신규 대상 시작 plan={'sex': '남자', 'day': '월수'}
[2026-06-16 12:58:16] 회원가입 시도 1/4
[2026-06-16 12:58:16] 회원가입 시작 sheet=BG plan={'sex': '남자', 'day': '월수'}
[2026-06-16 12:58:21] 회원가입 폼 진입 완료
[2026-06-16 12:58:24] 우편번호 검색 query=대구 북구 학정동로 40
[2026-06-16 12:58:24] 우편번호 검색 실패 query=대구 북구 학정동로 40 error=Error('Locator.count: Execution context was destroyed, most likely because of a navigation')
[2026-06-16 12:58:25] 우편번호 검색 query=대구 북구 학정동로 40
[2026-06-16 12:58:26] 우편번호 입력 완료 zip=41417 addr=대구 북구 학정동로 40 (학정동, 칠곡2차 한라하우젠트)
[2026-06-16 12:58:27] 회원가입 제출 클릭 name=최강빈 id=goadventure3631 school=대구칠곡초등학교
[2026-06-16 12:58:28] 회원가입 알림 name=최강빈 id=goadventure3631 message=회원 가입하시겠습니까?
[2026-06-16 12:58:29] 회원가입 알림 name=최강빈 id=goadventure3631 message=회원 가입에 감사드립니다.
[2026-06-16 12:58:38] 회원가입 검증 완료 name=최강빈 day=월수 dialogs=['회원 가입하시겠습니까?', '회원 가입에 감사드립니다.']
[2026-06-16 12:58:38] 수강신청 시도 1 name=최강빈 id=goadventure3631
[2026-06-16 12:58:38] 수강신청 시작 name=최강빈 sheet=BG day=월수
[2026-06-16 12:58:45] BG 과정 선택 완료 day=월수 course_id=3_29 label='' week_filter=False
[2026-06-16 12:58:45] 수강신청 요일 선택 완료 name=최강빈 day=월수
[2026-06-16 12:58:47] 수강신청 1차 제출 완료 name=최강빈
[2026-06-16 12:58:50] 수강신청 최종 제출 완료 name=최강빈
최강빈 신청 완료 / 총 117명, 오늘 28명 추가되었습니다.
[2026-06-16 12:58:50] 기록 저장 완료 name=최강빈 total=117 today=28
[2026-06-16 12:58:52] 대상 완료 name=최강빈 total=117/250 today=28/86
[2026-06-16 12:58:53] 다음 가입 예약: 2026-06-16 13:06:51까지 대기
[2026-06-16 13:06:51] 신규 대상 시작 plan={'sex': '여자', 'day': '월수'}
[2026-06-16 13:06:53] 회원가입 시도 1/4
[2026-06-16 13:06:53] 회원가입 시작 sheet=BG plan={'sex': '여자', 'day': '월수'}
[2026-06-16 13:06:58] 회원가입 폼 진입 완료
[2026-06-16 13:07:00] 우편번호 검색 query=대구 북구 매전로4길 31
[2026-06-16 13:07:01] 주소 지역 불일치 query=대구 북구 매전로4길 31 result=대구 달서구 송현로4길 31
[2026-06-16 13:07:01] 우편번호 검색 query=대구 북구 매전로4길 31
[2026-06-16 13:07:01] 주소 지역 불일치 query=대구 북구 매전로4길 31 result=대구 달서구 송현로4길 31
[2026-06-16 13:07:01] 우편번호 검색 query=대구관문초등학교
[2026-06-16 13:07:02] 우편번호 입력 완료 zip=41487 addr=대구 북구 매전로4길 31 (매천동, 한신더휴 이스턴 팰리스)
[2026-06-16 13:07:02] 회원가입 제출 클릭 name=전나윤 id=saetskyorgak635 school=대구관문초등학교
[2026-06-16 13:07:03] 회원가입 알림 name=전나윤 id=saetskyorgak635 message=회원 가입하시겠습니까?
[2026-06-16 13:07:04] 회원가입 알림 name=전나윤 id=saetskyorgak635 message=회원 가입에 감사드립니다.
[2026-06-16 13:07:14] 회원가입 검증 완료 name=전나윤 day=월수 dialogs=['회원 가입하시겠습니까?', '회원 가입에 감사드립니다.']
[2026-06-16 13:07:14] 수강신청 시도 1 name=전나윤 id=saetskyorgak635
[2026-06-16 13:07:14] 수강신청 시작 name=전나윤 sheet=BG day=월수
[2026-06-16 13:07:21] BG 과정 선택 완료 day=월수 course_id=3_29 label='' week_filter=False
[2026-06-16 13:07:21] 수강신청 요일 선택 완료 name=전나윤 day=월수
[2026-06-16 13:07:23] 수강신청 1차 제출 완료 name=전나윤
[2026-06-16 13:07:26] 수강신청 최종 제출 완료 name=전나윤
전나윤 신청 완료 / 총 118명, 오늘 29명 추가되었습니다.
[2026-06-16 13:07:27] 기록 저장 완료 name=전나윤 total=118 today=29
[2026-06-16 13:07:28] 대상 완료 name=전나윤 total=118/250 today=29/86
[2026-06-16 13:07:30] 다음 가입 예약: 2026-06-16 13:12:28까지 대기
[2026-06-16 13:12:28] 신규 대상 시작 plan={'sex': '남자', 'day': '화목'}
[2026-06-16 13:12:30] 회원가입 시도 1/4
[2026-06-16 13:12:30] 회원가입 시작 sheet=BG plan={'sex': '남자', 'day': '화목'}
[2026-06-16 13:12:35] 회원가입 폼 진입 완료
[2026-06-16 13:12:37] 우편번호 검색 query=대구 북구 학정동로 40
[2026-06-16 13:12:37] 우편번호 검색 실패 query=대구 북구 학정동로 40 error=Error('Locator.count: Execution context was destroyed, most likely because of a navigation')
[2026-06-16 13:12:38] 우편번호 검색 query=대구 북구 학정동로 40
[2026-06-16 13:12:38] 우편번호 입력 완료 zip=41417 addr=대구 북구 학정동로 40 (학정동, 칠곡2차 한라하우젠트)
[2026-06-16 13:12:39] 회원가입 제출 클릭 name=문재원 id=technologyge32d school=대구칠곡초등학교
[2026-06-16 13:12:40] 회원가입 알림 name=문재원 id=technologyge32d message=회원 가입하시겠습니까?
[2026-06-16 13:12:40] 회원가입 알림 name=문재원 id=technologyge32d message=회원 가입에 감사드립니다.
[2026-06-16 13:12:50] 회원가입 검증 완료 name=문재원 day=화목 dialogs=['회원 가입하시겠습니까?', '회원 가입에 감사드립니다.']
[2026-06-16 13:12:50] 수강신청 시도 1 name=문재원 id=technologyge32d
[2026-06-16 13:12:50] 수강신청 시작 name=문재원 sheet=BG day=화목
[2026-06-16 13:12:57] BG 과정 선택 완료 day=화목 course_id=4_30 label='' week_filter=False
[2026-06-16 13:12:57] 수강신청 요일 선택 완료 name=문재원 day=화목
[2026-06-16 13:12:59] 수강신청 1차 제출 완료 name=문재원
[2026-06-16 13:13:02] 수강신청 최종 제출 완료 name=문재원
문재원 신청 완료 / 총 119명, 오늘 30명 추가되었습니다.
[2026-06-16 13:13:03] 기록 저장 완료 name=문재원 total=119 today=30
[2026-06-16 13:13:04] 대상 완료 name=문재원 total=119/250 today=30/86
[2026-06-16 13:13:06] 다음 가입 예약: 2026-06-16 13:22:28까지 대기
[2026-06-16 13:22:28] 신규 대상 시작 plan={'sex': '여자', 'day': '월수'}
[2026-06-16 13:22:30] 회원가입 시도 1/4
[2026-06-16 13:22:30] 회원가입 시작 sheet=BG plan={'sex': '여자', 'day': '월수'}
[2026-06-16 13:22:35] 회원가입 폼 진입 완료
[2026-06-16 13:22:37] 우편번호 검색 query=대구 북구 도남길 148-51
[2026-06-16 13:22:38] 우편번호 입력 완료 zip=41408 addr=대구 북구 도남길 148-51 (도남동)
[2026-06-16 13:22:39] 회원가입 제출 클릭 name=박규림 id=energeticni2186 school=대구도남초등학교
[2026-06-16 13:22:40] 회원가입 알림 name=박규림 id=energeticni2186 message=회원 가입하시겠습니까?
[2026-06-16 13:22:41] 회원가입 알림 name=박규림 id=energeticni2186 message=회원 가입에 감사드립니다.
[2026-06-16 13:22:50] 회원가입 검증 완료 name=박규림 day=월수 dialogs=['회원 가입하시겠습니까?', '회원 가입에 감사드립니다.']
[2026-06-16 13:22:50] 수강신청 시도 1 name=박규림 id=energeticni2186
[2026-06-16 13:22:50] 수강신청 시작 name=박규림 sheet=BG day=월수
[2026-06-16 13:22:57] BG 과정 선택 완료 day=월수 course_id=3_29 label='' week_filter=False
[2026-06-16 13:22:57] 수강신청 요일 선택 완료 name=박규림 day=월수
[2026-06-16 13:22:59] 수강신청 1차 제출 완료 name=박규림
[2026-06-16 13:23:02] 수강신청 최종 제출 완료 name=박규림
박규림 신청 완료 / 총 120명, 오늘 31명 추가되었습니다.
[2026-06-16 13:23:03] 기록 저장 완료 name=박규림 total=120 today=31
[2026-06-16 13:23:05] 대상 완료 name=박규림 total=120/250 today=31/86
[2026-06-16 13:23:06] 다음 가입 예약: 2026-06-16 13:32:50까지 대기
[2026-06-16 13:32:50] 신규 대상 시작 plan={'sex': '남자', 'day': '화목'}
[2026-06-16 13:32:52] 회원가입 시도 1/4
[2026-06-16 13:32:52] 회원가입 시작 sheet=BG plan={'sex': '남자', 'day': '화목'}
[2026-06-16 13:32:56] 회원가입 폼 진입 완료
[2026-06-16 13:32:59] 우편번호 검색 query=대구 북구 동천로 156
[2026-06-16 13:32:59] 우편번호 검색 실패 query=대구 북구 동천로 156 error=Error('Locator.count: Execution context was destroyed, most likely because of a navigation')
[2026-06-16 13:33:00] 우편번호 검색 query=대구 북구 동천로 156
[2026-06-16 13:33:00] 우편번호 입력 완료 zip=41421 addr=대구 북구 동천로 156 (동천동, 동화골든빌)
[2026-06-16 13:33:01] 회원가입 제출 클릭 name=성주혁 id=hangrydream9817 school=대구동평초등학교
[2026-06-16 13:33:02] 회원가입 알림 name=성주혁 id=hangrydream9817 message=회원 가입하시겠습니까?
[2026-06-16 13:33:02] 회원가입 알림 name=성주혁 id=hangrydream9817 message=회원 가입에 감사드립니다.
[2026-06-16 13:33:12] 회원가입 검증 완료 name=성주혁 day=화목 dialogs=['회원 가입하시겠습니까?', '회원 가입에 감사드립니다.']
[2026-06-16 13:33:12] 수강신청 시도 1 name=성주혁 id=hangrydream9817
[2026-06-16 13:33:12] 수강신청 시작 name=성주혁 sheet=BG day=화목
[2026-06-16 13:33:19] BG 과정 선택 완료 day=화목 course_id=4_30 label='' week_filter=False
[2026-06-16 13:33:19] 수강신청 요일 선택 완료 name=성주혁 day=화목
[2026-06-16 13:33:21] 수강신청 1차 제출 완료 name=성주혁
[2026-06-16 13:33:24] 수강신청 최종 제출 완료 name=성주혁
성주혁 신청 완료 / 총 121명, 오늘 32명 추가되었습니다.
[2026-06-16 13:33:25] 기록 저장 완료 name=성주혁 total=121 today=32
[2026-06-16 13:33:26] 대상 완료 name=성주혁 total=121/250 today=32/86
[2026-06-16 13:33:28] 다음 가입 예약: 2026-06-16 13:37:55까지 대기
[2026-06-16 13:37:55] 신규 대상 시작 plan={'sex': '여자', 'day': '화목'}
[2026-06-16 13:37:57] 회원가입 시도 1/4
[2026-06-16 13:37:57] 회원가입 시작 sheet=BG plan={'sex': '여자', 'day': '화목'}
[2026-06-16 13:38:02] 회원가입 폼 진입 완료
[2026-06-16 13:38:05] 우편번호 검색 query=대구 북구 읍내동 794
[2026-06-16 13:38:06] 주소 지역 불일치 query=대구 북구 읍내동 794 result=대구 달성군 논공읍 논공로 794
[2026-06-16 13:38:06] 우편번호 검색 query=대구 북구 읍내동 794
[2026-06-16 13:38:06] 주소 지역 불일치 query=대구 북구 읍내동 794 result=대구 달성군 논공읍 논공로 794
[2026-06-16 13:38:06] 우편번호 검색 query=대구칠곡초등학교
[2026-06-16 13:38:07] 우편번호 입력 완료 zip=41466 addr=대구 북구 칠곡중앙대로52길 56 (태전동, 대구태암초등학교)
[2026-06-16 13:38:08] 회원가입 제출 클릭 name=서예서 id=matrixcrashe193 school=대구칠곡초등학교
[2026-06-16 13:38:09] 회원가입 알림 name=서예서 id=matrixcrashe193 message=회원 가입하시겠습니까?
[2026-06-16 13:38:10] 회원가입 알림 name=서예서 id=matrixcrashe193 message=회원 가입에 감사드립니다.
[2026-06-16 13:38:19] 회원가입 검증 완료 name=서예서 day=화목 dialogs=['회원 가입하시겠습니까?', '회원 가입에 감사드립니다.']
[2026-06-16 13:38:19] 수강신청 시도 1 name=서예서 id=matrixcrashe193
[2026-06-16 13:38:19] 수강신청 시작 name=서예서 sheet=BG day=화목
[2026-06-16 13:38:27] BG 과정 선택 완료 day=화목 course_id=4_30 label='' week_filter=False
[2026-06-16 13:38:27] 수강신청 요일 선택 완료 name=서예서 day=화목
[2026-06-16 13:38:29] 수강신청 1차 제출 완료 name=서예서
[2026-06-16 13:38:32] 수강신청 최종 제출 완료 name=서예서
서예서 신청 완료 / 총 122명, 오늘 33명 추가되었습니다.
[2026-06-16 13:38:32] 기록 저장 완료 name=서예서 total=122 today=33
[2026-06-16 13:38:33] 대상 완료 name=서예서 total=122/250 today=33/86
[2026-06-16 13:38:35] 다음 가입 예약: 2026-06-16 13:49:18까지 대기
[2026-06-16 13:49:18] 신규 대상 시작 plan={'sex': '여자', 'day': '월수'}
[2026-06-16 13:49:20] 회원가입 시도 1/4
[2026-06-16 13:49:20] 회원가입 시작 sheet=BG plan={'sex': '여자', 'day': '월수'}
[2026-06-16 13:49:25] 회원가입 폼 진입 완료
[2026-06-16 13:49:27] 우편번호 검색 query=대구 북구 내곡로 49
[2026-06-16 13:49:28] 우편번호 입력 완료 zip=41493 addr=대구 북구 내곡로 49 (사수동, 이편한세상대구금호)
[2026-06-16 13:49:29] 회원가입 제출 클릭 name=차현지 id=mentorkpopeq598 school=대구사수초등학교
[2026-06-16 13:49:30] 회원가입 알림 name=차현지 id=mentorkpopeq598 message=회원 가입하시겠습니까?
[2026-06-16 13:49:30] 회원가입 알림 name=차현지 id=mentorkpopeq598 message=회원 가입에 감사드립니다.
[2026-06-16 13:49:40] 회원가입 검증 완료 name=차현지 day=월수 dialogs=['회원 가입하시겠습니까?', '회원 가입에 감사드립니다.']
[2026-06-16 13:49:40] 수강신청 시도 1 name=차현지 id=mentorkpopeq598
[2026-06-16 13:49:40] 수강신청 시작 name=차현지 sheet=BG day=월수
[2026-06-16 13:49:47] BG 과정 선택 완료 day=월수 course_id=3_29 label='' week_filter=False
[2026-06-16 13:49:47] 수강신청 요일 선택 완료 name=차현지 day=월수
[2026-06-16 13:49:49] 수강신청 1차 제출 완료 name=차현지
[2026-06-16 13:49:52] 수강신청 최종 제출 완료 name=차현지
차현지 신청 완료 / 총 123명, 오늘 34명 추가되었습니다.
[2026-06-16 13:49:53] 기록 저장 완료 name=차현지 total=123 today=34
[2026-06-16 13:49:54] 대상 완료 name=차현지 total=123/250 today=34/86
[2026-06-16 13:49:56] 다음 가입 예약: 2026-06-16 13:58:34까지 대기
[2026-06-16 13:58:34] 신규 대상 시작 plan={'sex': '남자', 'day': '화목'}
[2026-06-16 13:58:36] 회원가입 시도 1/4
[2026-06-16 13:58:36] 회원가입 시작 sheet=BG plan={'sex': '남자', 'day': '화목'}
[2026-06-16 13:58:42] 회원가입 폼 진입 완료
[2026-06-16 13:58:44] 우편번호 검색 query=대구 북구 내곡로 89
[2026-06-16 13:58:45] 우편번호 입력 완료 zip=41492 addr=대구 북구 내곡로 89 (사수동, 브라운스톤 강북)
[2026-06-16 13:58:46] 회원가입 제출 클릭 name=홍도헌 id=zombieingbas78s school=대구삼영초등학교
[2026-06-16 13:58:47] 회원가입 알림 name=홍도헌 id=zombieingbas78s message=회원 가입하시겠습니까?
[2026-06-16 13:58:47] 회원가입 알림 name=홍도헌 id=zombieingbas78s message=회원 가입에 감사드립니다.
[2026-06-16 13:58:57] 회원가입 검증 완료 name=홍도헌 day=화목 dialogs=['회원 가입하시겠습니까?', '회원 가입에 감사드립니다.']
[2026-06-16 13:58:57] 수강신청 시도 1 name=홍도헌 id=zombieingbas78s
[2026-06-16 13:58:57] 수강신청 시작 name=홍도헌 sheet=BG day=화목
[2026-06-16 13:59:05] BG 과정 선택 완료 day=화목 course_id=4_30 label='' week_filter=False
[2026-06-16 13:59:05] 수강신청 요일 선택 완료 name=홍도헌 day=화목
[2026-06-16 13:59:06] 수강신청 1차 제출 완료 name=홍도헌
[2026-06-16 13:59:10] 수강신청 최종 제출 완료 name=홍도헌
홍도헌 신청 완료 / 총 124명, 오늘 35명 추가되었습니다.
[2026-06-16 13:59:10] 기록 저장 완료 name=홍도헌 total=124 today=35
[2026-06-16 13:59:12] 대상 완료 name=홍도헌 total=124/250 today=35/86
[2026-06-16 13:59:14] 다음 가입 예약: 2026-06-16 14:03:36까지 대기
[2026-06-16 14:03:36] 신규 대상 시작 plan={'sex': '남자', 'day': '월수'}
[2026-06-16 14:03:38] 회원가입 시도 1/4
[2026-06-16 14:03:38] 회원가입 시작 sheet=BG plan={'sex': '남자', 'day': '월수'}
[2026-06-16 14:03:43] 회원가입 폼 진입 완료
[2026-06-16 14:03:45] 우편번호 검색 query=대구 북구 동변로 55
[2026-06-16 14:03:46] 주소 지역 불일치 query=대구 북구 동변로 55 result=대구 군위군 군위읍 광현길 55
[2026-06-16 14:03:46] 우편번호 검색 query=대구 북구 동변로 55
[2026-06-16 14:03:46] 주소 지역 불일치 query=대구 북구 동변로 55 result=대구 군위군 군위읍 광현길 55
[2026-06-16 14:03:46] 우편번호 검색 query=대구동변초등학교
[2026-06-16 14:03:47] 우편번호 입력 완료 zip=41414 addr=대구 북구 동변로 60 (동변동, 동변초.중학교)
[2026-06-16 14:03:48] 회원가입 제출 클릭 name=김우재 id=travelerdes3215 school=대구동변초등학교
[2026-06-16 14:03:49] 회원가입 알림 name=김우재 id=travelerdes3215 message=회원 가입하시겠습니까?
[2026-06-16 14:03:49] 회원가입 알림 name=김우재 id=travelerdes3215 message=회원 가입하시겠습니까?
[2026-06-16 14:03:49] 회원가입 알림 name=김우재 id=travelerdes3215 message=회원 가입에 감사드립니다.
[2026-06-16 14:03:58] 회원가입 검증 완료 name=김우재 day=월수 dialogs=['회원 가입하시겠습니까?', '회원 가입하시겠습니까?', '회원 가입에 감사드립니다.']
[2026-06-16 14:03:58] 수강신청 시도 1 name=김우재 id=travelerdes3215
[2026-06-16 14:03:58] 수강신청 시작 name=김우재 sheet=BG day=월수
[2026-06-16 14:04:06] BG 과정 선택 완료 day=월수 course_id=3_29 label='' week_filter=False
[2026-06-16 14:04:06] 수강신청 요일 선택 완료 name=김우재 day=월수
[2026-06-16 14:04:08] 수강신청 1차 제출 완료 name=김우재
[2026-06-16 14:04:11] 수강신청 최종 제출 완료 name=김우재
김우재 신청 완료 / 총 125명, 오늘 36명 추가되었습니다.
[2026-06-16 14:04:12] 기록 저장 완료 name=김우재 total=125 today=36
[2026-06-16 14:04:14] 대상 완료 name=김우재 total=125/250 today=36/86
[2026-06-16 14:04:16] 다음 가입 예약: 2026-06-16 14:15:57까지 대기
[2026-06-16 14:15:57] 신규 대상 시작 plan={'sex': '여자', 'day': '월수'}
[2026-06-16 14:15:59] 회원가입 시도 1/4
[2026-06-16 14:15:59] 회원가입 시작 sheet=BG plan={'sex': '여자', 'day': '월수'}
[2026-06-16 14:16:04] 회원가입 폼 진입 완료
[2026-06-16 14:16:06] 우편번호 검색 query=대구 북구 동천로 156
[2026-06-16 14:16:06] 우편번호 검색 실패 query=대구 북구 동천로 156 error=Error('Locator.count: Execution context was destroyed, most likely because of a navigation')
[2026-06-16 14:16:07] 우편번호 검색 query=대구 북구 동천로 156
[2026-06-16 14:16:15] 우편번호 검색 query=대구동평초등학교
[2026-06-16 14:16:15] 우편번호 입력 완료 zip=41427 addr=대구 북구 동천로 84 (동천동, 대구동평초등학교)
[2026-06-16 14:16:16] 회원가입 제출 클릭 name=김윤서 id=adventuregu5660 school=대구동평초등학교
[2026-06-16 14:16:17] 회원가입 알림 name=김윤서 id=adventuregu5660 message=회원 가입하시겠습니까?
[2026-06-16 14:16:18] 회원가입 알림 name=김윤서 id=adventuregu5660 message=회원 가입에 감사드립니다.
[2026-06-16 14:16:27] 회원가입 검증 완료 name=김윤서 day=월수 dialogs=['회원 가입하시겠습니까?', '회원 가입에 감사드립니다.']
[2026-06-16 14:16:27] 수강신청 시도 1 name=김윤서 id=adventuregu5660
[2026-06-16 14:16:27] 수강신청 시작 name=김윤서 sheet=BG day=월수
[2026-06-16 14:16:34] BG 과정 선택 완료 day=월수 course_id=3_29 label='' week_filter=False
[2026-06-16 14:16:34] 수강신청 요일 선택 완료 name=김윤서 day=월수
[2026-06-16 14:16:36] 수강신청 1차 제출 완료 name=김윤서
[2026-06-16 14:16:40] 수강신청 최종 제출 완료 name=김윤서
김윤서 신청 완료 / 총 126명, 오늘 37명 추가되었습니다.
[2026-06-16 14:16:41] 기록 저장 완료 name=김윤서 total=126 today=37
[2026-06-16 14:16:42] 대상 완료 name=김윤서 total=126/250 today=37/86
[2026-06-16 14:16:44] 다음 가입 예약: 2026-06-16 14:22:19까지 대기
[2026-06-16 14:22:19] 신규 대상 시작 plan={'sex': '여자', 'day': '월수'}
[2026-06-16 14:22:22] 회원가입 시도 1/4
[2026-06-16 14:22:22] 회원가입 시작 sheet=BG plan={'sex': '여자', 'day': '월수'}
[2026-06-16 14:22:27] 회원가입 폼 진입 완료
[2026-06-16 14:22:29] 우편번호 검색 query=대구 북구 내곡로 89
[2026-06-16 14:22:30] 주소 지역 불일치 query=대구 북구 내곡로 89 result=대구 군위군 군위읍 개봉길 89-3
[2026-06-16 14:22:30] 우편번호 검색 query=대구 북구 내곡로 89
[2026-06-16 14:22:30] 주소 지역 불일치 query=대구 북구 내곡로 89 result=대구 군위군 군위읍 개봉길 89-3
[2026-06-16 14:22:30] 우편번호 검색 query=대구삼영초등학교
[2026-06-16 14:22:31] 우편번호 입력 완료 zip=41493 addr=대구 북구 내곡로 63 (사수동, 대구삼영초등학교)
[2026-06-16 14:22:32] 회원가입 제출 클릭 name=전하영 id=ragerversati93s school=대구삼영초등학교
[2026-06-16 14:22:32] 회원가입 알림 name=전하영 id=ragerversati93s message=회원 가입하시겠습니까?
[2026-06-16 14:22:33] 회원가입 알림 name=전하영 id=ragerversati93s message=회원 가입에 감사드립니다.
[2026-06-16 14:22:42] 회원가입 검증 완료 name=전하영 day=월수 dialogs=['회원 가입하시겠습니까?', '회원 가입에 감사드립니다.']
[2026-06-16 14:22:42] 수강신청 시도 1 name=전하영 id=ragerversati93s
[2026-06-16 14:22:42] 수강신청 시작 name=전하영 sheet=BG day=월수
[2026-06-16 14:22:49] BG 과정 선택 완료 day=월수 course_id=3_29 label='' week_filter=False
[2026-06-16 14:22:49] 수강신청 요일 선택 완료 name=전하영 day=월수
[2026-06-16 14:22:51] 수강신청 1차 제출 완료 name=전하영
[2026-06-16 14:23:12] 수강신청 실패. 같은 계정으로 재시도 name=전하영 id=ragerversati93s try=1 error=TimeoutError('Page.click: Timeout 20000ms exceeded.\nCall log:\n  - waiting for locator("input#cbAddress")\n    - locator resolved to <input id="cbAddress" type="checkbox" name="cbAddress"/>\n  - attempting click action\n    - waiting for element to be visible, enabled and stable\n    - element is visible, enabled and stable\n    - scrolling into view if needed\n    - done scrolling\n    - <div class="Q2">…</div> from <div id="modal">…</div> subtree intercepts pointer events\n  - retrying click action\n    - waiting for element to be visible, enabled and stable\n    - element is visible, enabled and stable\n    - scrolling into view if needed\n    - done scrolling\n    - <div id="modal">…</div> intercepts pointer events\n  - retrying click action\n    - waiting 20ms\n')
[2026-06-16 14:23:13] 수강신청 시도 2 name=전하영 id=ragerversati93s
[2026-06-16 14:23:13] 수강신청 시작 name=전하영 sheet=BG day=월수
[2026-06-16 14:23:15] 로그인 알림 id=ragerversati93s message=미결제 강좌가 있습니다.

결제화면으로 이동합니다.
[2026-06-16 14:23:35] 수강신청 실패. 같은 계정으로 재시도 name=전하영 id=ragerversati93s try=2 error=TimeoutError('Page.wait_for_selector: Timeout 15000ms exceeded.\nCall log:\n  - waiting for locator("input[name=\\"rdIDX\\"]")\n')
[2026-06-16 14:23:36] 회원가입 전 단계 실패. 0초 후 새 대상 재시도 plan={'sex': '여자', 'day': '월수'} error=RuntimeError('수강신청 최대 재시도 초과. 이 계정은 기록하지 않고 다음 대상으로 진행 name=전하영 id=ragerversati93s')
[2026-06-16 14:23:37] 다음 가입 예약: 2026-06-16 14:32:04까지 대기
[2026-06-16 14:32:04] 신규 대상 시작 plan={'sex': '여자', 'day': '월수'}
[2026-06-16 14:32:08] 회원가입 시도 1/4
[2026-06-16 14:32:08] 회원가입 시작 sheet=BG plan={'sex': '여자', 'day': '월수'}
[2026-06-16 14:32:13] 회원가입 폼 진입 완료
[2026-06-16 14:32:16] 우편번호 검색 query=대구 북구 내곡로 89
[2026-06-16 14:32:16] 우편번호 검색 실패 query=대구 북구 내곡로 89 error=Error('Locator.count: Execution context was destroyed, most likely because of a navigation')
[2026-06-16 14:32:18] 우편번호 검색 query=대구 북구 내곡로 89
[2026-06-16 14:32:18] 주소 지역 불일치 query=대구 북구 내곡로 89 result=대구 군위군 군위읍 개봉길 89-3
[2026-06-16 14:32:18] 우편번호 검색 query=대구사수초등학교
[2026-06-16 14:32:19] 우편번호 입력 완료 zip=41492 addr=대구 북구 내곡로 124 (사수동, 사수초등학교)
[2026-06-16 14:32:20] 회원가입 제출 클릭 name=김효주 id=teammatemusq580 school=대구사수초등학교
[2026-06-16 14:32:21] 회원가입 알림 name=김효주 id=teammatemusq580 message=회원 가입하시겠습니까?
[2026-06-16 14:32:21] 회원가입 알림 name=김효주 id=teammatemusq580 message=회원 가입에 감사드립니다.
[2026-06-16 14:32:31] 회원가입 검증 완료 name=김효주 day=월수 dialogs=['회원 가입하시겠습니까?', '회원 가입에 감사드립니다.']
[2026-06-16 14:32:31] 수강신청 시도 1 name=김효주 id=teammatemusq580
[2026-06-16 14:32:31] 수강신청 시작 name=김효주 sheet=BG day=월수
[2026-06-16 14:32:38] BG 과정 선택 완료 day=월수 course_id=3_29 label='' week_filter=False
[2026-06-16 14:32:38] 수강신청 요일 선택 완료 name=김효주 day=월수
[2026-06-16 14:32:40] 수강신청 1차 제출 완료 name=김효주
[2026-06-16 14:32:43] 수강신청 최종 제출 완료 name=김효주
김효주 신청 완료 / 총 127명, 오늘 38명 추가되었습니다.
[2026-06-16 14:32:44] 기록 저장 완료 name=김효주 total=127 today=38
[2026-06-16 14:32:45] 대상 완료 name=김효주 total=127/250 today=38/86
[2026-06-16 14:32:47] 다음 가입 예약: 2026-06-16 14:36:44까지 대기
[2026-06-16 14:36:44] 신규 대상 시작 plan={'sex': '남자', 'day': '월수'}
[2026-06-16 14:36:46] 회원가입 시도 1/4
[2026-06-16 14:36:46] 회원가입 시작 sheet=BG plan={'sex': '남자', 'day': '월수'}
[2026-06-16 14:36:51] 회원가입 폼 진입 완료
[2026-06-16 14:36:53] 우편번호 검색 query=대구 북구 국우동 1079
[2026-06-16 14:36:54] 우편번호 입력 완료 zip=41420 addr=대구 북구 학정동로 7 (국우동, 부영아파트)
[2026-06-16 14:36:55] 회원가입 제출 클릭 name=박성윤 id=therapistcoo62b school=대구학정초등학교
[2026-06-16 14:36:56] 회원가입 알림 name=박성윤 id=therapistcoo62b message=회원 가입하시겠습니까?
[2026-06-16 14:36:56] 회원가입 알림 name=박성윤 id=therapistcoo62b message=회원 가입에 감사드립니다.
[2026-06-16 14:37:06] 회원가입 검증 완료 name=박성윤 day=월수 dialogs=['회원 가입하시겠습니까?', '회원 가입에 감사드립니다.']
[2026-06-16 14:37:06] 수강신청 시도 1 name=박성윤 id=therapistcoo62b
[2026-06-16 14:37:06] 수강신청 시작 name=박성윤 sheet=BG day=월수
[2026-06-16 14:37:13] BG 과정 선택 완료 day=월수 course_id=3_29 label='' week_filter=False
[2026-06-16 14:37:13] 수강신청 요일 선택 완료 name=박성윤 day=월수
[2026-06-16 14:37:15] 수강신청 1차 제출 완료 name=박성윤
[2026-06-16 14:37:19] 수강신청 최종 제출 완료 name=박성윤
박성윤 신청 완료 / 총 128명, 오늘 39명 추가되었습니다.
[2026-06-16 14:37:19] 기록 저장 완료 name=박성윤 total=128 today=39
[2026-06-16 14:37:20] 대상 완료 name=박성윤 total=128/250 today=39/86
[2026-06-16 14:37:22] 다음 가입 예약: 2026-06-16 14:41:12까지 대기
[2026-06-16 14:41:12] 신규 대상 시작 plan={'sex': '여자', 'day': '화목'}
[2026-06-16 14:41:14] 회원가입 시도 1/4
[2026-06-16 14:41:14] 회원가입 시작 sheet=BG plan={'sex': '여자', 'day': '화목'}
[2026-06-16 14:41:19] 회원가입 폼 진입 완료
[2026-06-16 14:41:21] 우편번호 검색 query=대구 북구 학남로 60
[2026-06-16 14:41:22] 우편번호 입력 완료 zip=41417 addr=대구 북구 학남로 60 (학정동, 칠곡7주공아파트)
[2026-06-16 14:41:23] 회원가입 제출 클릭 name=송채린 id=sincerehongm201 school=대구태암초등학교
[2026-06-16 14:41:24] 회원가입 알림 name=송채린 id=sincerehongm201 message=회원 가입하시겠습니까?
[2026-06-16 14:41:24] 회원가입 알림 name=송채린 id=sincerehongm201 message=회원 가입에 감사드립니다.
[2026-06-16 14:41:34] 회원가입 검증 완료 name=송채린 day=화목 dialogs=['회원 가입하시겠습니까?', '회원 가입에 감사드립니다.']
[2026-06-16 14:41:34] 수강신청 시도 1 name=송채린 id=sincerehongm201
[2026-06-16 14:41:34] 수강신청 시작 name=송채린 sheet=BG day=화목
[2026-06-16 14:41:41] BG 과정 선택 완료 day=화목 course_id=4_30 label='' week_filter=False
[2026-06-16 14:41:41] 수강신청 요일 선택 완료 name=송채린 day=화목
[2026-06-16 14:41:43] 수강신청 1차 제출 완료 name=송채린
[2026-06-16 14:41:47] 수강신청 최종 제출 완료 name=송채린
송채린 신청 완료 / 총 129명, 오늘 40명 추가되었습니다.
[2026-06-16 14:41:47] 기록 저장 완료 name=송채린 total=129 today=40
[2026-06-16 14:41:48] 대상 완료 name=송채린 total=129/250 today=40/86
[2026-06-16 14:41:50] 다음 가입 예약: 2026-06-16 14:50:05까지 대기
[2026-06-16 14:50:05] 신규 대상 시작 plan={'sex': '여자', 'day': '월수'}
[2026-06-16 14:50:08] 회원가입 시도 1/4
[2026-06-16 14:50:08] 회원가입 시작 sheet=BG plan={'sex': '여자', 'day': '월수'}
[2026-06-16 14:50:14] 회원가입 폼 진입 완료
[2026-06-16 14:50:17] 우편번호 검색 query=대구 북구 학정동로 40
[2026-06-16 14:50:17] 우편번호 검색 실패 query=대구 북구 학정동로 40 error=Error('Locator.count: Execution context was destroyed, most likely because of a navigation')
[2026-06-16 14:50:18] 우편번호 검색 query=대구 북구 학정동로 40
[2026-06-16 14:50:19] 우편번호 입력 완료 zip=41417 addr=대구 북구 학정동로 40 (학정동, 칠곡2차 한라하우젠트)
[2026-06-16 14:50:20] 회원가입 제출 클릭 name=김수지 id=violincontr9022 school=대구학남초등학교
[2026-06-16 14:50:21] 회원가입 알림 name=김수지 id=violincontr9022 message=회원 가입하시겠습니까?
[2026-06-16 14:50:21] 회원가입 알림 name=김수지 id=violincontr9022 message=회원 가입에 감사드립니다.
[2026-06-16 14:50:31] 회원가입 검증 완료 name=김수지 day=월수 dialogs=['회원 가입하시겠습니까?', '회원 가입에 감사드립니다.']
[2026-06-16 14:50:31] 수강신청 시도 1 name=김수지 id=violincontr9022
[2026-06-16 14:50:31] 수강신청 시작 name=김수지 sheet=BG day=월수
[2026-06-16 14:50:38] BG 과정 선택 완료 day=월수 course_id=3_29 label='' week_filter=False
[2026-06-16 14:50:38] 수강신청 요일 선택 완료 name=김수지 day=월수
[2026-06-16 14:50:40] 수강신청 1차 제출 완료 name=김수지
[2026-06-16 14:50:44] 수강신청 최종 제출 완료 name=김수지
김수지 신청 완료 / 총 130명, 오늘 41명 추가되었습니다.
[2026-06-16 14:50:44] 기록 저장 완료 name=김수지 total=130 today=41
[2026-06-16 14:50:45] 대상 완료 name=김수지 total=130/250 today=41/86
[2026-06-16 14:50:47] 다음 가입 예약: 2026-06-16 14:57:32까지 대기
[2026-06-16 14:57:32] 신규 대상 시작 plan={'sex': '여자', 'day': '월수'}
[2026-06-16 14:57:34] 회원가입 시도 1/4
[2026-06-16 14:57:34] 회원가입 시작 sheet=BG plan={'sex': '여자', 'day': '월수'}
[2026-06-16 14:57:39] 회원가입 폼 진입 완료
[2026-06-16 14:57:41] 우편번호 검색 query=대구 북구 국우동 1079
[2026-06-16 14:57:42] 우편번호 입력 완료 zip=41420 addr=대구 북구 학정동로 7 (국우동, 부영아파트)
[2026-06-16 14:57:43] 회원가입 제출 클릭 name=장나온 id=signalhobbi4862 school=대구학정초등학교
[2026-06-16 14:57:44] 회원가입 알림 name=장나온 id=signalhobbi4862 message=회원 가입하시겠습니까?
[2026-06-16 14:57:44] 회원가입 알림 name=장나온 id=signalhobbi4862 message=회원 가입에 감사드립니다.
[2026-06-16 14:57:54] 회원가입 검증 완료 name=장나온 day=월수 dialogs=['회원 가입하시겠습니까?', '회원 가입에 감사드립니다.']
[2026-06-16 14:57:54] 수강신청 시도 1 name=장나온 id=signalhobbi4862
[2026-06-16 14:57:54] 수강신청 시작 name=장나온 sheet=BG day=월수
[2026-06-16 14:58:01] BG 과정 선택 완료 day=월수 course_id=3_29 label='' week_filter=False
[2026-06-16 14:58:01] 수강신청 요일 선택 완료 name=장나온 day=월수
[2026-06-16 14:58:03] 수강신청 1차 제출 완료 name=장나온
[2026-06-16 14:58:07] 수강신청 최종 제출 완료 name=장나온
장나온 신청 완료 / 총 131명, 오늘 42명 추가되었습니다.
[2026-06-16 14:58:07] 기록 저장 완료 name=장나온 total=131 today=42
[2026-06-16 14:58:09] 대상 완료 name=장나온 total=131/250 today=42/86
[2026-06-16 14:58:12] 다음 가입 예약: 2026-06-16 15:05:46까지 대기
[2026-06-16 15:05:46] 신규 대상 시작 plan={'sex': '남자', 'day': '화목'}
[2026-06-16 15:05:48] 회원가입 시도 1/4
[2026-06-16 15:05:48] 회원가입 시작 sheet=BG plan={'sex': '남자', 'day': '화목'}
[2026-06-16 15:05:54] 회원가입 폼 진입 완료
[2026-06-16 15:05:56] 우편번호 검색 query=대구 동구 동화천로 369
[2026-06-16 15:05:57] 주소 지역 불일치 query=대구 동구 동화천로 369 result=대구 동구 동화천로 369 (대구 연경 아이파크)
[2026-06-16 15:05:57] 우편번호 검색 query=대구 동구 동화천로 369
[2026-06-16 15:05:57] 주소 지역 불일치 query=대구 동구 동화천로 369 result=대구 동구 동화천로 369 (대구 연경 아이파크)
[2026-06-16 15:05:57] 우편번호 검색 query=대구연경초등학교
[2026-06-16 15:05:57] 주소 지역 불일치 query=대구연경초등학교 result=대구 동구 동화천로 369 (대구 연경 아이파크)
[2026-06-16 15:05:58] 우편번호 검색 query=대구연경초등학교
[2026-06-16 15:05:58] 주소 지역 불일치 query=대구연경초등학교 result=대구 동구 동화천로 369 (대구 연경 아이파크)
[2026-06-16 15:05:58] 회원가입 실패 try=1 error=RuntimeError("우편번호/주소 입력 실패 queries=['대구 동구 동화천로 369', '대구연경초등학교'] required=북구 last_error=주소 지역 불일치 query=대구연경초등학교 result=대구 동구 동화천로 369 (대구 연경 아이파크)")
[2026-06-16 15:05:58] 회원가입 시도 2/4
[2026-06-16 15:05:58] 회원가입 시작 sheet=BG plan={'sex': '남자', 'day': '화목'}
[2026-06-16 15:06:01] 회원가입 폼 진입 완료
[2026-06-16 15:06:03] 우편번호 검색 query=대구 북구 한강로 17
[2026-06-16 15:06:03] 우편번호 검색 실패 query=대구 북구 한강로 17 error=Error('Locator.count: Execution context was destroyed, most likely because of a navigation')
[2026-06-16 15:06:05] 우편번호 검색 query=대구 북구 한강로 17
[2026-06-16 15:06:05] 우편번호 입력 완료 zip=41599 addr=대구 북구 한강로 17 (사수동, 금호서한이다음)
[2026-06-16 15:06:06] 회원가입 제출 클릭 name=박우솔 id=inspirerush50r school=대구삼영초등학교
[2026-06-16 15:06:07] 회원가입 알림 name=박우솔 id=inspirerush50r message=회원 가입하시겠습니까?
[2026-06-16 15:06:08] 회원가입 알림 name=박우솔 id=inspirerush50r message=회원 가입하시겠습니까?
[2026-06-16 15:06:08] 회원가입 알림 name=박우솔 id=inspirerush50r message=회원 가입에 감사드립니다.
[2026-06-16 15:06:18] 회원가입 검증 완료 name=박우솔 day=화목 dialogs=['회원 가입하시겠습니까?', '회원 가입하시겠습니까?', '회원 가입에 감사드립니다.']
[2026-06-16 15:06:18] 수강신청 시도 1 name=박우솔 id=inspirerush50r
[2026-06-16 15:06:18] 수강신청 시작 name=박우솔 sheet=BG day=화목
[2026-06-16 15:06:27] BG 과정 선택 완료 day=화목 course_id=4_30 label='' week_filter=False
[2026-06-16 15:06:27] 수강신청 요일 선택 완료 name=박우솔 day=화목
[2026-06-16 15:06:29] 수강신청 1차 제출 완료 name=박우솔
[2026-06-16 15:06:33] 수강신청 최종 제출 완료 name=박우솔
박우솔 신청 완료 / 총 132명, 오늘 43명 추가되었습니다.
[2026-06-16 15:06:34] 기록 저장 완료 name=박우솔 total=132 today=43
[2026-06-16 15:06:35] 대상 완료 name=박우솔 total=132/250 today=43/86
[2026-06-16 15:06:36] 다음 가입 예약: 2026-06-16 15:13:38까지 대기
[2026-06-16 15:13:38] 신규 대상 시작 plan={'sex': '남자', 'day': '월수'}
[2026-06-16 15:13:40] 회원가입 시도 1/4
[2026-06-16 15:13:40] 회원가입 시작 sheet=BG plan={'sex': '남자', 'day': '월수'}
[2026-06-16 15:13:45] 회원가입 폼 진입 완료
[2026-06-16 15:13:48] 우편번호 검색 query=대구 북구 학남로 60
[2026-06-16 15:13:49] 우편번호 입력 완료 zip=41417 addr=대구 북구 학남로 60 (학정동, 칠곡7주공아파트)
[2026-06-16 15:13:49] 회원가입 제출 클릭 name=권태희 id=teenresearcp498 school=대구태암초등학교
[2026-06-16 15:13:50] 회원가입 알림 name=권태희 id=teenresearcp498 message=회원 가입하시겠습니까?
[2026-06-16 15:13:51] 회원가입 알림 name=권태희 id=teenresearcp498 message=회원 가입에 감사드립니다.
[2026-06-16 15:14:01] 회원가입 검증 완료 name=권태희 day=월수 dialogs=['회원 가입하시겠습니까?', '회원 가입에 감사드립니다.']
[2026-06-16 15:14:01] 수강신청 시도 1 name=권태희 id=teenresearcp498
[2026-06-16 15:14:01] 수강신청 시작 name=권태희 sheet=BG day=월수
[2026-06-16 15:14:09] BG 과정 선택 완료 day=월수 course_id=3_29 label='' week_filter=False
[2026-06-16 15:14:09] 수강신청 요일 선택 완료 name=권태희 day=월수
[2026-06-16 15:14:11] 수강신청 1차 제출 완료 name=권태희
[2026-06-16 15:14:15] 수강신청 최종 제출 완료 name=권태희
권태희 신청 완료 / 총 133명, 오늘 44명 추가되었습니다.
[2026-06-16 15:14:16] 기록 저장 완료 name=권태희 total=133 today=44
[2026-06-16 15:14:19] 대상 완료 name=권태희 total=133/250 today=44/86
[2026-06-16 15:14:22] 다음 가입 예약: 2026-06-16 15:22:38까지 대기
[2026-06-16 15:22:38] 신규 대상 시작 plan={'sex': '여자', 'day': '화목'}
[2026-06-16 15:22:40] 회원가입 시도 1/4
[2026-06-16 15:22:40] 회원가입 시작 sheet=BG plan={'sex': '여자', 'day': '화목'}
[2026-06-16 15:22:45] 회원가입 폼 진입 완료
[2026-06-16 15:22:47] 우편번호 검색 query=대구 북구 학정로110길 29
[2026-06-16 15:22:48] 우편번호 입력 완료 zip=41415 addr=대구 북구 학정로110길 29 (학정동, 학정청아람)
[2026-06-16 15:22:49] 회원가입 제출 클릭 name=최여울 id=leaderequali58b school=대구학정초등학교
[2026-06-16 15:22:50] 회원가입 알림 name=최여울 id=leaderequali58b message=회원 가입하시겠습니까?
[2026-06-16 15:22:50] 회원가입 알림 name=최여울 id=leaderequali58b message=회원 가입에 감사드립니다.
[2026-06-16 15:23:00] 회원가입 검증 완료 name=최여울 day=화목 dialogs=['회원 가입하시겠습니까?', '회원 가입에 감사드립니다.']
[2026-06-16 15:23:00] 수강신청 시도 1 name=최여울 id=leaderequali58b
[2026-06-16 15:23:00] 수강신청 시작 name=최여울 sheet=BG day=화목
[2026-06-16 15:23:07] BG 과정 선택 완료 day=화목 course_id=4_30 label='' week_filter=False
[2026-06-16 15:23:07] 수강신청 요일 선택 완료 name=최여울 day=화목
[2026-06-16 15:23:09] 수강신청 1차 제출 완료 name=최여울
[2026-06-16 15:23:12] 수강신청 최종 제출 완료 name=최여울
최여울 신청 완료 / 총 134명, 오늘 45명 추가되었습니다.
[2026-06-16 15:23:13] 기록 저장 완료 name=최여울 total=134 today=45
[2026-06-16 15:23:14] 대상 완료 name=최여울 total=134/250 today=45/86
[2026-06-16 15:23:16] 다음 가입 예약: 2026-06-16 15:29:04까지 대기
[2026-06-16 15:29:04] 신규 대상 시작 plan={'sex': '여자', 'day': '화목'}
[2026-06-16 15:29:06] 회원가입 시도 1/4
[2026-06-16 15:29:06] 회원가입 시작 sheet=BG plan={'sex': '여자', 'day': '화목'}
[2026-06-16 15:29:11] 회원가입 폼 진입 완료
[2026-06-16 15:29:13] 우편번호 검색 query=대구 북구 동천로 97
[2026-06-16 15:29:13] 우편번호 검색 실패 query=대구 북구 동천로 97 error=Error('Locator.count: Execution context was destroyed, most likely because of a navigation')
[2026-06-16 15:29:14] 우편번호 검색 query=대구 북구 동천로 97
[2026-06-16 15:29:15] 우편번호 입력 완료 zip=41426 addr=대구 북구 동천로 97 (동천동, 영남네오빌 아트)
[2026-06-16 15:29:15] 회원가입 제출 클릭 name=김희원 id=lifeoptimist38a school=대구동평초등학교
[2026-06-16 15:29:16] 회원가입 알림 name=김희원 id=lifeoptimist38a message=회원 가입하시겠습니까?
[2026-06-16 15:29:17] 회원가입 알림 name=김희원 id=lifeoptimist38a message=회원 가입에 감사드립니다.
[2026-06-16 15:29:26] 회원가입 검증 완료 name=김희원 day=화목 dialogs=['회원 가입하시겠습니까?', '회원 가입에 감사드립니다.']
[2026-06-16 15:29:26] 수강신청 시도 1 name=김희원 id=lifeoptimist38a
[2026-06-16 15:29:26] 수강신청 시작 name=김희원 sheet=BG day=화목
[2026-06-16 15:29:34] BG 과정 선택 완료 day=화목 course_id=4_30 label='' week_filter=False
[2026-06-16 15:29:34] 수강신청 요일 선택 완료 name=김희원 day=화목
[2026-06-16 15:29:35] 수강신청 1차 제출 완료 name=김희원
[2026-06-16 15:29:39] 수강신청 최종 제출 완료 name=김희원
김희원 신청 완료 / 총 135명, 오늘 46명 추가되었습니다.
[2026-06-16 15:29:40] 기록 저장 완료 name=김희원 total=135 today=46
[2026-06-16 15:29:41] 대상 완료 name=김희원 total=135/250 today=46/86
[2026-06-16 15:29:42] 다음 가입 예약: 2026-06-16 15:36:48까지 대기
[2026-06-16 15:36:48] 신규 대상 시작 plan={'sex': '남자', 'day': '월수'}
[2026-06-16 15:36:50] 회원가입 시도 1/4
[2026-06-16 15:36:50] 회원가입 시작 sheet=BG plan={'sex': '남자', 'day': '월수'}
[2026-06-16 15:36:55] 회원가입 폼 진입 완료
[2026-06-16 15:36:57] 우편번호 검색 query=대구 북구 도남길 148-51
[2026-06-16 15:36:59] 우편번호 입력 완료 zip=41408 addr=대구 북구 도남길 148-51 (도남동)
[2026-06-16 15:36:59] 회원가입 제출 클릭 name=이채훈 id=monkeyconfi5463 school=대구도남초등학교
[2026-06-16 15:37:00] 회원가입 알림 name=이채훈 id=monkeyconfi5463 message=회원 가입하시겠습니까?
[2026-06-16 15:37:01] 회원가입 알림 name=이채훈 id=monkeyconfi5463 message=회원 가입에 감사드립니다.
[2026-06-16 15:37:10] 회원가입 검증 완료 name=이채훈 day=월수 dialogs=['회원 가입하시겠습니까?', '회원 가입에 감사드립니다.']
[2026-06-16 15:37:10] 수강신청 시도 1 name=이채훈 id=monkeyconfi5463
[2026-06-16 15:37:10] 수강신청 시작 name=이채훈 sheet=BG day=월수
[2026-06-16 15:37:18] BG 과정 선택 완료 day=월수 course_id=3_29 label='' week_filter=False
[2026-06-16 15:37:18] 수강신청 요일 선택 완료 name=이채훈 day=월수
[2026-06-16 15:37:19] 수강신청 1차 제출 완료 name=이채훈
[2026-06-16 15:37:23] 수강신청 최종 제출 완료 name=이채훈
이채훈 신청 완료 / 총 136명, 오늘 47명 추가되었습니다.
[2026-06-16 15:37:24] 기록 저장 완료 name=이채훈 total=136 today=47
[2026-06-16 15:37:25] 대상 완료 name=이채훈 total=136/250 today=47/86
[2026-06-16 15:37:26] 다음 가입 예약: 2026-06-16 15:47:28까지 대기
[2026-06-16 15:47:28] 신규 대상 시작 plan={'sex': '남자', 'day': '화목'}
[2026-06-16 15:47:30] 회원가입 시도 1/4
[2026-06-16 15:47:30] 회원가입 시작 sheet=BG plan={'sex': '남자', 'day': '화목'}
[2026-06-16 15:47:35] 회원가입 폼 진입 완료
[2026-06-16 15:47:37] 우편번호 검색 query=대구 북구 동변로20길 20
[2026-06-16 15:47:38] 우편번호 입력 완료 zip=41412 addr=대구 북구 동변로20길 20 (동변동, 한성빌라)
[2026-06-16 15:47:39] 회원가입 제출 클릭 name=이준수 id=championcura94y school=대구동변초등학교
[2026-06-16 15:47:39] 회원가입 알림 name=이준수 id=championcura94y message=회원 가입하시겠습니까?
[2026-06-16 15:47:40] 회원가입 알림 name=이준수 id=championcura94y message=회원 가입에 감사드립니다.
[2026-06-16 15:47:50] 회원가입 검증 완료 name=이준수 day=화목 dialogs=['회원 가입하시겠습니까?', '회원 가입에 감사드립니다.']
[2026-06-16 15:47:50] 수강신청 시도 1 name=이준수 id=championcura94y
[2026-06-16 15:47:50] 수강신청 시작 name=이준수 sheet=BG day=화목
[2026-06-16 15:47:57] BG 과정 선택 완료 day=화목 course_id=4_30 label='' week_filter=False
[2026-06-16 15:47:57] 수강신청 요일 선택 완료 name=이준수 day=화목
[2026-06-16 15:47:58] 수강신청 1차 제출 완료 name=이준수
[2026-06-16 15:48:02] 수강신청 최종 제출 완료 name=이준수
이준수 신청 완료 / 총 137명, 오늘 48명 추가되었습니다.
[2026-06-16 15:48:03] 기록 저장 완료 name=이준수 total=137 today=48
[2026-06-16 15:48:04] 대상 완료 name=이준수 total=137/250 today=48/86
[2026-06-16 15:48:07] 다음 가입 예약: 2026-06-16 15:56:06까지 대기
[2026-06-16 15:56:06] 신규 대상 시작 plan={'sex': '여자', 'day': '화목'}
[2026-06-16 15:56:09] 회원가입 시도 1/4
[2026-06-16 15:56:09] 회원가입 시작 sheet=BG plan={'sex': '여자', 'day': '화목'}
[2026-06-16 15:56:16] 회원가입 폼 진입 완료
[2026-06-16 15:56:19] 우편번호 검색 query=대구 북구 내곡로 89
[2026-06-16 15:56:21] 우편번호 입력 완료 zip=41492 addr=대구 북구 내곡로 89 (사수동, 브라운스톤 강북)
[2026-06-16 15:56:22] 회원가입 제출 클릭 name=백이랑 id=yeeseoherog332 school=대구삼영초등학교
[2026-06-16 15:56:22] 회원가입 알림 name=백이랑 id=yeeseoherog332 message=회원 가입하시겠습니까?
[2026-06-16 15:56:23] 회원가입 알림 name=백이랑 id=yeeseoherog332 message=회원 가입에 감사드립니다.
[2026-06-16 15:56:33] 회원가입 검증 완료 name=백이랑 day=화목 dialogs=['회원 가입하시겠습니까?', '회원 가입에 감사드립니다.']
[2026-06-16 15:56:33] 수강신청 시도 1 name=백이랑 id=yeeseoherog332
[2026-06-16 15:56:33] 수강신청 시작 name=백이랑 sheet=BG day=화목
[2026-06-16 15:56:40] BG 과정 선택 완료 day=화목 course_id=4_30 label='' week_filter=False
[2026-06-16 15:56:40] 수강신청 요일 선택 완료 name=백이랑 day=화목
[2026-06-16 15:56:42] 수강신청 1차 제출 완료 name=백이랑
[2026-06-16 15:56:46] 수강신청 최종 제출 완료 name=백이랑
백이랑 신청 완료 / 총 138명, 오늘 49명 추가되었습니다.
[2026-06-16 15:56:46] 기록 저장 완료 name=백이랑 total=138 today=49
[2026-06-16 15:56:47] 대상 완료 name=백이랑 total=138/250 today=49/86
[2026-06-16 15:56:49] 다음 가입 예약: 2026-06-16 16:01:16까지 대기
[2026-06-16 16:01:16] 신규 대상 시작 plan={'sex': '남자', 'day': '월수'}
[2026-06-16 16:01:18] 회원가입 시도 1/4
[2026-06-16 16:01:18] 회원가입 시작 sheet=BG plan={'sex': '남자', 'day': '월수'}
[2026-06-16 16:01:24] 회원가입 폼 진입 완료
[2026-06-16 16:01:26] 우편번호 검색 query=대구 북구 동변로20길 20
[2026-06-16 16:01:27] 우편번호 입력 완료 zip=41412 addr=대구 북구 동변로20길 20 (동변동, 한성빌라)
[2026-06-16 16:01:28] 회원가입 제출 클릭 name=반은혁 id=starrysaetc2796 school=대구동변초등학교
[2026-06-16 16:01:28] 회원가입 알림 name=반은혁 id=starrysaetc2796 message=회원 가입하시겠습니까?
[2026-06-16 16:01:29] 회원가입 알림 name=반은혁 id=starrysaetc2796 message=회원 가입에 감사드립니다.
[2026-06-16 16:01:39] 회원가입 검증 완료 name=반은혁 day=월수 dialogs=['회원 가입하시겠습니까?', '회원 가입에 감사드립니다.']
[2026-06-16 16:01:39] 수강신청 시도 1 name=반은혁 id=starrysaetc2796
[2026-06-16 16:01:39] 수강신청 시작 name=반은혁 sheet=BG day=월수
[2026-06-16 16:01:46] BG 과정 선택 완료 day=월수 course_id=3_29 label='' week_filter=False
[2026-06-16 16:01:46] 수강신청 요일 선택 완료 name=반은혁 day=월수
[2026-06-16 16:01:48] 수강신청 1차 제출 완료 name=반은혁
[2026-06-16 16:01:51] 수강신청 최종 제출 완료 name=반은혁
반은혁 신청 완료 / 총 139명, 오늘 50명 추가되었습니다.
[2026-06-16 16:01:51] 기록 저장 완료 name=반은혁 total=139 today=50
[2026-06-16 16:01:53] 대상 완료 name=반은혁 total=139/250 today=50/86
[2026-06-16 16:01:54] 다음 가입 예약: 2026-06-16 16:13:37까지 대기
[2026-06-16 16:13:37] 신규 대상 시작 plan={'sex': '여자', 'day': '화목'}
[2026-06-16 16:13:39] 회원가입 시도 1/4
[2026-06-16 16:13:39] 회원가입 시작 sheet=BG plan={'sex': '여자', 'day': '화목'}
[2026-06-16 16:13:44] 회원가입 폼 진입 완료
[2026-06-16 16:13:46] 우편번호 검색 query=대구 북구 내곡로 49
[2026-06-16 16:13:47] 우편번호 입력 완료 zip=41493 addr=대구 북구 내곡로 49 (사수동, 이편한세상대구금호)
[2026-06-16 16:13:48] 회원가입 제출 클릭 name=최윤설 id=readingprisr819 school=대구삼영초등학교
[2026-06-16 16:13:49] 회원가입 알림 name=최윤설 id=readingprisr819 message=회원 가입하시겠습니까?
[2026-06-16 16:13:49] 회원가입 알림 name=최윤설 id=readingprisr819 message=회원 가입에 감사드립니다.
[2026-06-16 16:13:59] 회원가입 검증 완료 name=최윤설 day=화목 dialogs=['회원 가입하시겠습니까?', '회원 가입에 감사드립니다.']
[2026-06-16 16:13:59] 수강신청 시도 1 name=최윤설 id=readingprisr819
[2026-06-16 16:13:59] 수강신청 시작 name=최윤설 sheet=BG day=화목
[2026-06-16 16:14:06] BG 과정 선택 완료 day=화목 course_id=4_30 label='' week_filter=False
[2026-06-16 16:14:06] 수강신청 요일 선택 완료 name=최윤설 day=화목
[2026-06-16 16:14:08] 수강신청 1차 제출 완료 name=최윤설
[2026-06-16 16:14:11] 수강신청 최종 제출 완료 name=최윤설
최윤설 신청 완료 / 총 140명, 오늘 51명 추가되었습니다.
[2026-06-16 16:14:12] 기록 저장 완료 name=최윤설 total=140 today=51
[2026-06-16 16:14:14] 대상 완료 name=최윤설 total=140/250 today=51/86
[2026-06-16 16:14:16] 다음 가입 예약: 2026-06-16 16:18:25까지 대기
[2026-06-16 16:18:25] 신규 대상 시작 plan={'sex': '남자', 'day': '월수'}
[2026-06-16 16:18:27] 회원가입 시도 1/4
[2026-06-16 16:18:27] 회원가입 시작 sheet=BG plan={'sex': '남자', 'day': '월수'}
[2026-06-16 16:18:32] 회원가입 폼 진입 완료
[2026-06-16 16:18:34] 우편번호 검색 query=대구 동구 동화천로 369
[2026-06-16 16:18:34] 주소 지역 불일치 query=대구 동구 동화천로 369 result=대구 동구 동화천로 369 (대구 연경 아이파크)
[2026-06-16 16:18:35] 우편번호 검색 query=대구 동구 동화천로 369
[2026-06-16 16:18:35] 주소 지역 불일치 query=대구 동구 동화천로 369 result=대구 동구 동화천로 369 (대구 연경 아이파크)
[2026-06-16 16:18:35] 우편번호 검색 query=대구연경초등학교
[2026-06-16 16:18:35] 주소 지역 불일치 query=대구연경초등학교 result=대구 동구 동화천로 369 (대구 연경 아이파크)
[2026-06-16 16:18:35] 우편번호 검색 query=대구연경초등학교
[2026-06-16 16:18:35] 주소 지역 불일치 query=대구연경초등학교 result=대구 동구 동화천로 369 (대구 연경 아이파크)
[2026-06-16 16:18:35] 회원가입 실패 try=1 error=RuntimeError("우편번호/주소 입력 실패 queries=['대구 동구 동화천로 369', '대구연경초등학교'] required=북구 last_error=주소 지역 불일치 query=대구연경초등학교 result=대구 동구 동화천로 369 (대구 연경 아이파크)")
[2026-06-16 16:18:36] 회원가입 시도 2/4
[2026-06-16 16:18:36] 회원가입 시작 sheet=BG plan={'sex': '남자', 'day': '월수'}
[2026-06-16 16:18:38] 회원가입 폼 진입 완료
[2026-06-16 16:18:40] 우편번호 검색 query=대구 북구 내곡로 49
[2026-06-16 16:18:41] 우편번호 입력 완료 zip=41493 addr=대구 북구 내곡로 49 (사수동, 이편한세상대구금호)
[2026-06-16 16:18:42] 회원가입 제출 클릭 name=허준기 id=freememories17w school=대구삼영초등학교
[2026-06-16 16:18:43] 회원가입 알림 name=허준기 id=freememories17w message=회원 가입하시겠습니까?
[2026-06-16 16:18:44] 회원가입 알림 name=허준기 id=freememories17w message=회원 가입에 감사드립니다.
[2026-06-16 16:18:54] 회원가입 검증 완료 name=허준기 day=월수 dialogs=['회원 가입하시겠습니까?', '회원 가입에 감사드립니다.']
[2026-06-16 16:18:54] 수강신청 시도 1 name=허준기 id=freememories17w
[2026-06-16 16:18:54] 수강신청 시작 name=허준기 sheet=BG day=월수
[2026-06-16 16:19:02] BG 과정 선택 완료 day=월수 course_id=3_29 label='' week_filter=False
[2026-06-16 16:19:02] 수강신청 요일 선택 완료 name=허준기 day=월수
[2026-06-16 16:19:03] 수강신청 1차 제출 완료 name=허준기
[2026-06-16 16:19:07] 수강신청 최종 제출 완료 name=허준기
허준기 신청 완료 / 총 141명, 오늘 52명 추가되었습니다.
[2026-06-16 16:19:08] 기록 저장 완료 name=허준기 total=141 today=52
[2026-06-16 16:19:09] 대상 완료 name=허준기 total=141/250 today=52/86
[2026-06-16 16:19:10] 다음 가입 예약: 2026-06-16 16:30:37까지 대기
[2026-06-16 16:30:37] 신규 대상 시작 plan={'sex': '여자', 'day': '월수'}
[2026-06-16 16:30:39] 회원가입 시도 1/4
[2026-06-16 16:30:39] 회원가입 시작 sheet=BG plan={'sex': '여자', 'day': '월수'}
[2026-06-16 16:30:44] 회원가입 폼 진입 완료
[2026-06-16 16:30:46] 우편번호 검색 query=대구 북구 국우동 1079
[2026-06-16 16:30:47] 우편번호 입력 완료 zip=41420 addr=대구 북구 학정동로 7 (국우동, 부영아파트)
[2026-06-16 16:30:48] 회원가입 제출 클릭 name=조규린 id=gochillc938 school=대구학정초등학교
[2026-06-16 16:30:49] 회원가입 알림 name=조규린 id=gochillc938 message=회원 가입하시겠습니까?
[2026-06-16 16:30:49] 회원가입 알림 name=조규린 id=gochillc938 message=회원 가입에 감사드립니다.
[2026-06-16 16:30:59] 회원가입 검증 완료 name=조규린 day=월수 dialogs=['회원 가입하시겠습니까?', '회원 가입에 감사드립니다.']
[2026-06-16 16:30:59] 수강신청 시도 1 name=조규린 id=gochillc938
[2026-06-16 16:30:59] 수강신청 시작 name=조규린 sheet=BG day=월수
[2026-06-16 16:31:06] BG 과정 선택 완료 day=월수 course_id=3_29 label='' week_filter=False
[2026-06-16 16:31:06] 수강신청 요일 선택 완료 name=조규린 day=월수
[2026-06-16 16:31:08] 수강신청 1차 제출 완료 name=조규린
[2026-06-16 16:31:12] 수강신청 최종 제출 완료 name=조규린
조규린 신청 완료 / 총 142명, 오늘 53명 추가되었습니다.
[2026-06-16 16:31:12] 기록 저장 완료 name=조규린 total=142 today=53
[2026-06-16 16:31:14] 대상 완료 name=조규린 total=142/250 today=53/86
[2026-06-16 16:31:16] 다음 가입 예약: 2026-06-16 16:34:02까지 대기
[2026-06-16 16:34:02] 신규 대상 시작 plan={'sex': '여자', 'day': '화목'}
[2026-06-16 16:34:04] 회원가입 시도 1/4
[2026-06-16 16:34:04] 회원가입 시작 sheet=BG plan={'sex': '여자', 'day': '화목'}
[2026-06-16 16:34:12] 회원가입 폼 진입 완료
[2026-06-16 16:34:15] 우편번호 검색 query=대구 북구 연경중앙로11길 19
[2026-06-16 16:34:27] 우편번호 검색 query=대구 북구 연경중앙로11길 19
[2026-06-16 16:34:28] 우편번호 입력 완료 zip=41409 addr=대구 북구 연경중앙로11길 19 (연경동)
[2026-06-16 16:34:29] 회원가입 제출 클릭 name=강소을 id=translatore8900 school=대구연경초등학교
[2026-06-16 16:34:30] 회원가입 알림 name=강소을 id=translatore8900 message=회원 가입하시겠습니까?
[2026-06-16 16:34:31] 회원가입 알림 name=강소을 id=translatore8900 message=회원 가입에 감사드립니다.
[2026-06-16 16:34:40] 회원가입 검증 완료 name=강소을 day=화목 dialogs=['회원 가입하시겠습니까?', '회원 가입에 감사드립니다.']
[2026-06-16 16:34:40] 수강신청 시도 1 name=강소을 id=translatore8900
[2026-06-16 16:34:40] 수강신청 시작 name=강소을 sheet=BG day=화목
[2026-06-16 16:34:47] BG 과정 선택 완료 day=화목 course_id=4_30 label='' week_filter=False
[2026-06-16 16:34:47] 수강신청 요일 선택 완료 name=강소을 day=화목
[2026-06-16 16:34:49] 수강신청 1차 제출 완료 name=강소을
[2026-06-16 16:34:53] 수강신청 최종 제출 완료 name=강소을
강소을 신청 완료 / 총 143명, 오늘 54명 추가되었습니다.
[2026-06-16 16:34:53] 기록 저장 완료 name=강소을 total=143 today=54
[2026-06-16 16:34:55] 대상 완료 name=강소을 total=143/250 today=54/86
[2026-06-16 16:34:56] 다음 가입 예약: 2026-06-16 16:44:32까지 대기
[2026-06-16 16:44:32] 신규 대상 시작 plan={'sex': '남자', 'day': '월수'}
[2026-06-16 16:44:34] 회원가입 시도 1/4
[2026-06-16 16:44:34] 회원가입 시작 sheet=BG plan={'sex': '남자', 'day': '월수'}
[2026-06-16 16:44:39] 회원가입 폼 진입 완료
[2026-06-16 16:44:41] 우편번호 검색 query=대구 북구 학정동로 40
[2026-06-16 16:44:41] 우편번호 검색 실패 query=대구 북구 학정동로 40 error=Error('Locator.count: Execution context was destroyed, most likely because of a navigation')
[2026-06-16 16:44:42] 우편번호 검색 query=대구 북구 학정동로 40
[2026-06-16 16:44:43] 주소 지역 불일치 query=대구 북구 학정동로 40 result=대구 군위군 군위읍 골안길 40
[2026-06-16 16:44:43] 우편번호 검색 query=대구칠곡초등학교
[2026-06-16 16:44:43] 주소 지역 불일치 query=대구칠곡초등학교 result=대구 군위군 군위읍 골안길 40
[2026-06-16 16:44:43] 우편번호 검색 query=대구칠곡초등학교
[2026-06-16 16:44:44] 우편번호 입력 완료 zip=41466 addr=대구 북구 칠곡중앙대로52길 56 (태전동, 대구태암초등학교)
[2026-06-16 16:44:44] 회원가입 제출 클릭 name=오혜성 id=motivateddau725 school=대구칠곡초등학교
[2026-06-16 16:44:45] 회원가입 알림 name=오혜성 id=motivateddau725 message=회원 가입하시겠습니까?
[2026-06-16 16:44:46] 회원가입 알림 name=오혜성 id=motivateddau725 message=회원 가입에 감사드립니다.
[2026-06-16 16:44:55] 회원가입 검증 완료 name=오혜성 day=월수 dialogs=['회원 가입하시겠습니까?', '회원 가입에 감사드립니다.']
[2026-06-16 16:44:55] 수강신청 시도 1 name=오혜성 id=motivateddau725
[2026-06-16 16:44:55] 수강신청 시작 name=오혜성 sheet=BG day=월수
[2026-06-16 16:45:02] BG 과정 선택 완료 day=월수 course_id=3_29 label='' week_filter=False
[2026-06-16 16:45:02] 수강신청 요일 선택 완료 name=오혜성 day=월수
[2026-06-16 16:45:04] 수강신청 1차 제출 완료 name=오혜성
[2026-06-16 16:45:08] 수강신청 최종 제출 완료 name=오혜성
오혜성 신청 완료 / 총 144명, 오늘 55명 추가되었습니다.
[2026-06-16 16:45:08] 기록 저장 완료 name=오혜성 total=144 today=55
[2026-06-16 16:45:10] 대상 완료 name=오혜성 total=144/250 today=55/86
[2026-06-16 16:45:11] 다음 가입 예약: 2026-06-16 16:53:49까지 대기
[2026-06-16 16:53:49] 신규 대상 시작 plan={'sex': '여자', 'day': '월수'}
[2026-06-16 16:53:51] 회원가입 시도 1/4
[2026-06-16 16:53:51] 회원가입 시작 sheet=BG plan={'sex': '여자', 'day': '월수'}
[2026-06-16 16:53:56] 회원가입 폼 진입 완료
[2026-06-16 16:53:58] 우편번호 검색 query=대구 북구 구리로 254
[2026-06-16 16:53:59] 우편번호 입력 완료 zip=41418 addr=대구 북구 구리로 254 (국우동, 칠곡현대아파트)
[2026-06-16 16:54:00] 회원가입 제출 클릭 name=민예주 id=explorercol7095 school=대구도남초등학교
[2026-06-16 16:54:01] 회원가입 알림 name=민예주 id=explorercol7095 message=회원 가입하시겠습니까?
[2026-06-16 16:54:01] 회원가입 알림 name=민예주 id=explorercol7095 message=회원 가입에 감사드립니다.
[2026-06-16 16:54:12] 회원가입 검증 완료 name=민예주 day=월수 dialogs=['회원 가입하시겠습니까?', '회원 가입에 감사드립니다.']
[2026-06-16 16:54:12] 수강신청 시도 1 name=민예주 id=explorercol7095
[2026-06-16 16:54:12] 수강신청 시작 name=민예주 sheet=BG day=월수
[2026-06-16 16:54:19] BG 과정 선택 완료 day=월수 course_id=3_29 label='' week_filter=False
[2026-06-16 16:54:19] 수강신청 요일 선택 완료 name=민예주 day=월수
[2026-06-16 16:54:21] 수강신청 1차 제출 완료 name=민예주
[2026-06-16 16:54:24] 수강신청 최종 제출 완료 name=민예주
민예주 신청 완료 / 총 145명, 오늘 56명 추가되었습니다.
[2026-06-16 16:54:25] 기록 저장 완료 name=민예주 total=145 today=56
[2026-06-16 16:54:26] 대상 완료 name=민예주 total=145/250 today=56/86
[2026-06-16 16:54:28] 다음 가입 예약: 2026-06-16 17:01:29까지 대기
[2026-06-16 17:01:29] 신규 대상 시작 plan={'sex': '여자', 'day': '화목'}
[2026-06-16 17:01:31] 회원가입 시도 1/4
[2026-06-16 17:01:31] 회원가입 시작 sheet=BG plan={'sex': '여자', 'day': '화목'}
[2026-06-16 17:01:37] 회원가입 폼 진입 완료
[2026-06-16 17:01:38] 우편번호 검색 query=대구 북구 국우동 1079
[2026-06-16 17:01:39] 우편번호 입력 완료 zip=41420 addr=대구 북구 학정동로 7 (국우동, 부영아파트)
[2026-06-16 17:01:40] 회원가입 제출 클릭 name=우이음 id=herodopefacj557 school=대구태암초등학교
[2026-06-16 17:01:41] 회원가입 알림 name=우이음 id=herodopefacj557 message=회원 가입하시겠습니까?
[2026-06-16 17:01:42] 회원가입 알림 name=우이음 id=herodopefacj557 message=회원 가입에 감사드립니다.
[2026-06-16 17:01:51] 회원가입 검증 완료 name=우이음 day=화목 dialogs=['회원 가입하시겠습니까?', '회원 가입에 감사드립니다.']
[2026-06-16 17:01:51] 수강신청 시도 1 name=우이음 id=herodopefacj557
[2026-06-16 17:01:51] 수강신청 시작 name=우이음 sheet=BG day=화목
[2026-06-16 17:01:58] BG 과정 선택 완료 day=화목 course_id=4_30 label='' week_filter=False
[2026-06-16 17:01:58] 수강신청 요일 선택 완료 name=우이음 day=화목
[2026-06-16 17:02:00] 수강신청 1차 제출 완료 name=우이음
[2026-06-16 17:02:03] 수강신청 최종 제출 완료 name=우이음
우이음 신청 완료 / 총 146명, 오늘 57명 추가되었습니다.
[2026-06-16 17:02:04] 기록 저장 완료 name=우이음 total=146 today=57
[2026-06-16 17:02:05] 대상 완료 name=우이음 total=146/250 today=57/86
[2026-06-16 17:02:08] 다음 가입 예약: 2026-06-16 17:08:23까지 대기
[2026-06-16 17:08:23] 신규 대상 시작 plan={'sex': '남자', 'day': '월수'}
[2026-06-16 17:08:26] 회원가입 시도 1/4
[2026-06-16 17:08:26] 회원가입 시작 sheet=BG plan={'sex': '남자', 'day': '월수'}
[2026-06-16 17:08:32] 회원가입 폼 진입 완료
[2026-06-16 17:08:35] 우편번호 검색 query=대구 북구 공항로 84
[2026-06-16 17:08:36] 우편번호 입력 완료 zip=41528 addr=대구 북구 공항로 84 (복현동, 복현우방타운)
[2026-06-16 17:08:37] 회원가입 제출 클릭 name=박유신 id=gucciomegag766 school=대구복현초등학교
[2026-06-16 17:08:38] 회원가입 알림 name=박유신 id=gucciomegag766 message=회원 가입하시겠습니까?
[2026-06-16 17:08:39] 회원가입 알림 name=박유신 id=gucciomegag766 message=회원 가입에 감사드립니다.
[2026-06-16 17:08:48] 회원가입 검증 완료 name=박유신 day=월수 dialogs=['회원 가입하시겠습니까?', '회원 가입에 감사드립니다.']
[2026-06-16 17:08:48] 수강신청 시도 1 name=박유신 id=gucciomegag766
[2026-06-16 17:08:48] 수강신청 시작 name=박유신 sheet=BG day=월수
[2026-06-16 17:08:55] BG 과정 선택 완료 day=월수 course_id=3_29 label='' week_filter=False
[2026-06-16 17:08:55] 수강신청 요일 선택 완료 name=박유신 day=월수
[2026-06-16 17:08:57] 수강신청 1차 제출 완료 name=박유신
[2026-06-16 17:09:01] 수강신청 최종 제출 완료 name=박유신
박유신 신청 완료 / 총 147명, 오늘 58명 추가되었습니다.
[2026-06-16 17:09:01] 기록 저장 완료 name=박유신 total=147 today=58
[2026-06-16 17:09:02] 대상 완료 name=박유신 total=147/250 today=58/86
[2026-06-16 17:09:04] 다음 가입 예약: 2026-06-16 17:18:57까지 대기
[2026-06-16 17:18:57] 신규 대상 시작 plan={'sex': '남자', 'day': '월수'}
[2026-06-16 17:18:59] 회원가입 시도 1/4
[2026-06-16 17:18:59] 회원가입 시작 sheet=BG plan={'sex': '남자', 'day': '월수'}
[2026-06-16 17:19:04] 회원가입 폼 진입 완료
[2026-06-16 17:19:06] 우편번호 검색 query=대구 북구 대천로 101
[2026-06-16 17:19:07] 우편번호 입력 완료 zip=41427 addr=대구 북구 대천로 101 (동천동, 칠곡3차화성타운)
[2026-06-16 17:19:08] 회원가입 제출 클릭 name=장정빈 id=communityfit96t school=대구동평초등학교
[2026-06-16 17:19:08] 회원가입 알림 name=장정빈 id=communityfit96t message=회원 가입하시겠습니까?
[2026-06-16 17:19:09] 회원가입 알림 name=장정빈 id=communityfit96t message=회원 가입에 감사드립니다.
[2026-06-16 17:19:19] 회원가입 검증 완료 name=장정빈 day=월수 dialogs=['회원 가입하시겠습니까?', '회원 가입에 감사드립니다.']
[2026-06-16 17:19:19] 수강신청 시도 1 name=장정빈 id=communityfit96t
[2026-06-16 17:19:19] 수강신청 시작 name=장정빈 sheet=BG day=월수
[2026-06-16 17:19:26] BG 과정 선택 완료 day=월수 course_id=3_29 label='' week_filter=False
[2026-06-16 17:19:26] 수강신청 요일 선택 완료 name=장정빈 day=월수
[2026-06-16 17:19:28] 수강신청 1차 제출 완료 name=장정빈
[2026-06-16 17:19:31] 수강신청 최종 제출 완료 name=장정빈
장정빈 신청 완료 / 총 148명, 오늘 59명 추가되었습니다.
[2026-06-16 17:19:32] 기록 저장 완료 name=장정빈 total=148 today=59
[2026-06-16 17:19:33] 대상 완료 name=장정빈 total=148/250 today=59/86
[2026-06-16 17:19:35] 다음 가입 예약: 2026-06-16 17:24:31까지 대기
[2026-06-16 17:24:31] 신규 대상 시작 plan={'sex': '남자', 'day': '화목'}
[2026-06-16 17:24:33] 회원가입 시도 1/4
[2026-06-16 17:24:33] 회원가입 시작 sheet=BG plan={'sex': '남자', 'day': '화목'}
[2026-06-16 17:24:38] 회원가입 폼 진입 완료
[2026-06-16 17:24:40] 우편번호 검색 query=대구 북구 동변로 50
[2026-06-16 17:24:41] 우편번호 입력 완료 zip=41414 addr=대구 북구 동변로 50 (동변동, 유니버시아드선수촌)
[2026-06-16 17:24:42] 회원가입 제출 클릭 name=윤도겸 id=crashythera6533 school=대구동변초등학교
[2026-06-16 17:24:43] 회원가입 알림 name=윤도겸 id=crashythera6533 message=회원 가입하시겠습니까?
[2026-06-16 17:24:43] 회원가입 알림 name=윤도겸 id=crashythera6533 message=회원 가입에 감사드립니다.
[2026-06-16 17:24:53] 회원가입 검증 완료 name=윤도겸 day=화목 dialogs=['회원 가입하시겠습니까?', '회원 가입에 감사드립니다.']
[2026-06-16 17:24:53] 수강신청 시도 1 name=윤도겸 id=crashythera6533
[2026-06-16 17:24:53] 수강신청 시작 name=윤도겸 sheet=BG day=화목
[2026-06-16 17:25:00] BG 과정 선택 완료 day=화목 course_id=4_30 label='' week_filter=False
[2026-06-16 17:25:00] 수강신청 요일 선택 완료 name=윤도겸 day=화목
[2026-06-16 17:25:02] 수강신청 1차 제출 완료 name=윤도겸
[2026-06-16 17:25:05] 수강신청 최종 제출 완료 name=윤도겸
윤도겸 신청 완료 / 총 149명, 오늘 60명 추가되었습니다.
[2026-06-16 17:25:06] 기록 저장 완료 name=윤도겸 total=149 today=60
[2026-06-16 17:25:08] 대상 완료 name=윤도겸 total=149/250 today=60/86
[2026-06-16 17:25:09] 다음 가입 예약: 2026-06-16 17:35:39까지 대기
[2026-06-16 17:35:39] 신규 대상 시작 plan={'sex': '남자', 'day': '월수'}
[2026-06-16 17:35:41] 회원가입 시도 1/4
[2026-06-16 17:35:41] 회원가입 시작 sheet=BG plan={'sex': '남자', 'day': '월수'}
[2026-06-16 17:35:46] 회원가입 폼 진입 완료
[2026-06-16 17:35:48] 우편번호 검색 query=대구 북구 읍내동 794
[2026-06-16 17:35:49] 우편번호 입력 완료 zip=41433 addr=대구 북구 칠곡중앙대로110길 5 (읍내동, 대구칠곡초등학교)
[2026-06-16 17:35:50] 회원가입 제출 클릭 name=김재빈 id=focustrainer48z school=대구칠곡초등학교
[2026-06-16 17:35:51] 회원가입 알림 name=김재빈 id=focustrainer48z message=회원 가입하시겠습니까?
[2026-06-16 17:35:51] 회원가입 알림 name=김재빈 id=focustrainer48z message=회원 가입에 감사드립니다.
[2026-06-16 17:36:01] 회원가입 검증 완료 name=김재빈 day=월수 dialogs=['회원 가입하시겠습니까?', '회원 가입에 감사드립니다.']
[2026-06-16 17:36:01] 수강신청 시도 1 name=김재빈 id=focustrainer48z
[2026-06-16 17:36:01] 수강신청 시작 name=김재빈 sheet=BG day=월수
[2026-06-16 17:36:08] BG 과정 선택 완료 day=월수 course_id=3_29 label='' week_filter=False
[2026-06-16 17:36:08] 수강신청 요일 선택 완료 name=김재빈 day=월수
[2026-06-16 17:36:10] 수강신청 1차 제출 완료 name=김재빈
[2026-06-16 17:36:14] 수강신청 최종 제출 완료 name=김재빈
김재빈 신청 완료 / 총 150명, 오늘 61명 추가되었습니다.
[2026-06-16 17:36:14] 기록 저장 완료 name=김재빈 total=150 today=61
[2026-06-16 17:36:16] 대상 완료 name=김재빈 total=150/250 today=61/86
[2026-06-16 17:36:18] 다음 가입 예약: 2026-06-16 17:42:41까지 대기
[2026-06-16 17:42:41] 신규 대상 시작 plan={'sex': '남자', 'day': '월수'}
[2026-06-16 17:42:43] 회원가입 시도 1/4
[2026-06-16 17:42:43] 회원가입 시작 sheet=BG plan={'sex': '남자', 'day': '월수'}
[2026-06-16 17:42:49] 회원가입 폼 진입 완료
[2026-06-16 17:42:51] 우편번호 검색 query=대구 북구 동천로 156
[2026-06-16 17:42:52] 우편번호 입력 완료 zip=41421 addr=대구 북구 동천로 156 (동천동, 동화골든빌)
[2026-06-16 17:42:53] 회원가입 제출 클릭 name=이상우 id=hongdreamerc978 school=대구태암초등학교
[2026-06-16 17:42:54] 회원가입 알림 name=이상우 id=hongdreamerc978 message=회원 가입하시겠습니까?
[2026-06-16 17:42:54] 회원가입 알림 name=이상우 id=hongdreamerc978 message=회원 가입에 감사드립니다.
[2026-06-16 17:43:03] 회원가입 검증 완료 name=이상우 day=월수 dialogs=['회원 가입하시겠습니까?', '회원 가입에 감사드립니다.']
[2026-06-16 17:43:03] 수강신청 시도 1 name=이상우 id=hongdreamerc978
[2026-06-16 17:43:03] 수강신청 시작 name=이상우 sheet=BG day=월수
[2026-06-16 17:43:10] BG 과정 선택 완료 day=월수 course_id=3_29 label='' week_filter=False
[2026-06-16 17:43:10] 수강신청 요일 선택 완료 name=이상우 day=월수
[2026-06-16 17:43:12] 수강신청 1차 제출 완료 name=이상우
[2026-06-16 17:43:16] 수강신청 최종 제출 완료 name=이상우
이상우 신청 완료 / 총 151명, 오늘 62명 추가되었습니다.
[2026-06-16 17:43:16] 기록 저장 완료 name=이상우 total=151 today=62
[2026-06-16 17:43:17] 대상 완료 name=이상우 total=151/250 today=62/86
[2026-06-16 17:43:19] 다음 가입 예약: 2026-06-16 17:50:07까지 대기
[2026-06-16 17:50:07] 신규 대상 시작 plan={'sex': '남자', 'day': '월수'}
[2026-06-16 17:50:10] 회원가입 시도 1/4
[2026-06-16 17:50:10] 회원가입 시작 sheet=BG plan={'sex': '남자', 'day': '월수'}
[2026-06-16 17:50:17] 회원가입 폼 진입 완료
[2026-06-16 17:50:21] 우편번호 검색 query=대구 북구 학정동로 40
[2026-06-16 17:50:22] 주소 지역 불일치 query=대구 북구 학정동로 40 result=대구 군위군 군위읍 골안길 40
[2026-06-16 17:50:23] 우편번호 검색 query=대구 북구 학정동로 40
[2026-06-16 17:50:23] 주소 지역 불일치 query=대구 북구 학정동로 40 result=대구 군위군 군위읍 골안길 40
[2026-06-16 17:50:23] 우편번호 검색 query=대구학남초등학교
[2026-06-16 17:50:24] 우편번호 입력 완료 zip=41420 addr=대구 북구 학정동로 23 (국우동, 대구학남초등학교)
[2026-06-16 17:50:25] 회원가입 제출 클릭 name=이필립 id=englishempap491 school=대구학남초등학교
[2026-06-16 17:50:26] 회원가입 알림 name=이필립 id=englishempap491 message=회원 가입하시겠습니까?
[2026-06-16 17:50:26] 회원가입 알림 name=이필립 id=englishempap491 message=회원 가입에 감사드립니다.
[2026-06-16 17:50:36] 회원가입 검증 완료 name=이필립 day=월수 dialogs=['회원 가입하시겠습니까?', '회원 가입에 감사드립니다.']
[2026-06-16 17:50:36] 수강신청 시도 1 name=이필립 id=englishempap491
[2026-06-16 17:50:36] 수강신청 시작 name=이필립 sheet=BG day=월수
[2026-06-16 17:50:43] BG 과정 선택 완료 day=월수 course_id=3_29 label='' week_filter=False
[2026-06-16 17:50:43] 수강신청 요일 선택 완료 name=이필립 day=월수
[2026-06-16 17:50:44] 수강신청 1차 제출 완료 name=이필립
[2026-06-16 17:50:48] 수강신청 최종 제출 완료 name=이필립
이필립 신청 완료 / 총 152명, 오늘 63명 추가되었습니다.
[2026-06-16 17:50:48] 기록 저장 완료 name=이필립 total=152 today=63
[2026-06-16 17:50:49] 대상 완료 name=이필립 total=152/250 today=63/86
[2026-06-16 17:50:51] 다음 가입 예약: 2026-06-16 17:58:04까지 대기
[2026-06-16 17:58:04] 신규 대상 시작 plan={'sex': '여자', 'day': '화목'}
[2026-06-16 17:58:07] 회원가입 시도 1/4
[2026-06-16 17:58:07] 회원가입 시작 sheet=BG plan={'sex': '여자', 'day': '화목'}
[2026-06-16 17:58:15] 회원가입 폼 진입 완료
[2026-06-16 17:58:20] 우편번호 검색 query=대구 북구 학남로 60
[2026-06-16 17:58:32] 우편번호 검색 query=대구 북구 학남로 60
[2026-06-16 17:58:32] 우편번호 검색 실패 query=대구 북구 학남로 60 error=Error('Locator.count: Execution context was destroyed, most likely because of a navigation')
[2026-06-16 17:58:33] 우편번호 검색 query=대구학남초등학교
[2026-06-16 17:58:34] 우편번호 입력 완료 zip=41420 addr=대구 북구 학정동로 23 (국우동, 대구학남초등학교)
[2026-06-16 17:58:35] 회원가입 제출 클릭 name=박민경 id=sloshededucy815 school=대구학남초등학교
[2026-06-16 17:58:36] 회원가입 알림 name=박민경 id=sloshededucy815 message=회원 가입하시겠습니까?
[2026-06-16 17:58:36] 회원가입 알림 name=박민경 id=sloshededucy815 message=회원 가입에 감사드립니다.
[2026-06-16 17:58:46] 회원가입 검증 완료 name=박민경 day=화목 dialogs=['회원 가입하시겠습니까?', '회원 가입에 감사드립니다.']
[2026-06-16 17:58:46] 수강신청 시도 1 name=박민경 id=sloshededucy815
[2026-06-16 17:58:46] 수강신청 시작 name=박민경 sheet=BG day=화목
[2026-06-16 17:58:53] BG 과정 선택 완료 day=화목 course_id=4_30 label='' week_filter=False
[2026-06-16 17:58:53] 수강신청 요일 선택 완료 name=박민경 day=화목
[2026-06-16 17:58:55] 수강신청 1차 제출 완료 name=박민경
[2026-06-16 17:58:58] 수강신청 최종 제출 완료 name=박민경
박민경 신청 완료 / 총 153명, 오늘 64명 추가되었습니다.
[2026-06-16 17:58:59] 기록 저장 완료 name=박민경 total=153 today=64
[2026-06-16 17:59:00] 대상 완료 name=박민경 total=153/250 today=64/86
[2026-06-16 17:59:02] 다음 가입 예약: 2026-06-16 18:10:13까지 대기
[2026-06-16 18:10:13] 신규 대상 시작 plan={'sex': '남자', 'day': '월수'}
[2026-06-16 18:10:16] 회원가입 시도 1/4
[2026-06-16 18:10:16] 회원가입 시작 sheet=BG plan={'sex': '남자', 'day': '월수'}
[2026-06-16 18:10:23] 회원가입 폼 진입 완료
[2026-06-16 18:10:26] 우편번호 검색 query=대구 북구 학남로 60
[2026-06-16 18:10:27] 주소 지역 불일치 query=대구 북구 학남로 60 result=대구 군위군 군위읍 광현길 12-60
[2026-06-16 18:10:27] 우편번호 검색 query=대구 북구 학남로 60
[2026-06-16 18:10:27] 주소 지역 불일치 query=대구 북구 학남로 60 result=대구 군위군 군위읍 광현길 12-60
[2026-06-16 18:10:27] 우편번호 검색 query=대구학남초등학교
[2026-06-16 18:10:28] 우편번호 입력 완료 zip=41417 addr=대구 북구 학남로 60 (학정동, 칠곡7주공아파트)
[2026-06-16 18:10:29] 회원가입 제출 클릭 name=심시준 id=inspirelogi4832 school=대구학남초등학교
[2026-06-16 18:10:29] 회원가입 알림 name=심시준 id=inspirelogi4832 message=회원 가입하시겠습니까?
[2026-06-16 18:10:30] 회원가입 알림 name=심시준 id=inspirelogi4832 message=회원 가입하시겠습니까?
[2026-06-16 18:10:30] 회원가입 알림 name=심시준 id=inspirelogi4832 message=회원 가입에 감사드립니다.
[2026-06-16 18:10:40] 회원가입 검증 완료 name=심시준 day=월수 dialogs=['회원 가입하시겠습니까?', '회원 가입하시겠습니까?', '회원 가입에 감사드립니다.']
[2026-06-16 18:10:40] 수강신청 시도 1 name=심시준 id=inspirelogi4832
[2026-06-16 18:10:40] 수강신청 시작 name=심시준 sheet=BG day=월수
[2026-06-16 18:10:47] BG 과정 선택 완료 day=월수 course_id=3_29 label='' week_filter=False
[2026-06-16 18:10:47] 수강신청 요일 선택 완료 name=심시준 day=월수
[2026-06-16 18:10:49] 수강신청 1차 제출 완료 name=심시준
[2026-06-16 18:10:53] 수강신청 최종 제출 완료 name=심시준
심시준 신청 완료 / 총 154명, 오늘 65명 추가되었습니다.
[2026-06-16 18:10:54] 기록 저장 완료 name=심시준 total=154 today=65
[2026-06-16 18:10:55] 대상 완료 name=심시준 total=154/250 today=65/86
[2026-06-16 18:10:57] 다음 가입 예약: 2026-06-16 18:17:38까지 대기
[2026-06-16 18:17:38] 신규 대상 시작 plan={'sex': '여자', 'day': '화목'}
[2026-06-16 18:17:40] 회원가입 시도 1/4
[2026-06-16 18:17:40] 회원가입 시작 sheet=BG plan={'sex': '여자', 'day': '화목'}
[2026-06-16 18:17:45] 회원가입 폼 진입 완료
[2026-06-16 18:17:47] 우편번호 검색 query=대구 북구 연경중앙로 55
[2026-06-16 18:17:49] 우편번호 입력 완료 zip=41409 addr=대구 북구 연경중앙로 55 (연경동, 대구연경 연경숲)
[2026-06-16 18:17:49] 회원가입 제출 클릭 name=남채연 id=breadcrumbi5465 school=대구연경초등학교
[2026-06-16 18:17:50] 회원가입 알림 name=남채연 id=breadcrumbi5465 message=회원 가입하시겠습니까?
[2026-06-16 18:17:51] 회원가입 알림 name=남채연 id=breadcrumbi5465 message=회원 가입에 감사드립니다.
[2026-06-16 18:18:00] 회원가입 검증 완료 name=남채연 day=화목 dialogs=['회원 가입하시겠습니까?', '회원 가입에 감사드립니다.']
[2026-06-16 18:18:00] 수강신청 시도 1 name=남채연 id=breadcrumbi5465
[2026-06-16 18:18:00] 수강신청 시작 name=남채연 sheet=BG day=화목
[2026-06-16 18:18:07] BG 과정 선택 완료 day=화목 course_id=4_30 label='' week_filter=False
[2026-06-16 18:18:07] 수강신청 요일 선택 완료 name=남채연 day=화목
[2026-06-16 18:18:09] 수강신청 1차 제출 완료 name=남채연
[2026-06-16 18:18:12] 수강신청 최종 제출 완료 name=남채연
남채연 신청 완료 / 총 155명, 오늘 66명 추가되었습니다.
[2026-06-16 18:18:13] 기록 저장 완료 name=남채연 total=155 today=66
[2026-06-16 18:18:15] 대상 완료 name=남채연 total=155/250 today=66/86
[2026-06-16 18:18:17] 다음 가입 예약: 2026-06-16 18:23:38까지 대기
[2026-06-16 18:23:38] 신규 대상 시작 plan={'sex': '남자', 'day': '월수'}
[2026-06-16 18:23:40] 회원가입 시도 1/4
[2026-06-16 18:23:40] 회원가입 시작 sheet=BG plan={'sex': '남자', 'day': '월수'}
[2026-06-16 18:23:45] 회원가입 폼 진입 완료
[2026-06-16 18:23:47] 우편번호 검색 query=대구 북구 학남로 60
[2026-06-16 18:23:48] 우편번호 입력 완료 zip=41417 addr=대구 북구 학남로 60 (학정동, 칠곡7주공아파트)
[2026-06-16 18:23:49] 회원가입 제출 클릭 name=이지우 id=epiccommuniv560 school=대구학남초등학교
[2026-06-16 18:23:50] 회원가입 알림 name=이지우 id=epiccommuniv560 message=회원 가입하시겠습니까?
[2026-06-16 18:23:50] 회원가입 알림 name=이지우 id=epiccommuniv560 message=회원 가입에 감사드립니다.
[2026-06-16 18:24:00] 회원가입 검증 완료 name=이지우 day=월수 dialogs=['회원 가입하시겠습니까?', '회원 가입에 감사드립니다.']
[2026-06-16 18:24:00] 수강신청 시도 1 name=이지우 id=epiccommuniv560
[2026-06-16 18:24:00] 수강신청 시작 name=이지우 sheet=BG day=월수
[2026-06-16 18:24:07] BG 과정 선택 완료 day=월수 course_id=3_29 label='' week_filter=False
[2026-06-16 18:24:07] 수강신청 요일 선택 완료 name=이지우 day=월수
[2026-06-16 18:24:09] 수강신청 1차 제출 완료 name=이지우
[2026-06-16 18:24:12] 수강신청 최종 제출 완료 name=이지우
이지우 신청 완료 / 총 156명, 오늘 67명 추가되었습니다.
[2026-06-16 18:24:13] 기록 저장 완료 name=이지우 total=156 today=67
[2026-06-16 18:24:15] 대상 완료 name=이지우 total=156/250 today=67/86
[2026-06-16 18:24:17] 다음 가입 예약: 2026-06-16 18:32:22까지 대기
[2026-06-16 18:32:22] 신규 대상 시작 plan={'sex': '남자', 'day': '월수'}
[2026-06-16 18:32:24] 회원가입 시도 1/4
[2026-06-16 18:32:24] 회원가입 시작 sheet=BG plan={'sex': '남자', 'day': '월수'}
[2026-06-16 18:32:30] 회원가입 폼 진입 완료
[2026-06-16 18:32:32] 우편번호 검색 query=대구광역시 북구 국우동 1079
[2026-06-16 18:32:33] 우편번호 입력 완료 zip=41420 addr=대구 북구 학정동로 7 (국우동, 부영아파트)
[2026-06-16 18:32:34] 회원가입 제출 클릭 name=노은찬 id=motivatorfri42y school=대구도남초등학교
[2026-06-16 18:32:34] 회원가입 알림 name=노은찬 id=motivatorfri42y message=회원 가입하시겠습니까?
[2026-06-16 18:32:35] 회원가입 알림 name=노은찬 id=motivatorfri42y message=회원 가입에 감사드립니다.
[2026-06-16 18:32:45] 회원가입 검증 완료 name=노은찬 day=월수 dialogs=['회원 가입하시겠습니까?', '회원 가입에 감사드립니다.']
[2026-06-16 18:32:45] 수강신청 시도 1 name=노은찬 id=motivatorfri42y
[2026-06-16 18:32:45] 수강신청 시작 name=노은찬 sheet=BG day=월수
[2026-06-16 18:32:52] BG 과정 선택 완료 day=월수 course_id=3_29 label='' week_filter=False
[2026-06-16 18:32:52] 수강신청 요일 선택 완료 name=노은찬 day=월수
[2026-06-16 18:32:54] 수강신청 1차 제출 완료 name=노은찬
[2026-06-16 18:32:57] 수강신청 최종 제출 완료 name=노은찬
노은찬 신청 완료 / 총 157명, 오늘 68명 추가되었습니다.
[2026-06-16 18:32:58] 기록 저장 완료 name=노은찬 total=157 today=68
[2026-06-16 18:33:00] 대상 완료 name=노은찬 total=157/250 today=68/86
[2026-06-16 18:33:01] 다음 가입 예약: 2026-06-16 18:35:07까지 대기
[2026-06-16 18:35:07] 신규 대상 시작 plan={'sex': '남자', 'day': '화목'}
[2026-06-16 18:35:09] 회원가입 시도 1/4
[2026-06-16 18:35:09] 회원가입 시작 sheet=BG plan={'sex': '남자', 'day': '화목'}
[2026-06-16 18:35:14] 회원가입 폼 진입 완료
[2026-06-16 18:35:16] 우편번호 검색 query=대구 북구 동북로 241
[2026-06-16 18:35:17] 우편번호 입력 완료 zip=41526 addr=대구 북구 동북로 241 (복현동, 복현아이파크)
[2026-06-16 18:35:18] 회원가입 제출 클릭 name=박해성 id=independent4892 school=대구복현초등학교
[2026-06-16 18:35:18] 회원가입 알림 name=박해성 id=independent4892 message=회원 가입하시겠습니까?
[2026-06-16 18:35:19] 회원가입 알림 name=박해성 id=independent4892 message=회원 가입하시겠습니까?
[2026-06-16 18:35:19] 회원가입 알림 name=박해성 id=independent4892 message=회원 가입에 감사드립니다.
[2026-06-16 18:35:28] 회원가입 검증 완료 name=박해성 day=화목 dialogs=['회원 가입하시겠습니까?', '회원 가입하시겠습니까?', '회원 가입에 감사드립니다.']
[2026-06-16 18:35:28] 수강신청 시도 1 name=박해성 id=independent4892
[2026-06-16 18:35:28] 수강신청 시작 name=박해성 sheet=BG day=화목
[2026-06-16 18:35:36] BG 과정 선택 완료 day=화목 course_id=4_30 label='' week_filter=False
[2026-06-16 18:35:36] 수강신청 요일 선택 완료 name=박해성 day=화목
[2026-06-16 18:35:37] 수강신청 1차 제출 완료 name=박해성
[2026-06-16 18:35:41] 수강신청 최종 제출 완료 name=박해성
박해성 신청 완료 / 총 158명, 오늘 69명 추가되었습니다.
[2026-06-16 18:35:42] 기록 저장 완료 name=박해성 total=158 today=69
[2026-06-16 18:35:43] 대상 완료 name=박해성 total=158/250 today=69/86
[2026-06-16 18:35:44] 다음 가입 예약: 2026-06-16 18:40:10까지 대기
[2026-06-16 18:40:10] 신규 대상 시작 plan={'sex': '남자', 'day': '화목'}
[2026-06-16 18:40:13] 회원가입 시도 1/4
[2026-06-16 18:40:13] 회원가입 시작 sheet=BG plan={'sex': '남자', 'day': '화목'}
[2026-06-16 18:40:19] 회원가입 폼 진입 완료
[2026-06-16 18:40:22] 우편번호 검색 query=대구 북구 매전로 50-42
[2026-06-16 18:40:22] 우편번호 검색 실패 query=대구 북구 매전로 50-42 error=Error('Locator.count: Execution context was destroyed, most likely because of a navigation')
[2026-06-16 18:40:24] 우편번호 검색 query=대구 북구 매전로 50-42
[2026-06-16 18:40:24] 우편번호 입력 완료 zip=41471 addr=대구 북구 매전로 50-42 (태전동)
[2026-06-16 18:40:25] 회원가입 제출 클릭 name=고상현 id=moderatorle5160 school=대구관문초등학교
[2026-06-16 18:40:26] 회원가입 알림 name=고상현 id=moderatorle5160 message=회원 가입하시겠습니까?
[2026-06-16 18:40:27] 회원가입 알림 name=고상현 id=moderatorle5160 message=회원 가입에 감사드립니다.
[2026-06-16 18:40:37] 회원가입 검증 완료 name=고상현 day=화목 dialogs=['회원 가입하시겠습니까?', '회원 가입에 감사드립니다.']
[2026-06-16 18:40:37] 수강신청 시도 1 name=고상현 id=moderatorle5160
[2026-06-16 18:40:37] 수강신청 시작 name=고상현 sheet=BG day=화목
[2026-06-16 18:40:44] BG 과정 선택 완료 day=화목 course_id=4_30 label='' week_filter=False
[2026-06-16 18:40:44] 수강신청 요일 선택 완료 name=고상현 day=화목
[2026-06-16 18:40:46] 수강신청 1차 제출 완료 name=고상현
[2026-06-16 18:40:49] 수강신청 최종 제출 완료 name=고상현
고상현 신청 완료 / 총 159명, 오늘 70명 추가되었습니다.
[2026-06-16 18:40:49] 기록 저장 완료 name=고상현 total=159 today=70
[2026-06-16 18:40:50] 대상 완료 name=고상현 total=159/250 today=70/86
[2026-06-16 18:40:52] 다음 가입 예약: 2026-06-16 18:47:26까지 대기
[2026-06-16 18:47:26] 신규 대상 시작 plan={'sex': '남자', 'day': '화목'}
[2026-06-16 18:47:28] 회원가입 시도 1/4
[2026-06-16 18:47:28] 회원가입 시작 sheet=BG plan={'sex': '남자', 'day': '화목'}
[2026-06-16 18:47:33] 회원가입 폼 진입 완료
[2026-06-16 18:47:35] 우편번호 검색 query=대구 북구 읍내동 794
[2026-06-16 18:47:36] 우편번호 입력 완료 zip=41433 addr=대구 북구 칠곡중앙대로110길 5 (읍내동, 대구칠곡초등학교)
[2026-06-16 18:47:37] 회원가입 제출 클릭 name=김하준 id=developerac3872 school=대구칠곡초등학교
[2026-06-16 18:47:38] 회원가입 알림 name=김하준 id=developerac3872 message=회원 가입하시겠습니까?
[2026-06-16 18:47:39] 회원가입 알림 name=김하준 id=developerac3872 message=회원 가입에 감사드립니다.
[2026-06-16 18:47:49] 회원가입 검증 완료 name=김하준 day=화목 dialogs=['회원 가입하시겠습니까?', '회원 가입에 감사드립니다.']
[2026-06-16 18:47:49] 수강신청 시도 1 name=김하준 id=developerac3872
[2026-06-16 18:47:49] 수강신청 시작 name=김하준 sheet=BG day=화목
[2026-06-16 18:47:56] BG 과정 선택 완료 day=화목 course_id=4_30 label='' week_filter=False
[2026-06-16 18:47:56] 수강신청 요일 선택 완료 name=김하준 day=화목
[2026-06-16 18:47:58] 수강신청 1차 제출 완료 name=김하준
[2026-06-16 18:48:01] 수강신청 최종 제출 완료 name=김하준
김하준 신청 완료 / 총 160명, 오늘 71명 추가되었습니다.
[2026-06-16 18:48:02] 기록 저장 완료 name=김하준 total=160 today=71
[2026-06-16 18:48:04] 대상 완료 name=김하준 total=160/250 today=71/86
[2026-06-16 18:48:06] 다음 가입 예약: 2026-06-16 19:01:30까지 대기
[2026-06-16 19:01:30] 신규 대상 시작 plan={'sex': '여자', 'day': '화목'}
[2026-06-16 19:01:32] 회원가입 시도 1/4
[2026-06-16 19:01:32] 회원가입 시작 sheet=BG plan={'sex': '여자', 'day': '화목'}
[2026-06-16 19:01:37] 회원가입 폼 진입 완료
[2026-06-16 19:01:39] 우편번호 검색 query=대구 북구 공항로 84
[2026-06-16 19:01:40] 우편번호 입력 완료 zip=41528 addr=대구 북구 공항로 84 (복현동, 복현우방타운)
[2026-06-16 19:01:41] 회원가입 제출 클릭 name=김정인 id=dreamwizardx265 school=대구복현초등학교
[2026-06-16 19:01:42] 회원가입 알림 name=김정인 id=dreamwizardx265 message=회원 가입하시겠습니까?
[2026-06-16 19:01:42] 회원가입 알림 name=김정인 id=dreamwizardx265 message=회원 가입에 감사드립니다.
[2026-06-16 19:01:52] 회원가입 검증 완료 name=김정인 day=화목 dialogs=['회원 가입하시겠습니까?', '회원 가입에 감사드립니다.']
[2026-06-16 19:01:52] 수강신청 시도 1 name=김정인 id=dreamwizardx265
[2026-06-16 19:01:52] 수강신청 시작 name=김정인 sheet=BG day=화목
[2026-06-16 19:01:59] BG 과정 선택 완료 day=화목 course_id=4_30 label='' week_filter=False
[2026-06-16 19:01:59] 수강신청 요일 선택 완료 name=김정인 day=화목
[2026-06-16 19:02:01] 수강신청 1차 제출 완료 name=김정인
[2026-06-16 19:02:04] 수강신청 최종 제출 완료 name=김정인
김정인 신청 완료 / 총 161명, 오늘 72명 추가되었습니다.
[2026-06-16 19:02:05] 기록 저장 완료 name=김정인 total=161 today=72
[2026-06-16 19:02:07] 대상 완료 name=김정인 total=161/250 today=72/86
[2026-06-16 19:02:09] 다음 가입 예약: 2026-06-16 19:06:32까지 대기
[2026-06-16 19:06:32] 신규 대상 시작 plan={'sex': '여자', 'day': '월수'}
[2026-06-16 19:06:34] 회원가입 시도 1/4
[2026-06-16 19:06:34] 회원가입 시작 sheet=BG plan={'sex': '여자', 'day': '월수'}
[2026-06-16 19:06:39] 회원가입 폼 진입 완료
[2026-06-16 19:06:41] 우편번호 검색 query=대구 북구 학남로 60
[2026-06-16 19:06:42] 우편번호 입력 완료 zip=41417 addr=대구 북구 학남로 60 (학정동, 칠곡7주공아파트)
[2026-06-16 19:06:43] 회원가입 제출 클릭 name=박민채 id=gamerplanetm737 school=대구태암초등학교
[2026-06-16 19:06:44] 회원가입 알림 name=박민채 id=gamerplanetm737 message=회원 가입하시겠습니까?
[2026-06-16 19:06:44] 회원가입 알림 name=박민채 id=gamerplanetm737 message=회원 가입에 감사드립니다.
[2026-06-16 19:06:54] 회원가입 검증 완료 name=박민채 day=월수 dialogs=['회원 가입하시겠습니까?', '회원 가입에 감사드립니다.']
[2026-06-16 19:06:54] 수강신청 시도 1 name=박민채 id=gamerplanetm737
[2026-06-16 19:06:54] 수강신청 시작 name=박민채 sheet=BG day=월수
[2026-06-16 19:07:01] BG 과정 선택 완료 day=월수 course_id=3_29 label='' week_filter=False
[2026-06-16 19:07:01] 수강신청 요일 선택 완료 name=박민채 day=월수
[2026-06-16 19:07:03] 수강신청 1차 제출 완료 name=박민채
[2026-06-16 19:07:06] 수강신청 최종 제출 완료 name=박민채
박민채 신청 완료 / 총 162명, 오늘 73명 추가되었습니다.
[2026-06-16 19:07:07] 기록 저장 완료 name=박민채 total=162 today=73
[2026-06-16 19:07:08] 대상 완료 name=박민채 total=162/250 today=73/86
[2026-06-16 19:07:10] 다음 가입 예약: 2026-06-16 19:17:28까지 대기
[2026-06-16 19:17:28] 신규 대상 시작 plan={'sex': '남자', 'day': '화목'}
[2026-06-16 19:17:30] 회원가입 시도 1/4
[2026-06-16 19:17:30] 회원가입 시작 sheet=BG plan={'sex': '남자', 'day': '화목'}
[2026-06-16 19:17:36] 회원가입 폼 진입 완료
[2026-06-16 19:17:37] 우편번호 검색 query=대구 북구 내곡로 89
[2026-06-16 19:17:38] 주소 지역 불일치 query=대구 북구 내곡로 89 result=대구 군위군 군위읍 개봉길 89-3
[2026-06-16 19:17:38] 우편번호 검색 query=대구 북구 내곡로 89
[2026-06-16 19:17:38] 주소 지역 불일치 query=대구 북구 내곡로 89 result=대구 군위군 군위읍 개봉길 89-3
[2026-06-16 19:17:39] 우편번호 검색 query=대구삼영초등학교
[2026-06-16 19:17:39] 우편번호 입력 완료 zip=41493 addr=대구 북구 내곡로 63 (사수동, 대구삼영초등학교)
[2026-06-16 19:17:40] 회원가입 제출 클릭 name=조찬혁 id=dancerroblog628 school=대구삼영초등학교
[2026-06-16 19:17:41] 회원가입 알림 name=조찬혁 id=dancerroblog628 message=회원 가입하시겠습니까?
[2026-06-16 19:17:42] 회원가입 알림 name=조찬혁 id=dancerroblog628 message=회원 가입에 감사드립니다.
[2026-06-16 19:17:51] 회원가입 검증 완료 name=조찬혁 day=화목 dialogs=['회원 가입하시겠습니까?', '회원 가입에 감사드립니다.']
[2026-06-16 19:17:51] 수강신청 시도 1 name=조찬혁 id=dancerroblog628
[2026-06-16 19:17:51] 수강신청 시작 name=조찬혁 sheet=BG day=화목
[2026-06-16 19:17:58] BG 과정 선택 완료 day=화목 course_id=4_30 label='' week_filter=False
[2026-06-16 19:17:58] 수강신청 요일 선택 완료 name=조찬혁 day=화목
[2026-06-16 19:18:00] 수강신청 1차 제출 완료 name=조찬혁
[2026-06-16 19:18:03] 수강신청 최종 제출 완료 name=조찬혁
조찬혁 신청 완료 / 총 163명, 오늘 74명 추가되었습니다.
[2026-06-16 19:18:04] 기록 저장 완료 name=조찬혁 total=163 today=74
[2026-06-16 19:18:06] 대상 완료 name=조찬혁 total=163/250 today=74/86
[2026-06-16 19:18:08] 다음 가입 예약: 2026-06-16 19:24:50까지 대기
[2026-06-16 19:24:50] 신규 대상 시작 plan={'sex': '남자', 'day': '화목'}
[2026-06-16 19:24:52] 회원가입 시도 1/4
[2026-06-16 19:24:52] 회원가입 시작 sheet=BG plan={'sex': '남자', 'day': '화목'}
[2026-06-16 19:24:57] 회원가입 폼 진입 완료
[2026-06-16 19:24:59] 우편번호 검색 query=대구 북구 동천로 156
[2026-06-16 19:25:00] 우편번호 입력 완료 zip=41421 addr=대구 북구 동천로 156 (동천동, 동화골든빌)
[2026-06-16 19:25:01] 회원가입 제출 클릭 name=구유겸 id=snapchatdesi288 school=대구태암초등학교
[2026-06-16 19:25:02] 회원가입 알림 name=구유겸 id=snapchatdesi288 message=회원 가입하시겠습니까?
[2026-06-16 19:25:02] 회원가입 알림 name=구유겸 id=snapchatdesi288 message=회원 가입에 감사드립니다.
[2026-06-16 19:25:12] 회원가입 검증 완료 name=구유겸 day=화목 dialogs=['회원 가입하시겠습니까?', '회원 가입에 감사드립니다.']
[2026-06-16 19:25:12] 수강신청 시도 1 name=구유겸 id=snapchatdesi288
[2026-06-16 19:25:12] 수강신청 시작 name=구유겸 sheet=BG day=화목
[2026-06-16 19:25:19] BG 과정 선택 완료 day=화목 course_id=4_30 label='' week_filter=False
[2026-06-16 19:25:19] 수강신청 요일 선택 완료 name=구유겸 day=화목
[2026-06-16 19:25:21] 수강신청 1차 제출 완료 name=구유겸
[2026-06-16 19:25:24] 수강신청 최종 제출 완료 name=구유겸
구유겸 신청 완료 / 총 164명, 오늘 75명 추가되었습니다.
[2026-06-16 19:25:25] 기록 저장 완료 name=구유겸 total=164 today=75
[2026-06-16 19:25:26] 대상 완료 name=구유겸 total=164/250 today=75/86
[2026-06-16 19:25:28] 다음 가입 예약: 2026-06-16 19:32:47까지 대기
[2026-06-16 19:32:47] 신규 대상 시작 plan={'sex': '여자', 'day': '월수'}
[2026-06-16 19:32:49] 회원가입 시도 1/4
[2026-06-16 19:32:49] 회원가입 시작 sheet=BG plan={'sex': '여자', 'day': '월수'}
[2026-06-16 19:32:54] 회원가입 폼 진입 완료
[2026-06-16 19:32:56] 우편번호 검색 query=대구 북구 한강로 17
[2026-06-16 19:32:57] 우편번호 입력 완료 zip=41599 addr=대구 북구 한강로 17 (사수동, 금호서한이다음)
[2026-06-16 19:32:58] 회원가입 제출 클릭 name=이로희 id=snatchedwell58w school=대구사수초등학교
[2026-06-16 19:32:59] 회원가입 알림 name=이로희 id=snatchedwell58w message=회원 가입하시겠습니까?
[2026-06-16 19:33:00] 회원가입 알림 name=이로희 id=snatchedwell58w message=회원 가입에 감사드립니다.
[2026-06-16 19:33:09] 회원가입 검증 완료 name=이로희 day=월수 dialogs=['회원 가입하시겠습니까?', '회원 가입에 감사드립니다.']
[2026-06-16 19:33:09] 수강신청 시도 1 name=이로희 id=snatchedwell58w
[2026-06-16 19:33:09] 수강신청 시작 name=이로희 sheet=BG day=월수
[2026-06-16 19:33:16] BG 과정 선택 완료 day=월수 course_id=3_29 label='' week_filter=False
[2026-06-16 19:33:16] 수강신청 요일 선택 완료 name=이로희 day=월수
[2026-06-16 19:33:18] 수강신청 1차 제출 완료 name=이로희
[2026-06-16 19:33:21] 수강신청 최종 제출 완료 name=이로희
이로희 신청 완료 / 총 165명, 오늘 76명 추가되었습니다.
[2026-06-16 19:33:22] 기록 저장 완료 name=이로희 total=165 today=76
[2026-06-16 19:33:23] 대상 완료 name=이로희 total=165/250 today=76/86
[2026-06-16 19:33:25] 다음 가입 예약: 2026-06-16 19:41:58까지 대기
[2026-06-16 19:41:58] 신규 대상 시작 plan={'sex': '여자', 'day': '월수'}
[2026-06-16 19:42:00] 회원가입 시도 1/4
[2026-06-16 19:42:00] 회원가입 시작 sheet=BG plan={'sex': '여자', 'day': '월수'}
[2026-06-16 19:42:07] 회원가입 폼 진입 완료
[2026-06-16 19:42:15] 우편번호 검색 query=대구 북구 학정동로 40
[2026-06-16 19:42:15] 우편번호 검색 실패 query=대구 북구 학정동로 40 error=Error('Locator.count: Execution context was destroyed, most likely because of a navigation')
[2026-06-16 19:42:16] 우편번호 검색 query=대구 북구 학정동로 40
[2026-06-16 19:42:16] 우편번호 입력 완료 zip=41417 addr=대구 북구 학정동로 40 (학정동, 칠곡2차 한라하우젠트)
[2026-06-16 19:42:17] 회원가입 제출 클릭 name=김하늬 id=riverhappyli37b school=대구학남초등학교
[2026-06-16 19:42:18] 회원가입 알림 name=김하늬 id=riverhappyli37b message=회원 가입하시겠습니까?
[2026-06-16 19:42:19] 회원가입 알림 name=김하늬 id=riverhappyli37b message=회원 가입에 감사드립니다.
[2026-06-16 19:42:29] 회원가입 검증 완료 name=김하늬 day=월수 dialogs=['회원 가입하시겠습니까?', '회원 가입에 감사드립니다.']
[2026-06-16 19:42:29] 수강신청 시도 1 name=김하늬 id=riverhappyli37b
[2026-06-16 19:42:29] 수강신청 시작 name=김하늬 sheet=BG day=월수
[2026-06-16 19:42:36] BG 과정 선택 완료 day=월수 course_id=3_29 label='' week_filter=False
[2026-06-16 19:42:36] 수강신청 요일 선택 완료 name=김하늬 day=월수
[2026-06-16 19:42:38] 수강신청 1차 제출 완료 name=김하늬
[2026-06-16 19:42:41] 수강신청 최종 제출 완료 name=김하늬
김하늬 신청 완료 / 총 166명, 오늘 77명 추가되었습니다.
[2026-06-16 19:42:42] 기록 저장 완료 name=김하늬 total=166 today=77
[2026-06-16 19:42:43] 대상 완료 name=김하늬 total=166/250 today=77/86
[2026-06-16 19:42:44] 다음 가입 예약: 2026-06-16 19:50:15까지 대기
[2026-06-16 19:50:15] 신규 대상 시작 plan={'sex': '남자', 'day': '화목'}
[2026-06-16 19:50:18] 회원가입 시도 1/4
[2026-06-16 19:50:18] 회원가입 시작 sheet=BG plan={'sex': '남자', 'day': '화목'}
[2026-06-16 19:50:25] 회원가입 폼 진입 완료
[2026-06-16 19:50:29] 우편번호 검색 query=대구 북구 대천로 101
[2026-06-16 19:50:30] 주소 지역 불일치 query=대구 북구 대천로 101 result=대구 군위군 군위읍 구지길 101-2
[2026-06-16 19:50:30] 우편번호 검색 query=대구 북구 대천로 101
[2026-06-16 19:50:30] 주소 지역 불일치 query=대구 북구 대천로 101 result=대구 군위군 군위읍 구지길 101-2
[2026-06-16 19:50:30] 우편번호 검색 query=대구동평초등학교
[2026-06-16 19:50:31] 우편번호 입력 완료 zip=41427 addr=대구 북구 대천로 101 (동천동, 칠곡3차화성타운)
[2026-06-16 19:50:33] 회원가입 제출 클릭 name=최도경 id=sunshinedirc199 school=대구동평초등학교
[2026-06-16 19:50:34] 회원가입 알림 name=최도경 id=sunshinedirc199 message=회원 가입하시겠습니까?
[2026-06-16 19:50:34] 회원가입 알림 name=최도경 id=sunshinedirc199 message=회원 가입에 감사드립니다.
[2026-06-16 19:50:44] 회원가입 검증 완료 name=최도경 day=화목 dialogs=['회원 가입하시겠습니까?', '회원 가입에 감사드립니다.']
[2026-06-16 19:50:44] 수강신청 시도 1 name=최도경 id=sunshinedirc199
[2026-06-16 19:50:44] 수강신청 시작 name=최도경 sheet=BG day=화목
[2026-06-16 19:50:51] BG 과정 선택 완료 day=화목 course_id=4_30 label='' week_filter=False
[2026-06-16 19:50:51] 수강신청 요일 선택 완료 name=최도경 day=화목
[2026-06-16 19:50:53] 수강신청 1차 제출 완료 name=최도경
[2026-06-16 19:50:57] 수강신청 최종 제출 완료 name=최도경
최도경 신청 완료 / 총 167명, 오늘 78명 추가되었습니다.
[2026-06-16 19:50:57] 기록 저장 완료 name=최도경 total=167 today=78
[2026-06-16 19:50:58] 대상 완료 name=최도경 total=167/250 today=78/86
[2026-06-16 19:51:01] 다음 가입 예약: 2026-06-16 19:59:49까지 대기
[2026-06-16 19:59:49] 신규 대상 시작 plan={'sex': '남자', 'day': '월수'}
[2026-06-16 19:59:51] 회원가입 시도 1/4
[2026-06-16 19:59:51] 회원가입 시작 sheet=BG plan={'sex': '남자', 'day': '월수'}
[2026-06-16 19:59:56] 회원가입 폼 진입 완료
[2026-06-16 19:59:58] 우편번호 검색 query=대구 북구 매전로4길 9
[2026-06-16 19:59:59] 우편번호 검색 실패 query=대구 북구 매전로4길 9 error=Error('Locator.count: Execution context was destroyed, most likely because of a navigation')
[2026-06-16 19:59:59] 우편번호 검색 query=대구 북구 매전로4길 9
[2026-06-16 20:00:00] 우편번호 입력 완료 zip=41487 addr=대구 북구 매전로4길 9 (매천동, 매천센트럴파크)
[2026-06-16 20:00:01] 회원가입 제출 클릭 name=문재아 id=studiobaker44b school=대구관문초등학교
[2026-06-16 20:00:02] 회원가입 알림 name=문재아 id=studiobaker44b message=회원 가입하시겠습니까?
[2026-06-16 20:00:03] 회원가입 알림 name=문재아 id=studiobaker44b message=회원 가입에 감사드립니다.
[2026-06-16 20:00:12] 회원가입 검증 완료 name=문재아 day=월수 dialogs=['회원 가입하시겠습니까?', '회원 가입에 감사드립니다.']
[2026-06-16 20:00:12] 수강신청 시도 1 name=문재아 id=studiobaker44b
[2026-06-16 20:00:12] 수강신청 시작 name=문재아 sheet=BG day=월수
[2026-06-16 20:00:19] BG 과정 선택 완료 day=월수 course_id=3_29 label='' week_filter=False
[2026-06-16 20:00:19] 수강신청 요일 선택 완료 name=문재아 day=월수
[2026-06-16 20:00:21] 수강신청 1차 제출 완료 name=문재아
[2026-06-16 20:00:25] 수강신청 최종 제출 완료 name=문재아
문재아 신청 완료 / 총 168명, 오늘 79명 추가되었습니다.
[2026-06-16 20:00:26] 기록 저장 완료 name=문재아 total=168 today=79
[2026-06-16 20:00:27] 대상 완료 name=문재아 total=168/250 today=79/86
[2026-06-16 20:00:28] 다음 가입 예약: 2026-06-16 20:04:23까지 대기
[2026-06-16 20:04:23] 신규 대상 시작 plan={'sex': '남자', 'day': '화목'}
[2026-06-16 20:04:25] 회원가입 시도 1/4
[2026-06-16 20:04:25] 회원가입 시작 sheet=BG plan={'sex': '남자', 'day': '화목'}
[2026-06-16 20:04:31] 회원가입 폼 진입 완료
[2026-06-16 20:04:33] 우편번호 검색 query=대구 북구 동변로 50
[2026-06-16 20:04:34] 우편번호 입력 완료 zip=41414 addr=대구 북구 동변로 50 (동변동, 유니버시아드선수촌)
[2026-06-16 20:04:35] 회원가입 제출 클릭 name=한준환 id=rushsports29c school=대구동변초등학교
[2026-06-16 20:04:35] 회원가입 알림 name=한준환 id=rushsports29c message=회원 가입하시겠습니까?
[2026-06-16 20:04:36] 회원가입 알림 name=한준환 id=rushsports29c message=회원 가입하시겠습니까?
[2026-06-16 20:04:36] 회원가입 알림 name=한준환 id=rushsports29c message=회원 가입에 감사드립니다.
[2026-06-16 20:04:46] 회원가입 검증 완료 name=한준환 day=화목 dialogs=['회원 가입하시겠습니까?', '회원 가입하시겠습니까?', '회원 가입에 감사드립니다.']
[2026-06-16 20:04:46] 수강신청 시도 1 name=한준환 id=rushsports29c
[2026-06-16 20:04:46] 수강신청 시작 name=한준환 sheet=BG day=화목
[2026-06-16 20:04:54] BG 과정 선택 완료 day=화목 course_id=4_30 label='' week_filter=False
[2026-06-16 20:04:54] 수강신청 요일 선택 완료 name=한준환 day=화목
[2026-06-16 20:04:56] 수강신청 1차 제출 완료 name=한준환
[2026-06-16 20:05:01] 수강신청 최종 제출 완료 name=한준환
한준환 신청 완료 / 총 169명, 오늘 80명 추가되었습니다.
[2026-06-16 20:05:02] 기록 저장 완료 name=한준환 total=169 today=80
[2026-06-16 20:05:03] 대상 완료 name=한준환 total=169/250 today=80/86
[2026-06-16 20:05:05] 다음 가입 예약: 2026-06-16 20:14:33까지 대기
[2026-06-16 20:14:33] 신규 대상 시작 plan={'sex': '여자', 'day': '월수'}
[2026-06-16 20:14:35] 회원가입 시도 1/4
[2026-06-16 20:14:35] 회원가입 시작 sheet=BG plan={'sex': '여자', 'day': '월수'}
[2026-06-16 20:14:40] 회원가입 폼 진입 완료
[2026-06-16 20:14:42] 우편번호 검색 query=대구 북구 동변로 50
[2026-06-16 20:14:43] 우편번호 입력 완료 zip=41414 addr=대구 북구 동변로 50 (동변동, 유니버시아드선수촌)
[2026-06-16 20:14:43] 회원가입 제출 클릭 name=김한나 id=robloxresear34u school=대구동변초등학교
[2026-06-16 20:14:44] 회원가입 알림 name=김한나 id=robloxresear34u message=회원 가입하시겠습니까?
[2026-06-16 20:14:45] 회원가입 알림 name=김한나 id=robloxresear34u message=회원 가입하시겠습니까?
[2026-06-16 20:14:45] 회원가입 알림 name=김한나 id=robloxresear34u message=회원 가입에 감사드립니다.
[2026-06-16 20:14:55] 회원가입 검증 완료 name=김한나 day=월수 dialogs=['회원 가입하시겠습니까?', '회원 가입하시겠습니까?', '회원 가입에 감사드립니다.']
[2026-06-16 20:14:55] 수강신청 시도 1 name=김한나 id=robloxresear34u
[2026-06-16 20:14:55] 수강신청 시작 name=김한나 sheet=BG day=월수
[2026-06-16 20:15:02] BG 과정 선택 완료 day=월수 course_id=3_29 label='' week_filter=False
[2026-06-16 20:15:02] 수강신청 요일 선택 완료 name=김한나 day=월수
[2026-06-16 20:15:04] 수강신청 1차 제출 완료 name=김한나
[2026-06-16 20:15:25] 수강신청 실패. 같은 계정으로 재시도 name=김한나 id=robloxresear34u try=1 error=TimeoutError('Page.click: Timeout 20000ms exceeded.\nCall log:\n  - waiting for locator("input#cbAddress")\n    - locator resolved to <input id="cbAddress" type="checkbox" name="cbAddress"/>\n  - attempting click action\n    - waiting for element to be visible, enabled and stable\n    - element is visible, enabled and stable\n    - scrolling into view if needed\n    - done scrolling\n    - <div class="Q2">…</div> from <div id="modal">…</div> subtree intercepts pointer events\n  - retrying click action\n    - waiting for element to be visible, enabled and stable\n    - element is visible, enabled and stable\n    - scrolling into view if needed\n    - done scrolling\n    - <div id="modal">…</div> intercepts pointer events\n  - retrying click action\n    - waiting 20ms\n')
[2026-06-16 20:15:26] 수강신청 시도 2 name=김한나 id=robloxresear34u
[2026-06-16 20:15:26] 수강신청 시작 name=김한나 sheet=BG day=월수
[2026-06-16 20:15:28] 로그인 알림 id=robloxresear34u message=미결제 강좌가 있습니다.

결제화면으로 이동합니다.
[2026-06-16 20:15:48] 수강신청 실패. 같은 계정으로 재시도 name=김한나 id=robloxresear34u try=2 error=TimeoutError('Page.wait_for_selector: Timeout 15000ms exceeded.\nCall log:\n  - waiting for locator("input[name=\\"rdIDX\\"]")\n')
[2026-06-16 20:15:50] 회원가입 전 단계 실패. 0초 후 새 대상 재시도 plan={'sex': '여자', 'day': '월수'} error=RuntimeError('수강신청 최대 재시도 초과. 이 계정은 기록하지 않고 다음 대상으로 진행 name=김한나 id=robloxresear34u')
[2026-06-16 20:15:51] 다음 가입 예약: 2026-06-16 20:19:48까지 대기
[2026-06-16 20:19:48] 신규 대상 시작 plan={'sex': '남자', 'day': '화목'}
[2026-06-16 20:19:50] 회원가입 시도 1/4
[2026-06-16 20:19:50] 회원가입 시작 sheet=BG plan={'sex': '남자', 'day': '화목'}
[2026-06-16 20:19:55] 회원가입 폼 진입 완료
[2026-06-16 20:19:57] 우편번호 검색 query=대구 북구 매전로4길 31
[2026-06-16 20:19:58] 주소 지역 불일치 query=대구 북구 매전로4길 31 result=대구 달서구 송현로4길 31
[2026-06-16 20:19:58] 우편번호 검색 query=대구 북구 매전로4길 31
[2026-06-16 20:19:58] 주소 지역 불일치 query=대구 북구 매전로4길 31 result=대구 달서구 송현로4길 31
[2026-06-16 20:19:58] 우편번호 검색 query=대구관문초등학교
[2026-06-16 20:19:59] 우편번호 입력 완료 zip=41487 addr=대구 북구 매전로4길 31 (매천동, 한신더휴 이스턴 팰리스)
[2026-06-16 20:20:00] 회원가입 제출 클릭 name=김태양 id=travelerdire28u school=대구관문초등학교
[2026-06-16 20:20:00] 회원가입 알림 name=김태양 id=travelerdire28u message=회원 가입하시겠습니까?
[2026-06-16 20:20:01] 회원가입 알림 name=김태양 id=travelerdire28u message=회원 가입에 감사드립니다.
[2026-06-16 20:20:11] 회원가입 검증 완료 name=김태양 day=화목 dialogs=['회원 가입하시겠습니까?', '회원 가입에 감사드립니다.']
[2026-06-16 20:20:11] 수강신청 시도 1 name=김태양 id=travelerdire28u
[2026-06-16 20:20:11] 수강신청 시작 name=김태양 sheet=BG day=화목
[2026-06-16 20:20:19] BG 과정 선택 완료 day=화목 course_id=4_30 label='' week_filter=False
[2026-06-16 20:20:19] 수강신청 요일 선택 완료 name=김태양 day=화목
[2026-06-16 20:20:21] 수강신청 1차 제출 완료 name=김태양
[2026-06-16 20:20:25] 수강신청 최종 제출 완료 name=김태양
김태양 신청 완료 / 총 170명, 오늘 81명 추가되었습니다.
[2026-06-16 20:20:25] 기록 저장 완료 name=김태양 total=170 today=81
[2026-06-16 20:20:27] 대상 완료 name=김태양 total=170/250 today=81/86
[2026-06-16 20:20:29] 다음 가입 예약: 2026-06-16 20:32:41까지 대기
[2026-06-16 20:32:41] 신규 대상 시작 plan={'sex': '남자', 'day': '월수'}
[2026-06-16 20:32:43] 회원가입 시도 1/4
[2026-06-16 20:32:43] 회원가입 시작 sheet=BG plan={'sex': '남자', 'day': '월수'}
[2026-06-16 20:32:48] 회원가입 폼 진입 완료
[2026-06-16 20:32:51] 우편번호 검색 query=대구광역시 북구 국우동 1079
[2026-06-16 20:32:51] 주소 지역 불일치 query=대구광역시 북구 국우동 1079 result=대구 군위군 부계면 치산효령로 1079
[2026-06-16 20:32:51] 우편번호 검색 query=대구광역시 북구 국우동 1079
[2026-06-16 20:32:51] 주소 지역 불일치 query=대구광역시 북구 국우동 1079 result=대구 군위군 부계면 치산효령로 1079
[2026-06-16 20:32:52] 우편번호 검색 query=대구도남초등학교
[2026-06-16 20:32:52] 우편번호 입력 완료 zip=41418 addr=대구 북구 구리로 202 (국우동, 대구도남초등학교)
[2026-06-16 20:32:53] 회원가입 제출 클릭 name=박준성 id=fitnessadvoc76a school=대구도남초등학교
[2026-06-16 20:32:54] 회원가입 알림 name=박준성 id=fitnessadvoc76a message=회원 가입하시겠습니까?
[2026-06-16 20:32:54] 회원가입 알림 name=박준성 id=fitnessadvoc76a message=회원 가입에 감사드립니다.
[2026-06-16 20:33:04] 회원가입 검증 완료 name=박준성 day=월수 dialogs=['회원 가입하시겠습니까?', '회원 가입에 감사드립니다.']
[2026-06-16 20:33:04] 수강신청 시도 1 name=박준성 id=fitnessadvoc76a
[2026-06-16 20:33:04] 수강신청 시작 name=박준성 sheet=BG day=월수
[2026-06-16 20:33:11] BG 과정 선택 완료 day=월수 course_id=3_29 label='' week_filter=False
[2026-06-16 20:33:12] 수강신청 요일 선택 완료 name=박준성 day=월수
[2026-06-16 20:33:14] 수강신청 1차 제출 완료 name=박준성
[2026-06-16 20:33:17] 수강신청 최종 제출 완료 name=박준성
박준성 신청 완료 / 총 171명, 오늘 82명 추가되었습니다.
[2026-06-16 20:33:17] 기록 저장 완료 name=박준성 total=171 today=82
[2026-06-16 20:33:19] 대상 완료 name=박준성 total=171/250 today=82/86
[2026-06-16 20:33:20] 다음 가입 예약: 2026-06-16 20:39:48까지 대기
[2026-06-16 20:39:48] 신규 대상 시작 plan={'sex': '여자', 'day': '화목'}
[2026-06-16 20:39:50] 회원가입 시도 1/4
[2026-06-16 20:39:50] 회원가입 시작 sheet=BG plan={'sex': '여자', 'day': '화목'}
[2026-06-16 20:39:55] 회원가입 폼 진입 완료
[2026-06-16 20:39:57] 우편번호 검색 query=대구 북구 국우동 1079
[2026-06-16 20:39:58] 우편번호 입력 완료 zip=41420 addr=대구 북구 학정동로 7 (국우동, 부영아파트)
[2026-06-16 20:39:59] 회원가입 제출 클릭 name=권다윤 id=wisedaygerp940 school=대구학정초등학교
[2026-06-16 20:40:00] 회원가입 알림 name=권다윤 id=wisedaygerp940 message=회원 가입하시겠습니까?
[2026-06-16 20:40:00] 회원가입 알림 name=권다윤 id=wisedaygerp940 message=회원 가입에 감사드립니다.
[2026-06-16 20:40:10] 회원가입 검증 완료 name=권다윤 day=화목 dialogs=['회원 가입하시겠습니까?', '회원 가입에 감사드립니다.']
[2026-06-16 20:40:10] 수강신청 시도 1 name=권다윤 id=wisedaygerp940
[2026-06-16 20:40:10] 수강신청 시작 name=권다윤 sheet=BG day=화목
[2026-06-16 20:40:17] BG 과정 선택 완료 day=화목 course_id=4_30 label='' week_filter=False
[2026-06-16 20:40:17] 수강신청 요일 선택 완료 name=권다윤 day=화목
[2026-06-16 20:40:19] 수강신청 1차 제출 완료 name=권다윤
[2026-06-16 20:40:23] 수강신청 최종 제출 완료 name=권다윤
권다윤 신청 완료 / 총 172명, 오늘 83명 추가되었습니다.
[2026-06-16 20:40:23] 기록 저장 완료 name=권다윤 total=172 today=83
[2026-06-16 20:40:25] 대상 완료 name=권다윤 total=172/250 today=83/86
[2026-06-16 20:40:27] 다음 가입 예약: 2026-06-16 20:45:14까지 대기
[2026-06-16 20:45:14] 신규 대상 시작 plan={'sex': '여자', 'day': '화목'}
[2026-06-16 20:45:16] 회원가입 시도 1/4
[2026-06-16 20:45:16] 회원가입 시작 sheet=BG plan={'sex': '여자', 'day': '화목'}
[2026-06-16 20:45:21] 회원가입 폼 진입 완료
[2026-06-16 20:45:24] 우편번호 검색 query=대구 북구 동천로 156
[2026-06-16 20:45:25] 우편번호 입력 완료 zip=41421 addr=대구 북구 동천로 156 (동천동, 동화골든빌)
[2026-06-16 20:45:26] 회원가입 제출 클릭 name=김로은 id=requestionb1932 school=대구동평초등학교
[2026-06-16 20:45:26] 회원가입 알림 name=김로은 id=requestionb1932 message=회원 가입하시겠습니까?
[2026-06-16 20:45:27] 회원가입 알림 name=김로은 id=requestionb1932 message=회원 가입에 감사드립니다.
[2026-06-16 20:45:37] 회원가입 검증 완료 name=김로은 day=화목 dialogs=['회원 가입하시겠습니까?', '회원 가입에 감사드립니다.']
[2026-06-16 20:45:37] 수강신청 시도 1 name=김로은 id=requestionb1932
[2026-06-16 20:45:37] 수강신청 시작 name=김로은 sheet=BG day=화목
[2026-06-16 20:45:44] BG 과정 선택 완료 day=화목 course_id=4_30 label='' week_filter=False
[2026-06-16 20:45:44] 수강신청 요일 선택 완료 name=김로은 day=화목
[2026-06-16 20:45:45] 수강신청 1차 제출 완료 name=김로은
[2026-06-16 20:45:49] 수강신청 최종 제출 완료 name=김로은
김로은 신청 완료 / 총 173명, 오늘 84명 추가되었습니다.
[2026-06-16 20:45:49] 기록 저장 완료 name=김로은 total=173 today=84
[2026-06-16 20:45:50] 대상 완료 name=김로은 total=173/250 today=84/86
[2026-06-16 20:45:52] 다음 가입 예약: 2026-06-16 20:48:28까지 대기
[2026-06-16 20:48:28] 신규 대상 시작 plan={'sex': '여자', 'day': '화목'}
[2026-06-16 20:48:30] 회원가입 시도 1/4
[2026-06-16 20:48:30] 회원가입 시작 sheet=BG plan={'sex': '여자', 'day': '화목'}
[2026-06-16 20:48:35] 회원가입 폼 진입 완료
[2026-06-16 20:48:37] 우편번호 검색 query=대구 북구 내곡로 89
[2026-06-16 20:48:38] 우편번호 입력 완료 zip=41492 addr=대구 북구 내곡로 89 (사수동, 브라운스톤 강북)
[2026-06-16 20:48:39] 회원가입 제출 클릭 name=현가빈 id=dancerheroq633 school=대구사수초등학교
[2026-06-16 20:48:40] 회원가입 알림 name=현가빈 id=dancerheroq633 message=회원 가입하시겠습니까?
[2026-06-16 20:48:41] 회원가입 알림 name=현가빈 id=dancerheroq633 message=회원 가입에 감사드립니다.
[2026-06-16 20:48:50] 회원가입 검증 완료 name=현가빈 day=화목 dialogs=['회원 가입하시겠습니까?', '회원 가입에 감사드립니다.']
[2026-06-16 20:48:50] 수강신청 시도 1 name=현가빈 id=dancerheroq633
[2026-06-16 20:48:50] 수강신청 시작 name=현가빈 sheet=BG day=화목
[2026-06-16 20:48:57] BG 과정 선택 완료 day=화목 course_id=4_30 label='' week_filter=False
[2026-06-16 20:48:57] 수강신청 요일 선택 완료 name=현가빈 day=화목
[2026-06-16 20:48:59] 수강신청 1차 제출 완료 name=현가빈
[2026-06-16 20:49:02] 수강신청 최종 제출 완료 name=현가빈
현가빈 신청 완료 / 총 174명, 오늘 85명 추가되었습니다.
[2026-06-16 20:49:03] 기록 저장 완료 name=현가빈 total=174 today=85
[2026-06-16 20:49:04] 대상 완료 name=현가빈 total=174/250 today=85/86
[2026-06-16 20:49:05] 다음 가입 예약: 2026-06-16 20:52:58까지 대기
[2026-06-16 20:52:58] 신규 대상 시작 plan={'sex': '남자', 'day': '화목'}
[2026-06-16 20:53:00] 회원가입 시도 1/4
[2026-06-16 20:53:00] 회원가입 시작 sheet=BG plan={'sex': '남자', 'day': '화목'}
[2026-06-16 20:53:05] 회원가입 폼 진입 완료
[2026-06-16 20:53:07] 우편번호 검색 query=대구 북구 구리로 254
[2026-06-16 20:53:07] 우편번호 검색 실패 query=대구 북구 구리로 254 error=Error('Locator.count: Execution context was destroyed, most likely because of a navigation')
[2026-06-16 20:53:08] 우편번호 검색 query=대구 북구 구리로 254
[2026-06-16 20:53:08] 우편번호 입력 완료 zip=41418 addr=대구 북구 구리로 254 (국우동, 칠곡현대아파트)
[2026-06-16 20:53:09] 회원가입 제출 클릭 name=송건 id=inclusiongrr254 school=대구도남초등학교
[2026-06-16 20:53:10] 회원가입 알림 name=송건 id=inclusiongrr254 message=회원 가입하시겠습니까?
[2026-06-16 20:53:11] 회원가입 알림 name=송건 id=inclusiongrr254 message=회원 가입하시겠습니까?
[2026-06-16 20:53:11] 회원가입 알림 name=송건 id=inclusiongrr254 message=회원 가입에 감사드립니다.
[2026-06-16 20:53:20] 회원가입 검증 완료 name=송건 day=화목 dialogs=['회원 가입하시겠습니까?', '회원 가입하시겠습니까?', '회원 가입에 감사드립니다.']
[2026-06-16 20:53:20] 수강신청 시도 1 name=송건 id=inclusiongrr254
[2026-06-16 20:53:20] 수강신청 시작 name=송건 sheet=BG day=화목
[2026-06-16 20:53:27] BG 과정 선택 완료 day=화목 course_id=4_30 label='' week_filter=False
[2026-06-16 20:53:27] 수강신청 요일 선택 완료 name=송건 day=화목
[2026-06-16 20:53:29] 수강신청 1차 제출 완료 name=송건
[2026-06-16 20:53:32] 수강신청 최종 제출 완료 name=송건
송건 신청 완료 / 총 175명, 오늘 86명 추가되었습니다.
[2026-06-16 20:53:33] 기록 저장 완료 name=송건 total=175 today=86
[2026-06-16 20:53:34] 대상 완료 name=송건 total=175/250 today=86/86
[2026-06-16 20:53:35] 오늘 목표 달성 today=86/86
[2026-06-16 20:53:36] 오늘 목표 완료: 2026-06-17 09:00:00까지 대기
[2026-06-17 09:00:00] 오늘 목표 설정: 75명
[2026-06-17 09:00:02] 다음 가입 예약: 2026-06-17 09:03:37까지 대기
[2026-06-17 09:03:37] 신규 대상 시작 plan={'sex': '여자', 'day': '화목'}
[2026-06-17 09:03:41] 회원가입 시도 1/4
[2026-06-17 09:03:41] 회원가입 시작 sheet=BG plan={'sex': '여자', 'day': '화목'}
[2026-06-17 09:03:49] 회원가입 폼 진입 완료
[2026-06-17 09:03:53] 우편번호 검색 query=대구 북구 연경중앙로11길 19
[2026-06-17 09:03:54] 우편번호 입력 완료 zip=41409 addr=대구 북구 연경중앙로11길 19 (연경동)
[2026-06-17 09:03:55] 회원가입 제출 클릭 name=김새봄 id=explorations69f school=대구연경초등학교
[2026-06-17 09:03:56] 회원가입 알림 name=김새봄 id=explorations69f message=회원 가입하시겠습니까?
[2026-06-17 09:03:56] 회원가입 알림 name=김새봄 id=explorations69f message=회원 가입에 감사드립니다.
[2026-06-17 09:04:06] 회원가입 검증 완료 name=김새봄 day=화목 dialogs=['회원 가입하시겠습니까?', '회원 가입에 감사드립니다.']
[2026-06-17 09:04:06] 수강신청 시도 1 name=김새봄 id=explorations69f
[2026-06-17 09:04:06] 수강신청 시작 name=김새봄 sheet=BG day=화목
[2026-06-17 09:04:17] BG 과정 선택 완료 day=화목 course_id=4_30 label='' week_filter=False
[2026-06-17 09:04:17] 수강신청 요일 선택 완료 name=김새봄 day=화목
[2026-06-17 09:04:20] 수강신청 1차 제출 완료 name=김새봄
[2026-06-17 09:04:27] 수강신청 최종 제출 완료 name=김새봄
김새봄 신청 완료 / 총 176명, 오늘 1명 추가되었습니다.
[2026-06-17 09:04:29] 기록 저장 완료 name=김새봄 total=176 today=1
[2026-06-17 09:04:44] 대상 완료 name=김새봄 total=176/250 today=1/75
[2026-06-17 09:04:50] 다음 가입 예약: 2026-06-17 09:11:50까지 대기
[2026-06-17 09:11:50] 신규 대상 시작 plan={'sex': '남자', 'day': '월수'}
[2026-06-17 09:11:53] 회원가입 시도 1/4
[2026-06-17 09:11:53] 회원가입 시작 sheet=BG plan={'sex': '남자', 'day': '월수'}
[2026-06-17 09:11:59] 회원가입 폼 진입 완료
[2026-06-17 09:12:03] 우편번호 검색 query=대구 북구 대천로 101
[2026-06-17 09:12:03] 주소 지역 불일치 query=대구 북구 대천로 101 result=대구 군위군 군위읍 구지길 101-2
[2026-06-17 09:12:04] 우편번호 검색 query=대구 북구 대천로 101
[2026-06-17 09:12:04] 주소 지역 불일치 query=대구 북구 대천로 101 result=대구 군위군 군위읍 구지길 101-2
[2026-06-17 09:12:04] 우편번호 검색 query=대구운암초등학교
[2026-06-17 09:12:05] 우편번호 입력 완료 zip=41429 addr=대구 북구 대천로 148 (구암동, 대구운암초등학교)
[2026-06-17 09:12:07] 회원가입 제출 클릭 name=서지욱 id=boysoccerh274 school=대구운암초등학교
[2026-06-17 09:12:08] 회원가입 알림 name=서지욱 id=boysoccerh274 message=회원 가입하시겠습니까?
[2026-06-17 09:12:09] 회원가입 알림 name=서지욱 id=boysoccerh274 message=회원 가입에 감사드립니다.
[2026-06-17 09:12:18] 회원가입 검증 완료 name=서지욱 day=월수 dialogs=['회원 가입하시겠습니까?', '회원 가입에 감사드립니다.']
[2026-06-17 09:12:18] 수강신청 시도 1 name=서지욱 id=boysoccerh274
[2026-06-17 09:12:18] 수강신청 시작 name=서지욱 sheet=BG day=월수
[2026-06-17 09:12:25] BG 과정 선택 완료 day=월수 course_id=3_29 label='' week_filter=False
[2026-06-17 09:12:25] 수강신청 요일 선택 완료 name=서지욱 day=월수
[2026-06-17 09:12:27] 수강신청 1차 제출 완료 name=서지욱
[2026-06-17 09:12:32] 수강신청 최종 제출 완료 name=서지욱
서지욱 신청 완료 / 총 177명, 오늘 2명 추가되었습니다.
[2026-06-17 09:12:33] 기록 저장 완료 name=서지욱 total=177 today=2
[2026-06-17 09:12:38] 대상 완료 name=서지욱 total=177/250 today=2/75
[2026-06-17 09:12:41] 다음 가입 예약: 2026-06-17 09:21:38까지 대기
[2026-06-17 09:21:38] 신규 대상 시작 plan={'sex': '남자', 'day': '월수'}
[2026-06-17 09:21:42] 회원가입 시도 1/4
[2026-06-17 09:21:42] 회원가입 시작 sheet=BG plan={'sex': '남자', 'day': '월수'}
[2026-06-17 09:21:49] 회원가입 폼 진입 완료
[2026-06-17 09:21:51] 우편번호 검색 query=대구 북구 내곡로 89
[2026-06-17 09:21:52] 주소 지역 불일치 query=대구 북구 내곡로 89 result=대구 군위군 군위읍 개봉길 89-3
[2026-06-17 09:21:52] 우편번호 검색 query=대구 북구 내곡로 89
[2026-06-17 09:21:52] 주소 지역 불일치 query=대구 북구 내곡로 89 result=대구 군위군 군위읍 개봉길 89-3
[2026-06-17 09:21:53] 우편번호 검색 query=대구사수초등학교
[2026-06-17 09:21:54] 우편번호 입력 완료 zip=41492 addr=대구 북구 내곡로 89 (사수동, 브라운스톤 강북)
[2026-06-17 09:21:56] 회원가입 제출 클릭 name=이윤찬 id=kpopfoodie6610 school=대구사수초등학교
[2026-06-17 09:21:58] 회원가입 알림 name=이윤찬 id=kpopfoodie6610 message=회원 가입하시겠습니까?
[2026-06-17 09:21:58] 회원가입 알림 name=이윤찬 id=kpopfoodie6610 message=회원 가입에 감사드립니다.
[2026-06-17 09:22:08] 회원가입 검증 완료 name=이윤찬 day=월수 dialogs=['회원 가입하시겠습니까?', '회원 가입에 감사드립니다.']
[2026-06-17 09:22:08] 수강신청 시도 1 name=이윤찬 id=kpopfoodie6610
[2026-06-17 09:22:08] 수강신청 시작 name=이윤찬 sheet=BG day=월수
[2026-06-17 09:22:15] BG 과정 선택 완료 day=월수 course_id=3_29 label='' week_filter=False
[2026-06-17 09:22:15] 수강신청 요일 선택 완료 name=이윤찬 day=월수
[2026-06-17 09:22:17] 수강신청 1차 제출 완료 name=이윤찬
[2026-06-17 09:22:21] 수강신청 최종 제출 완료 name=이윤찬
이윤찬 신청 완료 / 총 178명, 오늘 3명 추가되었습니다.
[2026-06-17 09:22:21] 기록 저장 완료 name=이윤찬 total=178 today=3
[2026-06-17 09:22:24] 대상 완료 name=이윤찬 total=178/250 today=3/75
[2026-06-17 09:22:27] 다음 가입 예약: 2026-06-17 09:34:45까지 대기
[2026-06-17 09:34:45] 신규 대상 시작 plan={'sex': '여자', 'day': '월수'}
[2026-06-17 09:34:49] 회원가입 시도 1/4
[2026-06-17 09:34:49] 회원가입 시작 sheet=BG plan={'sex': '여자', 'day': '월수'}
[2026-06-17 09:34:57] 회원가입 폼 진입 완료
[2026-06-17 09:35:01] 우편번호 검색 query=대구 북구 호암로 40
[2026-06-17 09:35:02] 주소 지역 불일치 query=대구 북구 호암로 40 result=대구 군위군 군위읍 골안길 40
[2026-06-17 09:35:02] 우편번호 검색 query=대구 북구 호암로 40
[2026-06-17 09:35:02] 주소 지역 불일치 query=대구 북구 호암로 40 result=대구 군위군 군위읍 골안길 40
[2026-06-17 09:35:03] 우편번호 검색 query=대구칠성초등학교
[2026-06-17 09:35:03] 우편번호 입력 완료 zip=41586 addr=대구 북구 호암로 40 (칠성동2가, 삼성아파트)
[2026-06-17 09:35:04] 회원가입 제출 클릭 name=김나경 id=mentorenvirq382 school=대구칠성초등학교
[2026-06-17 09:35:05] 회원가입 알림 name=김나경 id=mentorenvirq382 message=회원 가입하시겠습니까?
[2026-06-17 09:35:06] 회원가입 알림 name=김나경 id=mentorenvirq382 message=회원 가입에 감사드립니다.
[2026-06-17 09:35:16] 회원가입 검증 완료 name=김나경 day=월수 dialogs=['회원 가입하시겠습니까?', '회원 가입에 감사드립니다.']
[2026-06-17 09:35:16] 수강신청 시도 1 name=김나경 id=mentorenvirq382
[2026-06-17 09:35:16] 수강신청 시작 name=김나경 sheet=BG day=월수
[2026-06-17 09:35:23] BG 과정 선택 완료 day=월수 course_id=3_29 label='' week_filter=False
[2026-06-17 09:35:23] 수강신청 요일 선택 완료 name=김나경 day=월수
[2026-06-17 09:35:26] 수강신청 1차 제출 완료 name=김나경
[2026-06-17 09:35:30] 수강신청 최종 제출 완료 name=김나경
김나경 신청 완료 / 총 179명, 오늘 4명 추가되었습니다.
[2026-06-17 09:35:31] 기록 저장 완료 name=김나경 total=179 today=4
[2026-06-17 09:35:34] 대상 완료 name=김나경 total=179/250 today=4/75
[2026-06-17 09:35:36] 다음 가입 예약: 2026-06-17 09:39:25까지 대기
[2026-06-17 09:39:25] 신규 대상 시작 plan={'sex': '남자', 'day': '월수'}
[2026-06-17 09:39:27] 회원가입 시도 1/4
[2026-06-17 09:39:27] 회원가입 시작 sheet=BG plan={'sex': '남자', 'day': '월수'}
[2026-06-17 09:39:33] 회원가입 폼 진입 완료
[2026-06-17 09:39:36] 우편번호 검색 query=대구 북구 매전로4길 9
[2026-06-17 09:39:37] 주소 지역 불일치 query=대구 북구 매전로4길 9 result=대구 달서구 송현로4길 9
[2026-06-17 09:39:37] 우편번호 검색 query=대구 북구 매전로4길 9
[2026-06-17 09:39:37] 주소 지역 불일치 query=대구 북구 매전로4길 9 result=대구 달서구 송현로4길 9
[2026-06-17 09:39:37] 우편번호 검색 query=대구관문초등학교
[2026-06-17 09:39:38] 우편번호 입력 완료 zip=41487 addr=대구 북구 매전로4길 9 (매천동, 매천센트럴파크)
[2026-06-17 09:39:39] 회원가입 제출 클릭 name=최건하 id=liquidwitty9426 school=대구관문초등학교
[2026-06-17 09:39:39] 회원가입 알림 name=최건하 id=liquidwitty9426 message=회원 가입하시겠습니까?
[2026-06-17 09:39:40] 회원가입 알림 name=최건하 id=liquidwitty9426 message=회원 가입하시겠습니까?
[2026-06-17 09:39:41] 회원가입 알림 name=최건하 id=liquidwitty9426 message=회원 가입에 감사드립니다.
[2026-06-17 09:39:50] 회원가입 검증 완료 name=최건하 day=월수 dialogs=['회원 가입하시겠습니까?', '회원 가입하시겠습니까?', '회원 가입에 감사드립니다.']
[2026-06-17 09:39:50] 수강신청 시도 1 name=최건하 id=liquidwitty9426
[2026-06-17 09:39:50] 수강신청 시작 name=최건하 sheet=BG day=월수
[2026-06-17 09:39:57] BG 과정 선택 완료 day=월수 course_id=3_29 label='' week_filter=False
[2026-06-17 09:39:57] 수강신청 요일 선택 완료 name=최건하 day=월수
[2026-06-17 09:39:59] 수강신청 1차 제출 완료 name=최건하
[2026-06-17 09:40:03] 수강신청 최종 제출 완료 name=최건하
최건하 신청 완료 / 총 180명, 오늘 5명 추가되었습니다.
[2026-06-17 09:40:04] 기록 저장 완료 name=최건하 total=180 today=5
[2026-06-17 09:40:06] 대상 완료 name=최건하 total=180/250 today=5/75
[2026-06-17 09:40:09] 다음 가입 예약: 2026-06-17 09:48:51까지 대기
[2026-06-17 09:48:51] 신규 대상 시작 plan={'sex': '여자', 'day': '화목'}
[2026-06-17 09:48:53] 회원가입 시도 1/4
[2026-06-17 09:48:53] 회원가입 시작 sheet=BG plan={'sex': '여자', 'day': '화목'}
[2026-06-17 09:48:59] 회원가입 폼 진입 완료
[2026-06-17 09:49:01] 우편번호 검색 query=대구 북구 국우동 1079
[2026-06-17 09:49:14] 우편번호 검색 query=대구 북구 국우동 1079
[2026-06-17 09:49:15] 우편번호 입력 완료 zip=41420 addr=대구 북구 학정동로 7 (국우동, 부영아파트)
[2026-06-17 09:49:15] 회원가입 제출 클릭 name=이여진 id=lovecrystal10j school=대구학정초등학교
[2026-06-17 09:49:16] 회원가입 알림 name=이여진 id=lovecrystal10j message=회원 가입하시겠습니까?
[2026-06-17 09:49:17] 회원가입 알림 name=이여진 id=lovecrystal10j message=회원 가입에 감사드립니다.
[2026-06-17 09:49:27] 회원가입 검증 완료 name=이여진 day=화목 dialogs=['회원 가입하시겠습니까?', '회원 가입에 감사드립니다.']
[2026-06-17 09:49:27] 수강신청 시도 1 name=이여진 id=lovecrystal10j
[2026-06-17 09:49:27] 수강신청 시작 name=이여진 sheet=BG day=화목
[2026-06-17 09:49:34] BG 과정 선택 완료 day=화목 course_id=4_30 label='' week_filter=False
[2026-06-17 09:49:34] 수강신청 요일 선택 완료 name=이여진 day=화목
[2026-06-17 09:49:35] 수강신청 1차 제출 완료 name=이여진
[2026-06-17 09:49:39] 수강신청 최종 제출 완료 name=이여진
이여진 신청 완료 / 총 181명, 오늘 6명 추가되었습니다.
[2026-06-17 09:49:40] 기록 저장 완료 name=이여진 total=181 today=6
[2026-06-17 09:49:41] 대상 완료 name=이여진 total=181/250 today=6/75
[2026-06-17 09:49:44] 다음 가입 예약: 2026-06-17 10:01:49까지 대기
[2026-06-17 10:01:49] 신규 대상 시작 plan={'sex': '여자', 'day': '화목'}
[2026-06-17 10:01:51] 회원가입 시도 1/4
[2026-06-17 10:01:51] 회원가입 시작 sheet=BG plan={'sex': '여자', 'day': '화목'}
[2026-06-17 10:01:56] 회원가입 폼 진입 완료
[2026-06-17 10:01:59] 우편번호 검색 query=대구 북구 연경중앙로 55
[2026-06-17 10:02:00] 주소 지역 불일치 query=대구 북구 연경중앙로 55 result=대구 군위군 군위읍 광현길 55
[2026-06-17 10:02:00] 우편번호 검색 query=대구 북구 연경중앙로 55
[2026-06-17 10:02:00] 주소 지역 불일치 query=대구 북구 연경중앙로 55 result=대구 군위군 군위읍 광현길 55
[2026-06-17 10:02:00] 우편번호 검색 query=대구연경초등학교
[2026-06-17 10:02:08] 우편번호 검색 query=대구연경초등학교
[2026-06-17 10:02:20] 회원가입 실패 try=1 error=RuntimeError("우편번호/주소 입력 실패 queries=['대구 북구 연경중앙로 55', '대구연경초등학교'] required=북구 last_error=검색 결과 없음 query=대구연경초등학교")
[2026-06-17 10:02:21] 회원가입 시도 2/4
[2026-06-17 10:02:21] 회원가입 시작 sheet=BG plan={'sex': '여자', 'day': '화목'}
[2026-06-17 10:02:24] 회원가입 폼 진입 완료
[2026-06-17 10:02:26] 우편번호 검색 query=대구 북구 내곡로 89
[2026-06-17 10:02:26] 우편번호 검색 실패 query=대구 북구 내곡로 89 error=Error('Locator.count: Execution context was destroyed, most likely because of a navigation')
[2026-06-17 10:02:27] 우편번호 검색 query=대구 북구 내곡로 89
[2026-06-17 10:02:28] 우편번호 입력 완료 zip=41492 addr=대구 북구 내곡로 89 (사수동, 브라운스톤 강북)
[2026-06-17 10:02:29] 회원가입 제출 클릭 name=이은율 id=forestmoder8521 school=대구삼영초등학교
[2026-06-17 10:02:30] 회원가입 알림 name=이은율 id=forestmoder8521 message=회원 가입하시겠습니까?
[2026-06-17 10:02:30] 회원가입 알림 name=이은율 id=forestmoder8521 message=회원 가입에 감사드립니다.
[2026-06-17 10:02:39] 회원가입 검증 완료 name=이은율 day=화목 dialogs=['회원 가입하시겠습니까?', '회원 가입에 감사드립니다.']
[2026-06-17 10:02:39] 수강신청 시도 1 name=이은율 id=forestmoder8521
[2026-06-17 10:02:39] 수강신청 시작 name=이은율 sheet=BG day=화목
[2026-06-17 10:02:46] BG 과정 선택 완료 day=화목 course_id=4_30 label='' week_filter=False
[2026-06-17 10:02:46] 수강신청 요일 선택 완료 name=이은율 day=화목
[2026-06-17 10:02:48] 수강신청 1차 제출 완료 name=이은율
[2026-06-17 10:02:52] 수강신청 최종 제출 완료 name=이은율
이은율 신청 완료 / 총 182명, 오늘 7명 추가되었습니다.
[2026-06-17 10:02:52] 기록 저장 완료 name=이은율 total=182 today=7
[2026-06-17 10:02:54] 대상 완료 name=이은율 total=182/250 today=7/75
[2026-06-17 10:02:56] 다음 가입 예약: 2026-06-17 10:10:06까지 대기
[2026-06-17 10:10:06] 신규 대상 시작 plan={'sex': '남자', 'day': '화목'}
[2026-06-17 10:10:11] 회원가입 시도 1/4
[2026-06-17 10:10:11] 회원가입 시작 sheet=BG plan={'sex': '남자', 'day': '화목'}
[2026-06-17 10:10:21] 회원가입 폼 진입 완료
[2026-06-17 10:10:25] 우편번호 검색 query=대구 북구 내곡로 89
[2026-06-17 10:10:25] 우편번호 검색 실패 query=대구 북구 내곡로 89 error=Error('Locator.count: Execution context was destroyed, most likely because of a navigation')
[2026-06-17 10:10:26] 우편번호 검색 query=대구 북구 내곡로 89
[2026-06-17 10:10:26] 주소 지역 불일치 query=대구 북구 내곡로 89 result=대구 군위군 군위읍 개봉길 89-3
[2026-06-17 10:10:26] 우편번호 검색 query=대구사수초등학교
[2026-06-17 10:10:27] 우편번호 입력 완료 zip=41492 addr=대구 북구 내곡로 89 (사수동, 브라운스톤 강북)
[2026-06-17 10:10:28] 회원가입 제출 클릭 name=최단우 id=mollyorganiz62b school=대구사수초등학교
[2026-06-17 10:10:29] 회원가입 알림 name=최단우 id=mollyorganiz62b message=회원 가입하시겠습니까?
[2026-06-17 10:10:29] 회원가입 알림 name=최단우 id=mollyorganiz62b message=회원 가입하시겠습니까?
[2026-06-17 10:10:30] 회원가입 알림 name=최단우 id=mollyorganiz62b message=회원 가입하시겠습니까?
[2026-06-17 10:10:30] 회원가입 알림 name=최단우 id=mollyorganiz62b message=회원 가입에 감사드립니다.
[2026-06-17 10:10:39] 회원가입 검증 완료 name=최단우 day=화목 dialogs=['회원 가입하시겠습니까?', '회원 가입하시겠습니까?', '회원 가입하시겠습니까?', '회원 가입에 감사드립니다.']
[2026-06-17 10:10:39] 수강신청 시도 1 name=최단우 id=mollyorganiz62b
[2026-06-17 10:10:39] 수강신청 시작 name=최단우 sheet=BG day=화목
[2026-06-17 10:10:47] BG 과정 선택 완료 day=화목 course_id=4_30 label='' week_filter=False
[2026-06-17 10:10:47] 수강신청 요일 선택 완료 name=최단우 day=화목
[2026-06-17 10:10:49] 수강신청 1차 제출 완료 name=최단우
[2026-06-17 10:10:52] 수강신청 최종 제출 완료 name=최단우
최단우 신청 완료 / 총 183명, 오늘 8명 추가되었습니다.
[2026-06-17 10:10:53] 기록 저장 완료 name=최단우 total=183 today=8
[2026-06-17 10:10:55] 대상 완료 name=최단우 total=183/250 today=8/75
[2026-06-17 10:10:57] 다음 가입 예약: 2026-06-17 10:19:15까지 대기
[2026-06-17 10:19:15] 신규 대상 시작 plan={'sex': '여자', 'day': '화목'}
[2026-06-17 10:19:17] 회원가입 시도 1/4
[2026-06-17 10:19:17] 회원가입 시작 sheet=BG plan={'sex': '여자', 'day': '화목'}
[2026-06-17 10:19:24] 회원가입 폼 진입 완료
[2026-06-17 10:19:26] 우편번호 검색 query=대구 북구 학남로 60
[2026-06-17 10:19:27] 우편번호 입력 완료 zip=41417 addr=대구 북구 학남로 60 (학정동, 칠곡7주공아파트)
[2026-06-17 10:19:28] 회원가입 제출 클릭 name=김소예 id=learneracecoi87 school=대구태암초등학교
[2026-06-17 10:19:29] 회원가입 알림 name=김소예 id=learneracecoi87 message=회원 가입하시겠습니까?
[2026-06-17 10:19:30] 회원가입 알림 name=김소예 id=learneracecoi87 message=회원 가입에 감사드립니다.
[2026-06-17 10:19:39] 회원가입 검증 완료 name=김소예 day=화목 dialogs=['회원 가입하시겠습니까?', '회원 가입에 감사드립니다.']
[2026-06-17 10:19:39] 수강신청 시도 1 name=김소예 id=learneracecoi87
[2026-06-17 10:19:39] 수강신청 시작 name=김소예 sheet=BG day=화목
[2026-06-17 10:19:47] BG 과정 선택 완료 day=화목 course_id=4_30 label='' week_filter=False
[2026-06-17 10:19:47] 수강신청 요일 선택 완료 name=김소예 day=화목
[2026-06-17 10:19:49] 수강신청 1차 제출 완료 name=김소예
[2026-06-17 10:19:52] 수강신청 최종 제출 완료 name=김소예
김소예 신청 완료 / 총 184명, 오늘 9명 추가되었습니다.
[2026-06-17 10:19:53] 기록 저장 완료 name=김소예 total=184 today=9
[2026-06-17 10:19:54] 대상 완료 name=김소예 total=184/250 today=9/75
[2026-06-17 10:19:56] 다음 가입 예약: 2026-06-17 10:29:16까지 대기
[2026-06-17 10:29:16] 신규 대상 시작 plan={'sex': '여자', 'day': '월수'}
[2026-06-17 10:29:18] 회원가입 시도 1/4
[2026-06-17 10:29:18] 회원가입 시작 sheet=BG plan={'sex': '여자', 'day': '월수'}
[2026-06-17 10:29:24] 회원가입 폼 진입 완료
[2026-06-17 10:29:26] 우편번호 검색 query=대구 북구 동변로 55
[2026-06-17 10:29:26] 우편번호 검색 실패 query=대구 북구 동변로 55 error=Error('Locator.count: Execution context was destroyed, most likely because of a navigation')
[2026-06-17 10:29:27] 우편번호 검색 query=대구 북구 동변로 55
[2026-06-17 10:29:28] 주소 지역 불일치 query=대구 북구 동변로 55 result=대구 군위군 군위읍 광현길 55
[2026-06-17 10:29:28] 우편번호 검색 query=대구동변초등학교
[2026-06-17 10:29:28] 주소 지역 불일치 query=대구동변초등학교 result=대구 군위군 군위읍 광현길 55
[2026-06-17 10:29:28] 우편번호 검색 query=대구동변초등학교
[2026-06-17 10:29:28] 주소 지역 불일치 query=대구동변초등학교 result=대구 군위군 군위읍 광현길 55
[2026-06-17 10:29:28] 회원가입 실패 try=1 error=RuntimeError("우편번호/주소 입력 실패 queries=['대구 북구 동변로 55', '대구동변초등학교'] required=북구 last_error=주소 지역 불일치 query=대구동변초등학교 result=대구 군위군 군위읍 광현길 55")
[2026-06-17 10:29:29] 회원가입 시도 2/4
[2026-06-17 10:29:29] 회원가입 시작 sheet=BG plan={'sex': '여자', 'day': '월수'}
[2026-06-17 10:29:32] 회원가입 폼 진입 완료
[2026-06-17 10:29:35] 우편번호 검색 query=대구 북구 대천로 101
[2026-06-17 10:29:36] 우편번호 입력 완료 zip=41427 addr=대구 북구 대천로 101 (동천동, 칠곡3차화성타운)
[2026-06-17 10:29:37] 회원가입 제출 클릭 name=김연아 id=honestyviol3898 school=대구동평초등학교
[2026-06-17 10:29:37] 회원가입 알림 name=김연아 id=honestyviol3898 message=회원 가입하시겠습니까?
[2026-06-17 10:29:38] 회원가입 알림 name=김연아 id=honestyviol3898 message=회원 가입에 감사드립니다.
[2026-06-17 10:29:48] 회원가입 검증 완료 name=김연아 day=월수 dialogs=['회원 가입하시겠습니까?', '회원 가입에 감사드립니다.']
[2026-06-17 10:29:48] 수강신청 시도 1 name=김연아 id=honestyviol3898
[2026-06-17 10:29:48] 수강신청 시작 name=김연아 sheet=BG day=월수
[2026-06-17 10:29:55] BG 과정 선택 완료 day=월수 course_id=3_29 label='' week_filter=False
[2026-06-17 10:29:55] 수강신청 요일 선택 완료 name=김연아 day=월수
[2026-06-17 10:29:56] 수강신청 1차 제출 완료 name=김연아
[2026-06-17 10:30:00] 수강신청 최종 제출 완료 name=김연아
김연아 신청 완료 / 총 185명, 오늘 10명 추가되었습니다.
[2026-06-17 10:30:00] 기록 저장 완료 name=김연아 total=185 today=10
[2026-06-17 10:30:04] 대상 완료 name=김연아 total=185/250 today=10/75
[2026-06-17 10:30:07] 다음 가입 예약: 2026-06-17 10:36:41까지 대기
[2026-06-17 10:36:41] 신규 대상 시작 plan={'sex': '여자', 'day': '화목'}
[2026-06-17 10:36:43] 회원가입 시도 1/4
[2026-06-17 10:36:43] 회원가입 시작 sheet=BG plan={'sex': '여자', 'day': '화목'}
[2026-06-17 10:36:48] 회원가입 폼 진입 완료
[2026-06-17 10:36:50] 우편번호 검색 query=대구 북구 대천로 101
[2026-06-17 10:36:51] 우편번호 입력 완료 zip=41427 addr=대구 북구 대천로 101 (동천동, 칠곡3차화성타운)
[2026-06-17 10:36:52] 회원가입 제출 클릭 name=조민서 id=guidecollabq918 school=대구운암초등학교
[2026-06-17 10:36:52] 회원가입 알림 name=조민서 id=guidecollabq918 message=회원 가입하시겠습니까?
[2026-06-17 10:36:53] 회원가입 알림 name=조민서 id=guidecollabq918 message=회원 가입에 감사드립니다.
[2026-06-17 10:37:02] 회원가입 검증 완료 name=조민서 day=화목 dialogs=['회원 가입하시겠습니까?', '회원 가입에 감사드립니다.']
[2026-06-17 10:37:02] 수강신청 시도 1 name=조민서 id=guidecollabq918
[2026-06-17 10:37:02] 수강신청 시작 name=조민서 sheet=BG day=화목
[2026-06-17 10:37:09] BG 과정 선택 완료 day=화목 course_id=4_30 label='' week_filter=False
[2026-06-17 10:37:09] 수강신청 요일 선택 완료 name=조민서 day=화목
[2026-06-17 10:37:11] 수강신청 1차 제출 완료 name=조민서
[2026-06-17 10:37:15] 수강신청 최종 제출 완료 name=조민서
조민서 신청 완료 / 총 186명, 오늘 11명 추가되었습니다.
[2026-06-17 10:37:15] 기록 저장 완료 name=조민서 total=186 today=11
[2026-06-17 10:37:16] 대상 완료 name=조민서 total=186/250 today=11/75
[2026-06-17 10:37:18] 다음 가입 예약: 2026-06-17 10:49:39까지 대기
[2026-06-17 10:49:39] 신규 대상 시작 plan={'sex': '여자', 'day': '월수'}
[2026-06-17 10:49:42] 회원가입 시도 1/4
[2026-06-17 10:49:42] 회원가입 시작 sheet=BG plan={'sex': '여자', 'day': '월수'}
[2026-06-17 10:49:49] 회원가입 폼 진입 완료
[2026-06-17 10:49:52] 우편번호 검색 query=대구 북구 학정로110길 29
[2026-06-17 10:49:54] 우편번호 입력 완료 zip=41415 addr=대구 북구 학정로110길 29 (학정동, 학정청아람)
[2026-06-17 10:49:56] 회원가입 제출 클릭 name=김수린 id=bakerhealth58r school=대구학정초등학교
[2026-06-17 10:49:57] 회원가입 알림 name=김수린 id=bakerhealth58r message=회원 가입하시겠습니까?
[2026-06-17 10:49:57] 회원가입 알림 name=김수린 id=bakerhealth58r message=회원 가입에 감사드립니다.
[2026-06-17 10:50:07] 회원가입 검증 완료 name=김수린 day=월수 dialogs=['회원 가입하시겠습니까?', '회원 가입에 감사드립니다.']
[2026-06-17 10:50:07] 수강신청 시도 1 name=김수린 id=bakerhealth58r
[2026-06-17 10:50:07] 수강신청 시작 name=김수린 sheet=BG day=월수
[2026-06-17 10:50:15] BG 과정 선택 완료 day=월수 course_id=3_29 label='' week_filter=False
[2026-06-17 10:50:15] 수강신청 요일 선택 완료 name=김수린 day=월수
[2026-06-17 10:50:17] 수강신청 1차 제출 완료 name=김수린
[2026-06-17 10:50:21] 수강신청 최종 제출 완료 name=김수린
김수린 신청 완료 / 총 187명, 오늘 12명 추가되었습니다.
[2026-06-17 10:50:22] 기록 저장 완료 name=김수린 total=187 today=12
[2026-06-17 10:50:23] 대상 완료 name=김수린 total=187/250 today=12/75
[2026-06-17 10:50:27] 다음 가입 예약: 2026-06-17 10:58:06까지 대기
[2026-06-17 10:58:06] 신규 대상 시작 plan={'sex': '여자', 'day': '화목'}
[2026-06-17 10:58:10] 회원가입 시도 1/4
[2026-06-17 10:58:10] 회원가입 시작 sheet=BG plan={'sex': '여자', 'day': '화목'}
[2026-06-17 10:58:17] 회원가입 폼 진입 완료
[2026-06-17 10:58:19] 우편번호 검색 query=대구 북구 동천로 97
[2026-06-17 10:58:19] 우편번호 검색 실패 query=대구 북구 동천로 97 error=Error('Locator.count: Execution context was destroyed, most likely because of a navigation')
[2026-06-17 10:58:21] 우편번호 검색 query=대구 북구 동천로 97
[2026-06-17 10:58:22] 우편번호 입력 완료 zip=41426 addr=대구 북구 동천로 97 (동천동, 영남네오빌 아트)
[2026-06-17 10:58:22] 회원가입 제출 클릭 name=김은아 id=persistentfr39m school=대구운암초등학교
[2026-06-17 10:58:23] 회원가입 알림 name=김은아 id=persistentfr39m message=회원 가입하시겠습니까?
[2026-06-17 10:58:24] 회원가입 알림 name=김은아 id=persistentfr39m message=회원 가입에 감사드립니다.
[2026-06-17 10:58:33] 회원가입 검증 완료 name=김은아 day=화목 dialogs=['회원 가입하시겠습니까?', '회원 가입에 감사드립니다.']
[2026-06-17 10:58:33] 수강신청 시도 1 name=김은아 id=persistentfr39m
[2026-06-17 10:58:33] 수강신청 시작 name=김은아 sheet=BG day=화목
[2026-06-17 10:58:40] BG 과정 선택 완료 day=화목 course_id=4_30 label='' week_filter=False
[2026-06-17 10:58:40] 수강신청 요일 선택 완료 name=김은아 day=화목
[2026-06-17 10:58:42] 수강신청 1차 제출 완료 name=김은아
[2026-06-17 10:58:46] 수강신청 최종 제출 완료 name=김은아
김은아 신청 완료 / 총 188명, 오늘 13명 추가되었습니다.
[2026-06-17 10:58:46] 기록 저장 완료 name=김은아 total=188 today=13
[2026-06-17 10:58:47] 대상 완료 name=김은아 total=188/250 today=13/75
[2026-06-17 10:58:49] 다음 가입 예약: 2026-06-17 11:08:26까지 대기
[2026-06-17 11:08:26] 신규 대상 시작 plan={'sex': '남자', 'day': '화목'}
[2026-06-17 11:08:29] 회원가입 시도 1/4
[2026-06-17 11:08:29] 회원가입 시작 sheet=BG plan={'sex': '남자', 'day': '화목'}
[2026-06-17 11:08:36] 회원가입 폼 진입 완료
[2026-06-17 11:08:39] 우편번호 검색 query=대구 북구 매전로 50-42
[2026-06-17 11:08:41] 우편번호 입력 완료 zip=41471 addr=대구 북구 매전로 50-42 (태전동)
[2026-06-17 11:08:42] 회원가입 제출 클릭 name=유시우 id=mindfulnessw43v school=대구관문초등학교
[2026-06-17 11:08:42] 회원가입 알림 name=유시우 id=mindfulnessw43v message=회원 가입하시겠습니까?
[2026-06-17 11:08:43] 회원가입 알림 name=유시우 id=mindfulnessw43v message=회원 가입에 감사드립니다.
[2026-06-17 11:08:52] 회원가입 검증 완료 name=유시우 day=화목 dialogs=['회원 가입하시겠습니까?', '회원 가입에 감사드립니다.']
[2026-06-17 11:08:52] 수강신청 시도 1 name=유시우 id=mindfulnessw43v
[2026-06-17 11:08:52] 수강신청 시작 name=유시우 sheet=BG day=화목
[2026-06-17 11:09:00] BG 과정 선택 완료 day=화목 course_id=4_30 label='' week_filter=False
[2026-06-17 11:09:00] 수강신청 요일 선택 완료 name=유시우 day=화목
[2026-06-17 11:09:01] 수강신청 1차 제출 완료 name=유시우
[2026-06-17 11:09:05] 수강신청 최종 제출 완료 name=유시우
유시우 신청 완료 / 총 189명, 오늘 14명 추가되었습니다.
[2026-06-17 11:09:05] 기록 저장 완료 name=유시우 total=189 today=14
[2026-06-17 11:09:06] 대상 완료 name=유시우 total=189/250 today=14/75
[2026-06-17 11:09:08] 다음 가입 예약: 2026-06-17 11:19:39까지 대기
[2026-06-17 11:19:39] 신규 대상 시작 plan={'sex': '남자', 'day': '월수'}
[2026-06-17 11:19:41] 회원가입 시도 1/4
[2026-06-17 11:19:41] 회원가입 시작 sheet=BG plan={'sex': '남자', 'day': '월수'}
[2026-06-17 11:19:47] 회원가입 폼 진입 완료
[2026-06-17 11:19:49] 우편번호 검색 query=대구 북구 학남로 60
[2026-06-17 11:20:01] 우편번호 검색 query=대구 북구 학남로 60
[2026-06-17 11:20:03] 우편번호 입력 완료 zip=41417 addr=대구 북구 학남로 60 (학정동, 칠곡7주공아파트)
[2026-06-17 11:20:04] 회원가입 제출 클릭 name=허현준 id=confidentrew302 school=대구학남초등학교
[2026-06-17 11:20:05] 회원가입 알림 name=허현준 id=confidentrew302 message=회원 가입하시겠습니까?
[2026-06-17 11:20:06] 회원가입 알림 name=허현준 id=confidentrew302 message=회원 가입에 감사드립니다.
[2026-06-17 11:20:15] 회원가입 검증 완료 name=허현준 day=월수 dialogs=['회원 가입하시겠습니까?', '회원 가입에 감사드립니다.']
[2026-06-17 11:20:15] 수강신청 시도 1 name=허현준 id=confidentrew302
[2026-06-17 11:20:15] 수강신청 시작 name=허현준 sheet=BG day=월수
[2026-06-17 11:20:22] BG 과정 선택 완료 day=월수 course_id=3_29 label='' week_filter=False
[2026-06-17 11:20:22] 수강신청 요일 선택 완료 name=허현준 day=월수
[2026-06-17 11:20:24] 수강신청 1차 제출 완료 name=허현준
[2026-06-17 11:20:27] 수강신청 최종 제출 완료 name=허현준
허현준 신청 완료 / 총 190명, 오늘 15명 추가되었습니다.
[2026-06-17 11:20:28] 기록 저장 완료 name=허현준 total=190 today=15
[2026-06-17 11:20:29] 대상 완료 name=허현준 total=190/250 today=15/75
[2026-06-17 11:20:31] 다음 가입 예약: 2026-06-17 11:26:24까지 대기
[2026-06-17 11:26:24] 신규 대상 시작 plan={'sex': '여자', 'day': '월수'}
[2026-06-17 11:26:27] 회원가입 시도 1/4
[2026-06-17 11:26:27] 회원가입 시작 sheet=BG plan={'sex': '여자', 'day': '월수'}
[2026-06-17 11:26:33] 회원가입 폼 진입 완료
[2026-06-17 11:26:36] 우편번호 검색 query=대구 북구 도남길 148-51
[2026-06-17 11:26:37] 우편번호 입력 완료 zip=41408 addr=대구 북구 도남길 148-51 (도남동)
[2026-06-17 11:26:37] 회원가입 제출 클릭 name=이규빈 id=megareading2078 school=대구도남초등학교
[2026-06-17 11:26:38] 회원가입 알림 name=이규빈 id=megareading2078 message=회원 가입하시겠습니까?
[2026-06-17 11:26:39] 회원가입 알림 name=이규빈 id=megareading2078 message=회원 가입에 감사드립니다.
[2026-06-17 11:26:48] 회원가입 검증 완료 name=이규빈 day=월수 dialogs=['회원 가입하시겠습니까?', '회원 가입에 감사드립니다.']
[2026-06-17 11:26:48] 수강신청 시도 1 name=이규빈 id=megareading2078
[2026-06-17 11:26:48] 수강신청 시작 name=이규빈 sheet=BG day=월수
[2026-06-17 11:26:55] BG 과정 선택 완료 day=월수 course_id=3_29 label='' week_filter=False
[2026-06-17 11:26:55] 수강신청 요일 선택 완료 name=이규빈 day=월수
[2026-06-17 11:26:57] 수강신청 1차 제출 완료 name=이규빈
[2026-06-17 11:27:02] 수강신청 최종 제출 완료 name=이규빈
이규빈 신청 완료 / 총 191명, 오늘 16명 추가되었습니다.
[2026-06-17 11:27:02] 기록 저장 완료 name=이규빈 total=191 today=16
[2026-06-17 11:27:03] 대상 완료 name=이규빈 total=191/250 today=16/75
[2026-06-17 11:27:05] 다음 가입 예약: 2026-06-17 11:36:50까지 대기
[2026-06-17 11:36:50] 신규 대상 시작 plan={'sex': '여자', 'day': '화목'}
[2026-06-17 11:36:53] 회원가입 시도 1/4
[2026-06-17 11:36:53] 회원가입 시작 sheet=BG plan={'sex': '여자', 'day': '화목'}
[2026-06-17 11:36:59] 회원가입 폼 진입 완료
[2026-06-17 11:37:01] 우편번호 검색 query=대구 북구 한강로 17
[2026-06-17 11:37:02] 주소 지역 불일치 query=대구 북구 한강로 17 result=대구 군위군 군위읍 골안길 17
[2026-06-17 11:37:02] 우편번호 검색 query=대구 북구 한강로 17
[2026-06-17 11:37:02] 주소 지역 불일치 query=대구 북구 한강로 17 result=대구 군위군 군위읍 골안길 17
[2026-06-17 11:37:03] 우편번호 검색 query=대구사수초등학교
[2026-06-17 11:37:04] 우편번호 입력 완료 zip=41492 addr=대구 북구 내곡로 124 (사수동, 사수초등학교)
[2026-06-17 11:37:05] 회원가입 제출 클릭 name=고채영 id=kpopnature8616 school=대구사수초등학교
[2026-06-17 11:37:05] 회원가입 알림 name=고채영 id=kpopnature8616 message=회원 가입하시겠습니까?
[2026-06-17 11:37:06] 회원가입 알림 name=고채영 id=kpopnature8616 message=회원 가입에 감사드립니다.
[2026-06-17 11:37:16] 회원가입 검증 완료 name=고채영 day=화목 dialogs=['회원 가입하시겠습니까?', '회원 가입에 감사드립니다.']
[2026-06-17 11:37:16] 수강신청 시도 1 name=고채영 id=kpopnature8616
[2026-06-17 11:37:16] 수강신청 시작 name=고채영 sheet=BG day=화목
[2026-06-17 11:37:24] BG 과정 선택 완료 day=화목 course_id=4_30 label='' week_filter=False
[2026-06-17 11:37:24] 수강신청 요일 선택 완료 name=고채영 day=화목
[2026-06-17 11:37:25] 수강신청 1차 제출 완료 name=고채영
[2026-06-17 11:37:29] 수강신청 최종 제출 완료 name=고채영
고채영 신청 완료 / 총 192명, 오늘 17명 추가되었습니다.
[2026-06-17 11:37:29] 기록 저장 완료 name=고채영 total=192 today=17
[2026-06-17 11:37:31] 대상 완료 name=고채영 total=192/250 today=17/75
[2026-06-17 11:37:33] 다음 가입 예약: 2026-06-17 11:44:01까지 대기
[2026-06-17 11:44:01] 신규 대상 시작 plan={'sex': '여자', 'day': '화목'}
[2026-06-17 11:44:03] 회원가입 시도 1/4
[2026-06-17 11:44:03] 회원가입 시작 sheet=BG plan={'sex': '여자', 'day': '화목'}
[2026-06-17 11:44:10] 회원가입 폼 진입 완료
[2026-06-17 11:44:14] 우편번호 검색 query=대구 북구 연경중앙로11길 19
[2026-06-17 11:44:14] 우편번호 검색 실패 query=대구 북구 연경중앙로11길 19 error=Error('Locator.count: Execution context was destroyed, most likely because of a navigation')
[2026-06-17 11:44:15] 우편번호 검색 query=대구 북구 연경중앙로11길 19
[2026-06-17 11:44:15] 우편번호 입력 완료 zip=41409 addr=대구 북구 연경중앙로11길 19 (연경동)
[2026-06-17 11:44:16] 회원가입 제출 클릭 name=박재은 id=shiningimagi35j school=대구연경초등학교
[2026-06-17 11:44:17] 회원가입 알림 name=박재은 id=shiningimagi35j message=회원 가입하시겠습니까?
[2026-06-17 11:44:18] 회원가입 알림 name=박재은 id=shiningimagi35j message=회원 가입에 감사드립니다.
[2026-06-17 11:44:27] 회원가입 검증 완료 name=박재은 day=화목 dialogs=['회원 가입하시겠습니까?', '회원 가입에 감사드립니다.']
[2026-06-17 11:44:27] 수강신청 시도 1 name=박재은 id=shiningimagi35j
[2026-06-17 11:44:27] 수강신청 시작 name=박재은 sheet=BG day=화목
[2026-06-17 11:44:35] BG 과정 선택 완료 day=화목 course_id=4_30 label='' week_filter=False
[2026-06-17 11:44:35] 수강신청 요일 선택 완료 name=박재은 day=화목
[2026-06-17 11:44:37] 수강신청 1차 제출 완료 name=박재은
[2026-06-17 11:44:40] 수강신청 최종 제출 완료 name=박재은
박재은 신청 완료 / 총 193명, 오늘 18명 추가되었습니다.
[2026-06-17 11:44:41] 기록 저장 완료 name=박재은 total=193 today=18
[2026-06-17 11:44:42] 대상 완료 name=박재은 total=193/250 today=18/75
[2026-06-17 11:44:43] 다음 가입 예약: 2026-06-17 11:57:46까지 대기
[2026-06-17 11:57:46] 신규 대상 시작 plan={'sex': '여자', 'day': '화목'}
[2026-06-17 11:57:49] 회원가입 시도 1/4
[2026-06-17 11:57:49] 회원가입 시작 sheet=BG plan={'sex': '여자', 'day': '화목'}
[2026-06-17 11:57:54] 회원가입 폼 진입 완료
[2026-06-17 11:57:58] 우편번호 검색 query=대구 북구 공항로 84
[2026-06-17 11:57:59] 우편번호 입력 완료 zip=41528 addr=대구 북구 공항로 84 (복현동, 복현우방타운)
[2026-06-17 11:57:59] 회원가입 제출 클릭 name=김혜진 id=pixelshinin2551 school=대구복현초등학교
[2026-06-17 11:58:00] 회원가입 알림 name=김혜진 id=pixelshinin2551 message=회원 가입하시겠습니까?
[2026-06-17 11:58:01] 회원가입 알림 name=김혜진 id=pixelshinin2551 message=회원 가입에 감사드립니다.
[2026-06-17 11:58:11] 회원가입 검증 완료 name=김혜진 day=화목 dialogs=['회원 가입하시겠습니까?', '회원 가입에 감사드립니다.']
[2026-06-17 11:58:11] 수강신청 시도 1 name=김혜진 id=pixelshinin2551
[2026-06-17 11:58:11] 수강신청 시작 name=김혜진 sheet=BG day=화목
[2026-06-17 11:58:18] BG 과정 선택 완료 day=화목 course_id=4_30 label='' week_filter=False
[2026-06-17 11:58:18] 수강신청 요일 선택 완료 name=김혜진 day=화목
[2026-06-17 11:58:20] 수강신청 1차 제출 완료 name=김혜진
[2026-06-17 11:58:24] 수강신청 최종 제출 완료 name=김혜진
김혜진 신청 완료 / 총 194명, 오늘 19명 추가되었습니다.
[2026-06-17 11:58:25] 기록 저장 완료 name=김혜진 total=194 today=19
[2026-06-17 11:58:26] 대상 완료 name=김혜진 total=194/250 today=19/75
[2026-06-17 11:58:29] 다음 가입 예약: 2026-06-17 12:07:28까지 대기
[2026-06-17 12:07:28] 신규 대상 시작 plan={'sex': '여자', 'day': '월수'}
[2026-06-17 12:07:31] 회원가입 시도 1/4
[2026-06-17 12:07:31] 회원가입 시작 sheet=BG plan={'sex': '여자', 'day': '월수'}
[2026-06-17 12:07:37] 회원가입 폼 진입 완료
[2026-06-17 12:07:39] 우편번호 검색 query=대구 북구 매전로4길 31
[2026-06-17 12:07:40] 우편번호 입력 완료 zip=41487 addr=대구 북구 매전로4길 31 (매천동, 한신더휴 이스턴 팰리스)
[2026-06-17 12:07:41] 회원가입 제출 클릭 name=이혜빈 id=versatileloj280 school=대구관문초등학교
[2026-06-17 12:07:42] 회원가입 알림 name=이혜빈 id=versatileloj280 message=회원 가입하시겠습니까?
[2026-06-17 12:07:42] 회원가입 알림 name=이혜빈 id=versatileloj280 message=회원 가입에 감사드립니다.
[2026-06-17 12:07:53] 회원가입 검증 완료 name=이혜빈 day=월수 dialogs=['회원 가입하시겠습니까?', '회원 가입에 감사드립니다.']
[2026-06-17 12:07:53] 수강신청 시도 1 name=이혜빈 id=versatileloj280
[2026-06-17 12:07:53] 수강신청 시작 name=이혜빈 sheet=BG day=월수
[2026-06-17 12:08:00] BG 과정 선택 완료 day=월수 course_id=3_29 label='' week_filter=False
[2026-06-17 12:08:00] 수강신청 요일 선택 완료 name=이혜빈 day=월수
[2026-06-17 12:08:02] 수강신청 1차 제출 완료 name=이혜빈
[2026-06-17 12:08:06] 수강신청 최종 제출 완료 name=이혜빈
이혜빈 신청 완료 / 총 195명, 오늘 20명 추가되었습니다.
[2026-06-17 12:08:06] 기록 저장 완료 name=이혜빈 total=195 today=20
[2026-06-17 12:08:08] 대상 완료 name=이혜빈 total=195/250 today=20/75
[2026-06-17 12:08:10] 다음 가입 예약: 2026-06-17 12:17:17까지 대기
[2026-06-17 12:17:17] 신규 대상 시작 plan={'sex': '여자', 'day': '화목'}
[2026-06-17 12:17:19] 회원가입 시도 1/4
[2026-06-17 12:17:19] 회원가입 시작 sheet=BG plan={'sex': '여자', 'day': '화목'}
[2026-06-17 12:17:26] 회원가입 폼 진입 완료
[2026-06-17 12:17:29] 우편번호 검색 query=대구 북구 대천로 101
[2026-06-17 12:17:30] 우편번호 입력 완료 zip=41427 addr=대구 북구 대천로 101 (동천동, 칠곡3차화성타운)
[2026-06-17 12:17:31] 회원가입 제출 클릭 name=용이나 id=animalschilr757 school=대구운암초등학교
[2026-06-17 12:17:32] 회원가입 알림 name=용이나 id=animalschilr757 message=회원 가입하시겠습니까?
[2026-06-17 12:17:33] 회원가입 알림 name=용이나 id=animalschilr757 message=회원 가입에 감사드립니다.
[2026-06-17 12:17:42] 회원가입 검증 완료 name=용이나 day=화목 dialogs=['회원 가입하시겠습니까?', '회원 가입에 감사드립니다.']
[2026-06-17 12:17:42] 수강신청 시도 1 name=용이나 id=animalschilr757
[2026-06-17 12:17:42] 수강신청 시작 name=용이나 sheet=BG day=화목
[2026-06-17 12:17:49] BG 과정 선택 완료 day=화목 course_id=4_30 label='' week_filter=False
[2026-06-17 12:17:49] 수강신청 요일 선택 완료 name=용이나 day=화목
[2026-06-17 12:17:51] 수강신청 1차 제출 완료 name=용이나
[2026-06-17 12:17:55] 수강신청 최종 제출 완료 name=용이나
용이나 신청 완료 / 총 196명, 오늘 21명 추가되었습니다.
[2026-06-17 12:17:55] 기록 저장 완료 name=용이나 total=196 today=21
[2026-06-17 12:17:56] 대상 완료 name=용이나 total=196/250 today=21/75
[2026-06-17 12:17:59] 다음 가입 예약: 2026-06-17 12:22:48까지 대기
[2026-06-17 12:22:48] 신규 대상 시작 plan={'sex': '여자', 'day': '월수'}
[2026-06-17 12:22:50] 회원가입 시도 1/4
[2026-06-17 12:22:50] 회원가입 시작 sheet=BG plan={'sex': '여자', 'day': '월수'}
[2026-06-17 12:22:56] 회원가입 폼 진입 완료
[2026-06-17 12:22:58] 우편번호 검색 query=대구 북구 도남길 148-51
[2026-06-17 12:22:59] 우편번호 입력 완료 zip=41408 addr=대구 북구 도남길 148-51 (도남동)
[2026-06-17 12:23:00] 회원가입 제출 클릭 name=오은별 id=summerdesign55b school=대구도남초등학교
[2026-06-17 12:23:01] 회원가입 알림 name=오은별 id=summerdesign55b message=회원 가입하시겠습니까?
[2026-06-17 12:23:02] 회원가입 알림 name=오은별 id=summerdesign55b message=회원 가입에 감사드립니다.
[2026-06-17 12:23:11] 회원가입 검증 완료 name=오은별 day=월수 dialogs=['회원 가입하시겠습니까?', '회원 가입에 감사드립니다.']
[2026-06-17 12:23:11] 수강신청 시도 1 name=오은별 id=summerdesign55b
[2026-06-17 12:23:11] 수강신청 시작 name=오은별 sheet=BG day=월수
[2026-06-17 12:23:18] BG 과정 선택 완료 day=월수 course_id=3_29 label='' week_filter=False
[2026-06-17 12:23:18] 수강신청 요일 선택 완료 name=오은별 day=월수
[2026-06-17 12:23:20] 수강신청 1차 제출 완료 name=오은별
[2026-06-17 12:23:24] 수강신청 최종 제출 완료 name=오은별
오은별 신청 완료 / 총 197명, 오늘 22명 추가되었습니다.
[2026-06-17 12:23:24] 기록 저장 완료 name=오은별 total=197 today=22
[2026-06-17 12:23:26] 대상 완료 name=오은별 total=197/250 today=22/75
[2026-06-17 12:23:28] 다음 가입 예약: 2026-06-17 12:34:42까지 대기
[2026-06-17 12:34:42] 신규 대상 시작 plan={'sex': '남자', 'day': '월수'}
[2026-06-17 12:34:45] 회원가입 시도 1/4
[2026-06-17 12:34:45] 회원가입 시작 sheet=BG plan={'sex': '남자', 'day': '월수'}
[2026-06-17 12:34:50] 회원가입 폼 진입 완료
[2026-06-17 12:34:52] 우편번호 검색 query=대구 북구 내곡로 89
[2026-06-17 12:34:54] 우편번호 입력 완료 zip=41492 addr=대구 북구 내곡로 89 (사수동, 브라운스톤 강북)
[2026-06-17 12:34:55] 회원가입 제출 클릭 name=류태현 id=boldgucci1804 school=대구삼영초등학교
[2026-06-17 12:34:56] 회원가입 알림 name=류태현 id=boldgucci1804 message=회원 가입하시겠습니까?
[2026-06-17 12:34:56] 회원가입 알림 name=류태현 id=boldgucci1804 message=회원 가입에 감사드립니다.
[2026-06-17 12:35:06] 회원가입 검증 완료 name=류태현 day=월수 dialogs=['회원 가입하시겠습니까?', '회원 가입에 감사드립니다.']
[2026-06-17 12:35:06] 수강신청 시도 1 name=류태현 id=boldgucci1804
[2026-06-17 12:35:06] 수강신청 시작 name=류태현 sheet=BG day=월수
[2026-06-17 12:35:14] BG 과정 선택 완료 day=월수 course_id=3_29 label='' week_filter=False
[2026-06-17 12:35:14] 수강신청 요일 선택 완료 name=류태현 day=월수
[2026-06-17 12:35:15] 수강신청 1차 제출 완료 name=류태현
[2026-06-17 12:35:19] 수강신청 최종 제출 완료 name=류태현
류태현 신청 완료 / 총 198명, 오늘 23명 추가되었습니다.
[2026-06-17 12:35:20] 기록 저장 완료 name=류태현 total=198 today=23
[2026-06-17 12:35:21] 대상 완료 name=류태현 total=198/250 today=23/75
[2026-06-17 12:35:23] 다음 가입 예약: 2026-06-17 12:40:42까지 대기
[2026-06-17 12:40:42] 신규 대상 시작 plan={'sex': '여자', 'day': '월수'}
[2026-06-17 12:40:44] 회원가입 시도 1/4
[2026-06-17 12:40:44] 회원가입 시작 sheet=BG plan={'sex': '여자', 'day': '월수'}
[2026-06-17 12:40:50] 회원가입 폼 진입 완료
[2026-06-17 12:40:52] 우편번호 검색 query=대구 북구 동천로 97
[2026-06-17 12:40:53] 우편번호 입력 완료 zip=41426 addr=대구 북구 동천로 97 (동천동, 영남네오빌 아트)
[2026-06-17 12:40:54] 회원가입 제출 클릭 name=박은우 id=reporterragv517 school=대구운암초등학교
[2026-06-17 12:40:54] 회원가입 알림 name=박은우 id=reporterragv517 message=회원 가입하시겠습니까?
[2026-06-17 12:40:55] 회원가입 알림 name=박은우 id=reporterragv517 message=회원 가입에 감사드립니다.
[2026-06-17 12:41:05] 회원가입 검증 완료 name=박은우 day=월수 dialogs=['회원 가입하시겠습니까?', '회원 가입에 감사드립니다.']
[2026-06-17 12:41:05] 수강신청 시도 1 name=박은우 id=reporterragv517
[2026-06-17 12:41:05] 수강신청 시작 name=박은우 sheet=BG day=월수
[2026-06-17 12:41:12] BG 과정 선택 완료 day=월수 course_id=3_29 label='' week_filter=False
[2026-06-17 12:41:12] 수강신청 요일 선택 완료 name=박은우 day=월수
[2026-06-17 12:41:13] 수강신청 1차 제출 완료 name=박은우
[2026-06-17 12:41:17] 수강신청 최종 제출 완료 name=박은우
박은우 신청 완료 / 총 199명, 오늘 24명 추가되었습니다.
[2026-06-17 12:41:17] 기록 저장 완료 name=박은우 total=199 today=24
[2026-06-17 12:41:19] 대상 완료 name=박은우 total=199/250 today=24/75
[2026-06-17 12:41:20] 다음 가입 예약: 2026-06-17 12:48:57까지 대기
[2026-06-17 12:48:57] 신규 대상 시작 plan={'sex': '여자', 'day': '월수'}
[2026-06-17 12:48:59] 회원가입 시도 1/4
[2026-06-17 12:48:59] 회원가입 시작 sheet=BG plan={'sex': '여자', 'day': '월수'}
[2026-06-17 12:49:05] 회원가입 폼 진입 완료
[2026-06-17 12:49:07] 우편번호 검색 query=대구 북구 한강로 17
[2026-06-17 12:49:09] 우편번호 입력 완료 zip=41599 addr=대구 북구 한강로 17 (사수동, 금호서한이다음)
[2026-06-17 12:49:10] 회원가입 제출 클릭 name=이빛나 id=bakerwriting11k school=대구삼영초등학교
[2026-06-17 12:49:10] 회원가입 알림 name=이빛나 id=bakerwriting11k message=회원 가입하시겠습니까?
[2026-06-17 12:49:11] 회원가입 알림 name=이빛나 id=bakerwriting11k message=회원 가입에 감사드립니다.
[2026-06-17 12:49:21] 회원가입 검증 완료 name=이빛나 day=월수 dialogs=['회원 가입하시겠습니까?', '회원 가입에 감사드립니다.']
[2026-06-17 12:49:21] 수강신청 시도 1 name=이빛나 id=bakerwriting11k
[2026-06-17 12:49:21] 수강신청 시작 name=이빛나 sheet=BG day=월수
[2026-06-17 12:49:28] BG 과정 선택 완료 day=월수 course_id=3_29 label='' week_filter=False
[2026-06-17 12:49:28] 수강신청 요일 선택 완료 name=이빛나 day=월수
[2026-06-17 12:49:29] 수강신청 1차 제출 완료 name=이빛나
[2026-06-17 12:49:33] 수강신청 최종 제출 완료 name=이빛나
이빛나 신청 완료 / 총 200명, 오늘 25명 추가되었습니다.
[2026-06-17 12:49:33] 기록 저장 완료 name=이빛나 total=200 today=25
[2026-06-17 12:49:34] 대상 완료 name=이빛나 total=200/250 today=25/75
[2026-06-17 12:49:36] 다음 가입 예약: 2026-06-17 13:01:47까지 대기
[2026-06-17 13:01:47] 신규 대상 시작 plan={'sex': '남자', 'day': '화목'}
[2026-06-17 13:01:50] 회원가입 시도 1/4
[2026-06-17 13:01:50] 회원가입 시작 sheet=BG plan={'sex': '남자', 'day': '화목'}
[2026-06-17 13:01:55] 회원가입 폼 진입 완료
[2026-06-17 13:01:58] 우편번호 검색 query=대구 북구 내곡로 49
[2026-06-17 13:01:59] 우편번호 입력 완료 zip=41493 addr=대구 북구 내곡로 49 (사수동, 이편한세상대구금호)
[2026-06-17 13:02:00] 회원가입 제출 클릭 name=장시헌 id=heroorganiz3266 school=대구사수초등학교
[2026-06-17 13:02:01] 회원가입 알림 name=장시헌 id=heroorganiz3266 message=회원 가입하시겠습니까?
[2026-06-17 13:02:01] 회원가입 알림 name=장시헌 id=heroorganiz3266 message=회원 가입에 감사드립니다.
[2026-06-17 13:02:11] 회원가입 검증 완료 name=장시헌 day=화목 dialogs=['회원 가입하시겠습니까?', '회원 가입에 감사드립니다.']
[2026-06-17 13:02:11] 수강신청 시도 1 name=장시헌 id=heroorganiz3266
[2026-06-17 13:02:11] 수강신청 시작 name=장시헌 sheet=BG day=화목
[2026-06-17 13:02:19] BG 과정 선택 완료 day=화목 course_id=4_30 label='' week_filter=False
[2026-06-17 13:02:19] 수강신청 요일 선택 완료 name=장시헌 day=화목
[2026-06-17 13:02:21] 수강신청 1차 제출 완료 name=장시헌
[2026-06-17 13:02:24] 수강신청 최종 제출 완료 name=장시헌
장시헌 신청 완료 / 총 201명, 오늘 26명 추가되었습니다.
[2026-06-17 13:02:25] 기록 저장 완료 name=장시헌 total=201 today=26
[2026-06-17 13:02:26] 대상 완료 name=장시헌 total=201/250 today=26/75
[2026-06-17 13:02:28] 다음 가입 예약: 2026-06-17 13:12:10까지 대기
[2026-06-17 13:12:10] 신규 대상 시작 plan={'sex': '여자', 'day': '화목'}
[2026-06-17 13:12:13] 회원가입 시도 1/4
[2026-06-17 13:12:13] 회원가입 시작 sheet=BG plan={'sex': '여자', 'day': '화목'}
[2026-06-17 13:12:19] 회원가입 폼 진입 완료
[2026-06-17 13:12:22] 우편번호 검색 query=대구 북구 내곡로 49
[2026-06-17 13:12:23] 우편번호 입력 완료 zip=41493 addr=대구 북구 내곡로 49 (사수동, 이편한세상대구금호)
[2026-06-17 13:12:24] 회원가입 제출 클릭 name=이시아 id=connectordr1932 school=대구사수초등학교
[2026-06-17 13:12:25] 회원가입 알림 name=이시아 id=connectordr1932 message=회원 가입하시겠습니까?
[2026-06-17 13:12:25] 회원가입 알림 name=이시아 id=connectordr1932 message=회원 가입에 감사드립니다.
[2026-06-17 13:12:36] 회원가입 검증 완료 name=이시아 day=화목 dialogs=['회원 가입하시겠습니까?', '회원 가입에 감사드립니다.']
[2026-06-17 13:12:36] 수강신청 시도 1 name=이시아 id=connectordr1932
[2026-06-17 13:12:36] 수강신청 시작 name=이시아 sheet=BG day=화목
[2026-06-17 13:12:43] BG 과정 선택 완료 day=화목 course_id=4_30 label='' week_filter=False
[2026-06-17 13:12:43] 수강신청 요일 선택 완료 name=이시아 day=화목
[2026-06-17 13:12:45] 수강신청 1차 제출 완료 name=이시아
[2026-06-17 13:12:49] 수강신청 최종 제출 완료 name=이시아
이시아 신청 완료 / 총 202명, 오늘 27명 추가되었습니다.
[2026-06-17 13:12:49] 기록 저장 완료 name=이시아 total=202 today=27
[2026-06-17 13:12:51] 대상 완료 name=이시아 total=202/250 today=27/75
[2026-06-17 13:12:52] 다음 가입 예약: 2026-06-17 13:22:56까지 대기
[2026-06-17 13:22:56] 신규 대상 시작 plan={'sex': '여자', 'day': '화목'}
[2026-06-17 13:22:58] 회원가입 시도 1/4
[2026-06-17 13:22:58] 회원가입 시작 sheet=BG plan={'sex': '여자', 'day': '화목'}
[2026-06-17 13:23:03] 회원가입 폼 진입 완료
[2026-06-17 13:23:05] 우편번호 검색 query=대구 북구 동변로20길 20
[2026-06-17 13:23:06] 우편번호 입력 완료 zip=41412 addr=대구 북구 동변로20길 20 (동변동, 한성빌라)
[2026-06-17 13:23:07] 회원가입 제출 클릭 name=김제니 id=flexlife61r school=대구동변초등학교
[2026-06-17 13:23:08] 회원가입 알림 name=김제니 id=flexlife61r message=회원 가입하시겠습니까?
[2026-06-17 13:23:08] 회원가입 알림 name=김제니 id=flexlife61r message=회원 가입에 감사드립니다.
[2026-06-17 13:23:18] 회원가입 검증 완료 name=김제니 day=화목 dialogs=['회원 가입하시겠습니까?', '회원 가입에 감사드립니다.']
[2026-06-17 13:23:18] 수강신청 시도 1 name=김제니 id=flexlife61r
[2026-06-17 13:23:18] 수강신청 시작 name=김제니 sheet=BG day=화목
[2026-06-17 13:23:25] BG 과정 선택 완료 day=화목 course_id=4_30 label='' week_filter=False
[2026-06-17 13:23:25] 수강신청 요일 선택 완료 name=김제니 day=화목
[2026-06-17 13:23:27] 수강신청 1차 제출 완료 name=김제니
[2026-06-17 13:23:30] 수강신청 최종 제출 완료 name=김제니
김제니 신청 완료 / 총 203명, 오늘 28명 추가되었습니다.
[2026-06-17 13:23:31] 기록 저장 완료 name=김제니 total=203 today=28
[2026-06-17 13:23:32] 대상 완료 name=김제니 total=203/250 today=28/75
[2026-06-17 13:23:35] 다음 가입 예약: 2026-06-17 13:29:10까지 대기
[2026-06-17 13:29:10] 신규 대상 시작 plan={'sex': '여자', 'day': '화목'}
[2026-06-17 13:29:13] 회원가입 시도 1/4
[2026-06-17 13:29:13] 회원가입 시작 sheet=BG plan={'sex': '여자', 'day': '화목'}
[2026-06-17 13:29:18] 회원가입 폼 진입 완료
[2026-06-17 13:29:21] 우편번호 검색 query=대구 북구 학남로 60
[2026-06-17 13:29:22] 우편번호 입력 완료 zip=41417 addr=대구 북구 학남로 60 (학정동, 칠곡7주공아파트)
[2026-06-17 13:29:23] 회원가입 제출 클릭 name=최아리 id=foodievalue116 school=대구태암초등학교
[2026-06-17 13:29:24] 회원가입 알림 name=최아리 id=foodievalue116 message=회원 가입하시겠습니까?
[2026-06-17 13:29:25] 회원가입 알림 name=최아리 id=foodievalue116 message=회원 가입에 감사드립니다.
[2026-06-17 13:29:34] 회원가입 검증 완료 name=최아리 day=화목 dialogs=['회원 가입하시겠습니까?', '회원 가입에 감사드립니다.']
[2026-06-17 13:29:34] 수강신청 시도 1 name=최아리 id=foodievalue116
[2026-06-17 13:29:34] 수강신청 시작 name=최아리 sheet=BG day=화목
[2026-06-17 13:29:41] BG 과정 선택 완료 day=화목 course_id=4_30 label='' week_filter=False
[2026-06-17 13:29:41] 수강신청 요일 선택 완료 name=최아리 day=화목
[2026-06-17 13:29:43] 수강신청 1차 제출 완료 name=최아리
[2026-06-17 13:29:47] 수강신청 최종 제출 완료 name=최아리
최아리 신청 완료 / 총 204명, 오늘 29명 추가되었습니다.
[2026-06-17 13:29:47] 기록 저장 완료 name=최아리 total=204 today=29
[2026-06-17 13:29:49] 대상 완료 name=최아리 total=204/250 today=29/75
[2026-06-17 13:29:51] 다음 가입 예약: 2026-06-17 13:38:42까지 대기
[2026-06-17 13:38:42] 신규 대상 시작 plan={'sex': '여자', 'day': '월수'}
[2026-06-17 13:38:44] 회원가입 시도 1/4
[2026-06-17 13:38:44] 회원가입 시작 sheet=BG plan={'sex': '여자', 'day': '월수'}
[2026-06-17 13:38:50] 회원가입 폼 진입 완료
[2026-06-17 13:38:53] 우편번호 검색 query=대구 북구 동천로 97
[2026-06-17 13:38:54] 우편번호 입력 완료 zip=41426 addr=대구 북구 동천로 97 (동천동, 영남네오빌 아트)
[2026-06-17 13:38:55] 회원가입 제출 클릭 name=정하정 id=mintriver95 school=대구운암초등학교
[2026-06-17 13:38:56] 회원가입 알림 name=정하정 id=mintriver95 message=회원 가입하시겠습니까?
[2026-06-17 13:38:57] 회원가입 알림 name=정하정 id=mintriver95 message=회원 가입에 감사드립니다.
[2026-06-17 13:39:06] 회원가입 검증 완료 name=정하정 day=월수 dialogs=['회원 가입하시겠습니까?', '회원 가입에 감사드립니다.']
[2026-06-17 13:39:06] 수강신청 시도 1 name=정하정 id=mintriver95
[2026-06-17 13:39:06] 수강신청 시작 name=정하정 sheet=BG day=월수
[2026-06-17 13:39:13] BG 과정 선택 완료 day=월수 course_id=3_29 label='' week_filter=False
[2026-06-17 13:39:13] 수강신청 요일 선택 완료 name=정하정 day=월수
[2026-06-17 13:39:15] 수강신청 1차 제출 완료 name=정하정
[2026-06-17 13:39:18] 수강신청 최종 제출 완료 name=정하정
정하정 신청 완료 / 총 205명, 오늘 30명 추가되었습니다.
[2026-06-17 13:39:19] 기록 저장 완료 name=정하정 total=205 today=30
[2026-06-17 13:39:21] 대상 완료 name=정하정 total=205/250 today=30/75
[2026-06-17 13:39:23] 다음 가입 예약: 2026-06-17 13:46:50까지 대기
[2026-06-17 13:46:50] 신규 대상 시작 plan={'sex': '남자', 'day': '화목'}
[2026-06-17 13:46:52] 회원가입 시도 1/4
[2026-06-17 13:46:52] 회원가입 시작 sheet=BG plan={'sex': '남자', 'day': '화목'}
[2026-06-17 13:46:58] 회원가입 폼 진입 완료
[2026-06-17 13:47:01] 우편번호 검색 query=대구 북구 내곡로 49
[2026-06-17 13:47:02] 우편번호 입력 완료 zip=41493 addr=대구 북구 내곡로 49 (사수동, 이편한세상대구금호)
[2026-06-17 13:47:03] 회원가입 제출 클릭 name=김성빈 id=friendships5406 school=대구사수초등학교
[2026-06-17 13:47:04] 회원가입 알림 name=김성빈 id=friendships5406 message=회원 가입하시겠습니까?
[2026-06-17 13:47:05] 회원가입 알림 name=김성빈 id=friendships5406 message=회원 가입에 감사드립니다.
[2026-06-17 13:47:14] 회원가입 검증 완료 name=김성빈 day=화목 dialogs=['회원 가입하시겠습니까?', '회원 가입에 감사드립니다.']
[2026-06-17 13:47:14] 수강신청 시도 1 name=김성빈 id=friendships5406
[2026-06-17 13:47:14] 수강신청 시작 name=김성빈 sheet=BG day=화목
[2026-06-17 13:47:22] BG 과정 선택 완료 day=화목 course_id=4_30 label='' week_filter=False
[2026-06-17 13:47:22] 수강신청 요일 선택 완료 name=김성빈 day=화목
[2026-06-17 13:47:24] 수강신청 1차 제출 완료 name=김성빈
[2026-06-17 13:47:28] 수강신청 최종 제출 완료 name=김성빈
김성빈 신청 완료 / 총 206명, 오늘 31명 추가되었습니다.
[2026-06-17 13:47:29] 기록 저장 완료 name=김성빈 total=206 today=31
[2026-06-17 13:47:30] 대상 완료 name=김성빈 total=206/250 today=31/75
[2026-06-17 13:47:32] 다음 가입 예약: 2026-06-17 13:58:21까지 대기
[2026-06-17 13:58:21] 신규 대상 시작 plan={'sex': '남자', 'day': '화목'}
[2026-06-17 13:58:25] 회원가입 시도 1/4
[2026-06-17 13:58:25] 회원가입 시작 sheet=BG plan={'sex': '남자', 'day': '화목'}
[2026-06-17 13:58:31] 회원가입 폼 진입 완료
[2026-06-17 13:58:35] 우편번호 검색 query=대구 북구 구암서로 41
[2026-06-17 13:58:48] 우편번호 검색 query=대구 북구 구암서로 41
[2026-06-17 13:58:49] 우편번호 입력 완료 zip=41425 addr=대구 북구 구암서로 41 (구암동, 그린빌3차)
[2026-06-17 13:58:50] 회원가입 제출 클릭 name=박시온 id=organizergoa97y school=대구칠곡초등학교
[2026-06-17 13:58:51] 회원가입 알림 name=박시온 id=organizergoa97y message=회원 가입하시겠습니까?
[2026-06-17 13:58:52] 회원가입 알림 name=박시온 id=organizergoa97y message=회원 가입에 감사드립니다.
[2026-06-17 13:59:01] 회원가입 검증 완료 name=박시온 day=화목 dialogs=['회원 가입하시겠습니까?', '회원 가입에 감사드립니다.']
[2026-06-17 13:59:01] 수강신청 시도 1 name=박시온 id=organizergoa97y
[2026-06-17 13:59:01] 수강신청 시작 name=박시온 sheet=BG day=화목
[2026-06-17 13:59:09] BG 과정 선택 완료 day=화목 course_id=4_30 label='' week_filter=False
[2026-06-17 13:59:09] 수강신청 요일 선택 완료 name=박시온 day=화목
[2026-06-17 13:59:10] 수강신청 1차 제출 완료 name=박시온
[2026-06-17 13:59:15] 수강신청 최종 제출 완료 name=박시온
박시온 신청 완료 / 총 207명, 오늘 32명 추가되었습니다.
[2026-06-17 13:59:15] 기록 저장 완료 name=박시온 total=207 today=32
[2026-06-17 13:59:17] 대상 완료 name=박시온 total=207/250 today=32/75
[2026-06-17 13:59:19] 다음 가입 예약: 2026-06-17 14:05:32까지 대기
[2026-06-17 14:05:32] 신규 대상 시작 plan={'sex': '남자', 'day': '월수'}
[2026-06-17 14:05:35] 회원가입 시도 1/4
[2026-06-17 14:05:35] 회원가입 시작 sheet=BG plan={'sex': '남자', 'day': '월수'}
[2026-06-17 14:05:41] 회원가입 폼 진입 완료
[2026-06-17 14:05:43] 우편번호 검색 query=대구 북구 한강로 17
[2026-06-17 14:05:44] 우편번호 입력 완료 zip=41599 addr=대구 북구 한강로 17 (사수동, 금호서한이다음)
[2026-06-17 14:05:45] 회원가입 제출 클릭 name=신로한 id=niceentrepr3538 school=대구사수초등학교
[2026-06-17 14:05:46] 회원가입 알림 name=신로한 id=niceentrepr3538 message=회원 가입하시겠습니까?
[2026-06-17 14:05:46] 회원가입 알림 name=신로한 id=niceentrepr3538 message=회원 가입하시겠습니까?
[2026-06-17 14:05:47] 회원가입 알림 name=신로한 id=niceentrepr3538 message=회원 가입에 감사드립니다.
[2026-06-17 14:05:56] 회원가입 검증 완료 name=신로한 day=월수 dialogs=['회원 가입하시겠습니까?', '회원 가입하시겠습니까?', '회원 가입에 감사드립니다.']
[2026-06-17 14:05:56] 수강신청 시도 1 name=신로한 id=niceentrepr3538
[2026-06-17 14:05:56] 수강신청 시작 name=신로한 sheet=BG day=월수
[2026-06-17 14:06:04] BG 과정 선택 완료 day=월수 course_id=3_29 label='' week_filter=False
[2026-06-17 14:06:05] 수강신청 요일 선택 완료 name=신로한 day=월수
[2026-06-17 14:06:08] 수강신청 1차 제출 완료 name=신로한
[2026-06-17 14:06:12] 수강신청 최종 제출 완료 name=신로한
신로한 신청 완료 / 총 208명, 오늘 33명 추가되었습니다.
[2026-06-17 14:06:13] 기록 저장 완료 name=신로한 total=208 today=33
[2026-06-17 14:06:14] 대상 완료 name=신로한 total=208/250 today=33/75
[2026-06-17 14:06:16] 다음 가입 예약: 2026-06-17 14:18:56까지 대기
[2026-06-17 14:18:56] 신규 대상 시작 plan={'sex': '남자', 'day': '월수'}
[2026-06-17 14:18:59] 회원가입 시도 1/4
[2026-06-17 14:18:59] 회원가입 시작 sheet=BG plan={'sex': '남자', 'day': '월수'}
[2026-06-17 14:19:06] 회원가입 폼 진입 완료
[2026-06-17 14:19:08] 우편번호 검색 query=대구 북구 내곡로 89
[2026-06-17 14:19:09] 주소 지역 불일치 query=대구 북구 내곡로 89 result=대구 군위군 군위읍 개봉길 89-3
[2026-06-17 14:19:09] 우편번호 검색 query=대구 북구 내곡로 89
[2026-06-17 14:19:09] 주소 지역 불일치 query=대구 북구 내곡로 89 result=대구 군위군 군위읍 개봉길 89-3
[2026-06-17 14:19:09] 우편번호 검색 query=대구사수초등학교
[2026-06-17 14:19:10] 우편번호 입력 완료 zip=41492 addr=대구 북구 내곡로 89 (사수동, 브라운스톤 강북)
[2026-06-17 14:19:10] 회원가입 제출 클릭 name=전이든 id=sparkgaming89j school=대구사수초등학교
[2026-06-17 14:19:11] 회원가입 알림 name=전이든 id=sparkgaming89j message=회원 가입하시겠습니까?
[2026-06-17 14:19:12] 회원가입 알림 name=전이든 id=sparkgaming89j message=회원 가입에 감사드립니다.
[2026-06-17 14:19:22] 회원가입 검증 완료 name=전이든 day=월수 dialogs=['회원 가입하시겠습니까?', '회원 가입에 감사드립니다.']
[2026-06-17 14:19:22] 수강신청 시도 1 name=전이든 id=sparkgaming89j
[2026-06-17 14:19:22] 수강신청 시작 name=전이든 sheet=BG day=월수
[2026-06-17 14:19:29] BG 과정 선택 완료 day=월수 course_id=3_29 label='' week_filter=False
[2026-06-17 14:19:29] 수강신청 요일 선택 완료 name=전이든 day=월수
[2026-06-17 14:19:30] 수강신청 1차 제출 완료 name=전이든
[2026-06-17 14:19:34] 수강신청 최종 제출 완료 name=전이든
전이든 신청 완료 / 총 209명, 오늘 34명 추가되었습니다.
[2026-06-17 14:19:35] 기록 저장 완료 name=전이든 total=209 today=34
[2026-06-17 14:19:36] 대상 완료 name=전이든 total=209/250 today=34/75
[2026-06-17 14:19:38] 다음 가입 예약: 2026-06-17 14:28:03까지 대기
[2026-06-17 14:28:03] 신규 대상 시작 plan={'sex': '여자', 'day': '화목'}
[2026-06-17 14:28:06] 회원가입 시도 1/4
[2026-06-17 14:28:06] 회원가입 시작 sheet=BG plan={'sex': '여자', 'day': '화목'}
[2026-06-17 14:28:14] 회원가입 폼 진입 완료
[2026-06-17 14:28:16] 우편번호 검색 query=대구 북구 학남로 60
[2026-06-17 14:28:17] 주소 지역 불일치 query=대구 북구 학남로 60 result=대구 군위군 군위읍 광현길 12-60
[2026-06-17 14:28:18] 우편번호 검색 query=대구 북구 학남로 60
[2026-06-17 14:28:18] 주소 지역 불일치 query=대구 북구 학남로 60 result=대구 군위군 군위읍 광현길 12-60
[2026-06-17 14:28:18] 우편번호 검색 query=대구학남초등학교
[2026-06-17 14:28:19] 우편번호 입력 완료 zip=41417 addr=대구 북구 학남로 60 (학정동, 칠곡7주공아파트)
[2026-06-17 14:28:21] 회원가입 제출 클릭 name=양지효 id=artisttechnol67 school=대구학남초등학교
[2026-06-17 14:28:22] 회원가입 알림 name=양지효 id=artisttechnol67 message=회원 가입하시겠습니까?
[2026-06-17 14:28:22] 회원가입 알림 name=양지효 id=artisttechnol67 message=회원 가입에 감사드립니다.
[2026-06-17 14:28:32] 회원가입 검증 완료 name=양지효 day=화목 dialogs=['회원 가입하시겠습니까?', '회원 가입에 감사드립니다.']
[2026-06-17 14:28:32] 수강신청 시도 1 name=양지효 id=artisttechnol67
[2026-06-17 14:28:32] 수강신청 시작 name=양지효 sheet=BG day=화목
[2026-06-17 14:28:40] BG 과정 선택 완료 day=화목 course_id=4_30 label='' week_filter=False
[2026-06-17 14:28:40] 수강신청 요일 선택 완료 name=양지효 day=화목
[2026-06-17 14:28:42] 수강신청 1차 제출 완료 name=양지효
[2026-06-17 14:28:46] 수강신청 최종 제출 완료 name=양지효
양지효 신청 완료 / 총 210명, 오늘 35명 추가되었습니다.
[2026-06-17 14:28:46] 기록 저장 완료 name=양지효 total=210 today=35
[2026-06-17 14:28:47] 대상 완료 name=양지효 total=210/250 today=35/75
[2026-06-17 14:28:49] 다음 가입 예약: 2026-06-17 14:34:00까지 대기
[2026-06-17 14:34:00] 신규 대상 시작 plan={'sex': '남자', 'day': '월수'}
[2026-06-17 14:34:03] 회원가입 시도 1/4
[2026-06-17 14:34:03] 회원가입 시작 sheet=BG plan={'sex': '남자', 'day': '월수'}
[2026-06-17 14:34:10] 회원가입 폼 진입 완료
[2026-06-17 14:34:13] 우편번호 검색 query=대구 북구 동변로20길 20
[2026-06-17 14:34:28] 우편번호 검색 query=대구 북구 동변로20길 20
[2026-06-17 14:34:29] 우편번호 입력 완료 zip=41412 addr=대구 북구 동변로20길 20 (동변동, 한성빌라)
[2026-06-17 14:34:30] 회원가입 제출 클릭 name=김건희 id=confidentpas31x school=대구동변초등학교
[2026-06-17 14:34:31] 회원가입 알림 name=김건희 id=confidentpas31x message=회원 가입하시겠습니까?
[2026-06-17 14:34:31] 회원가입 알림 name=김건희 id=confidentpas31x message=회원 가입에 감사드립니다.
[2026-06-17 14:34:41] 회원가입 검증 완료 name=김건희 day=월수 dialogs=['회원 가입하시겠습니까?', '회원 가입에 감사드립니다.']
[2026-06-17 14:34:41] 수강신청 시도 1 name=김건희 id=confidentpas31x
[2026-06-17 14:34:41] 수강신청 시작 name=김건희 sheet=BG day=월수
[2026-06-17 14:34:48] BG 과정 선택 완료 day=월수 course_id=3_29 label='' week_filter=False
[2026-06-17 14:34:48] 수강신청 요일 선택 완료 name=김건희 day=월수
[2026-06-17 14:34:50] 수강신청 1차 제출 완료 name=김건희
[2026-06-17 14:34:53] 수강신청 최종 제출 완료 name=김건희
김건희 신청 완료 / 총 211명, 오늘 36명 추가되었습니다.
[2026-06-17 14:34:54] 기록 저장 완료 name=김건희 total=211 today=36
[2026-06-17 14:34:56] 대상 완료 name=김건희 total=211/250 today=36/75
[2026-06-17 14:34:58] 다음 가입 예약: 2026-06-17 14:42:42까지 대기
[2026-06-17 14:42:42] 신규 대상 시작 plan={'sex': '남자', 'day': '화목'}
[2026-06-17 14:42:45] 회원가입 시도 1/4
[2026-06-17 14:42:45] 회원가입 시작 sheet=BG plan={'sex': '남자', 'day': '화목'}
[2026-06-17 14:42:50] 회원가입 폼 진입 완료
[2026-06-17 14:42:52] 우편번호 검색 query=대구 북구 대천로 101
[2026-06-17 14:42:53] 우편번호 입력 완료 zip=41427 addr=대구 북구 대천로 101 (동천동, 칠곡3차화성타운)
[2026-06-17 14:42:54] 회원가입 제출 클릭 name=정채우 id=throwdowncon70i school=대구동평초등학교
[2026-06-17 14:42:55] 회원가입 알림 name=정채우 id=throwdowncon70i message=회원 가입하시겠습니까?
[2026-06-17 14:42:55] 회원가입 알림 name=정채우 id=throwdowncon70i message=회원 가입하시겠습니까?
[2026-06-17 14:42:55] 회원가입 알림 name=정채우 id=throwdowncon70i message=회원 가입에 감사드립니다.
[2026-06-17 14:43:05] 회원가입 검증 완료 name=정채우 day=화목 dialogs=['회원 가입하시겠습니까?', '회원 가입하시겠습니까?', '회원 가입에 감사드립니다.']
[2026-06-17 14:43:05] 수강신청 시도 1 name=정채우 id=throwdowncon70i
[2026-06-17 14:43:05] 수강신청 시작 name=정채우 sheet=BG day=화목
[2026-06-17 14:43:12] BG 과정 선택 완료 day=화목 course_id=4_30 label='' week_filter=False
[2026-06-17 14:43:12] 수강신청 요일 선택 완료 name=정채우 day=화목
[2026-06-17 14:43:14] 수강신청 1차 제출 완료 name=정채우
[2026-06-17 14:43:17] 수강신청 최종 제출 완료 name=정채우
정채우 신청 완료 / 총 212명, 오늘 37명 추가되었습니다.
[2026-06-17 14:43:18] 기록 저장 완료 name=정채우 total=212 today=37
[2026-06-17 14:43:19] 대상 완료 name=정채우 total=212/250 today=37/75
[2026-06-17 14:43:20] 다음 가입 예약: 2026-06-17 14:53:28까지 대기
[2026-06-17 14:53:28] 신규 대상 시작 plan={'sex': '남자', 'day': '화목'}
[2026-06-17 14:53:30] 회원가입 시도 1/4
[2026-06-17 14:53:30] 회원가입 시작 sheet=BG plan={'sex': '남자', 'day': '화목'}
[2026-06-17 14:53:36] 회원가입 폼 진입 완료
[2026-06-17 14:53:40] 우편번호 검색 query=대구 북구 학남로 100
[2026-06-17 14:53:41] 우편번호 입력 완료 zip=41420 addr=대구 북구 학남로 100 (국우동, 칠곡그린빌 5,6단지)
[2026-06-17 14:53:42] 회원가입 제출 클릭 name=지준후 id=developerper21p school=대구학남초등학교
[2026-06-17 14:53:43] 회원가입 알림 name=지준후 id=developerper21p message=회원 가입하시겠습니까?
[2026-06-17 14:53:43] 회원가입 알림 name=지준후 id=developerper21p message=회원 가입에 감사드립니다.
[2026-06-17 14:53:53] 회원가입 검증 완료 name=지준후 day=화목 dialogs=['회원 가입하시겠습니까?', '회원 가입에 감사드립니다.']
[2026-06-17 14:53:54] 수강신청 시도 1 name=지준후 id=developerper21p
[2026-06-17 14:53:54] 수강신청 시작 name=지준후 sheet=BG day=화목
[2026-06-17 14:54:01] BG 과정 선택 완료 day=화목 course_id=4_30 label='' week_filter=False
[2026-06-17 14:54:01] 수강신청 요일 선택 완료 name=지준후 day=화목
[2026-06-17 14:54:02] 수강신청 1차 제출 완료 name=지준후
[2026-06-17 14:54:07] 수강신청 최종 제출 완료 name=지준후
지준후 신청 완료 / 총 213명, 오늘 38명 추가되었습니다.
[2026-06-17 14:54:07] 기록 저장 완료 name=지준후 total=213 today=38
[2026-06-17 14:54:10] 대상 완료 name=지준후 total=213/250 today=38/75
[2026-06-17 14:54:14] 다음 가입 예약: 2026-06-17 15:02:12까지 대기
[2026-06-17 15:02:12] 신규 대상 시작 plan={'sex': '여자', 'day': '월수'}
[2026-06-17 15:02:15] 회원가입 시도 1/4
[2026-06-17 15:02:15] 회원가입 시작 sheet=BG plan={'sex': '여자', 'day': '월수'}
[2026-06-17 15:02:23] 회원가입 폼 진입 완료
[2026-06-17 15:02:25] 우편번호 검색 query=대구 북구 매전로4길 31
[2026-06-17 15:02:26] 우편번호 검색 실패 query=대구 북구 매전로4길 31 error=Error('Locator.count: Execution context was destroyed, most likely because of a navigation')
[2026-06-17 15:02:27] 우편번호 검색 query=대구 북구 매전로4길 31
[2026-06-17 15:02:27] 주소 지역 불일치 query=대구 북구 매전로4길 31 result=대구 달서구 송현로4길 31
[2026-06-17 15:02:27] 우편번호 검색 query=대구관문초등학교
[2026-06-17 15:02:28] 우편번호 입력 완료 zip=41487 addr=대구 북구 매전로4길 31 (매천동, 한신더휴 이스턴 팰리스)
[2026-06-17 15:02:30] 회원가입 제출 클릭 name=한안나 id=styleexplorn567 school=대구관문초등학교
[2026-06-17 15:02:31] 회원가입 알림 name=한안나 id=styleexplorn567 message=회원 가입하시겠습니까?
[2026-06-17 15:02:32] 회원가입 알림 name=한안나 id=styleexplorn567 message=회원 가입에 감사드립니다.
[2026-06-17 15:02:41] 회원가입 검증 완료 name=한안나 day=월수 dialogs=['회원 가입하시겠습니까?', '회원 가입에 감사드립니다.']
[2026-06-17 15:02:41] 수강신청 시도 1 name=한안나 id=styleexplorn567
[2026-06-17 15:02:41] 수강신청 시작 name=한안나 sheet=BG day=월수
[2026-06-17 15:02:48] BG 과정 선택 완료 day=월수 course_id=3_29 label='' week_filter=False
[2026-06-17 15:02:48] 수강신청 요일 선택 완료 name=한안나 day=월수
[2026-06-17 15:02:50] 수강신청 1차 제출 완료 name=한안나
[2026-06-17 15:02:53] 수강신청 최종 제출 완료 name=한안나
한안나 신청 완료 / 총 214명, 오늘 39명 추가되었습니다.
[2026-06-17 15:02:54] 기록 저장 완료 name=한안나 total=214 today=39
[2026-06-17 15:02:55] 대상 완료 name=한안나 total=214/250 today=39/75
[2026-06-17 15:02:57] 다음 가입 예약: 2026-06-17 15:14:14까지 대기
[2026-06-17 15:14:14] 신규 대상 시작 plan={'sex': '여자', 'day': '화목'}
[2026-06-17 15:14:17] 회원가입 시도 1/4
[2026-06-17 15:14:17] 회원가입 시작 sheet=BG plan={'sex': '여자', 'day': '화목'}
[2026-06-17 15:14:25] 회원가입 폼 진입 완료
[2026-06-17 15:14:28] 우편번호 검색 query=대구 동구 동화천로 369
[2026-06-17 15:14:29] 우편번호 검색 실패 query=대구 동구 동화천로 369 error=Error('Locator.count: Execution context was destroyed, most likely because of a navigation')
[2026-06-17 15:14:30] 우편번호 검색 query=대구 동구 동화천로 369
[2026-06-17 15:14:30] 주소 지역 불일치 query=대구 동구 동화천로 369 result=대구 동구 동화천로 369 (대구 연경 아이파크)
[2026-06-17 15:14:30] 우편번호 검색 실패 query=대구연경초등학교 error=Error('Locator.count: Execution context was destroyed, most likely because of a navigation')
[2026-06-17 15:14:31] 우편번호 검색 query=대구연경초등학교
[2026-06-17 15:14:31] 주소 지역 불일치 query=대구연경초등학교 result=대구 동구 동화천로 369 (대구 연경 아이파크)
[2026-06-17 15:14:31] 회원가입 실패 try=1 error=RuntimeError("우편번호/주소 입력 실패 queries=['대구 동구 동화천로 369', '대구연경초등학교'] required=북구 last_error=주소 지역 불일치 query=대구연경초등학교 result=대구 동구 동화천로 369 (대구 연경 아이파크)")
[2026-06-17 15:14:32] 회원가입 시도 2/4
[2026-06-17 15:14:32] 회원가입 시작 sheet=BG plan={'sex': '여자', 'day': '화목'}
[2026-06-17 15:14:34] 회원가입 폼 진입 완료
[2026-06-17 15:14:37] 우편번호 검색 query=대구 북구 동천로 97
[2026-06-17 15:14:38] 우편번호 입력 완료 zip=41426 addr=대구 북구 동천로 97 (동천동, 영남네오빌 아트)
[2026-06-17 15:14:38] 회원가입 제출 클릭 name=전서정 id=lifebold4794 school=대구동평초등학교
[2026-06-17 15:14:39] 회원가입 알림 name=전서정 id=lifebold4794 message=회원 가입하시겠습니까?
[2026-06-17 15:14:40] 회원가입 알림 name=전서정 id=lifebold4794 message=회원 가입하시겠습니까?
[2026-06-17 15:14:40] 회원가입 알림 name=전서정 id=lifebold4794 message=회원 가입에 감사드립니다.
[2026-06-17 15:14:49] 회원가입 검증 완료 name=전서정 day=화목 dialogs=['회원 가입하시겠습니까?', '회원 가입하시겠습니까?', '회원 가입에 감사드립니다.']
[2026-06-17 15:14:49] 수강신청 시도 1 name=전서정 id=lifebold4794
[2026-06-17 15:14:49] 수강신청 시작 name=전서정 sheet=BG day=화목
[2026-06-17 15:14:56] BG 과정 선택 완료 day=화목 course_id=4_30 label='' week_filter=False
[2026-06-17 15:14:56] 수강신청 요일 선택 완료 name=전서정 day=화목
[2026-06-17 15:14:58] 수강신청 1차 제출 완료 name=전서정
[2026-06-17 15:15:02] 수강신청 최종 제출 완료 name=전서정
전서정 신청 완료 / 총 215명, 오늘 40명 추가되었습니다.
[2026-06-17 15:15:02] 기록 저장 완료 name=전서정 total=215 today=40
[2026-06-17 15:15:04] 대상 완료 name=전서정 total=215/250 today=40/75
[2026-06-17 15:15:06] 다음 가입 예약: 2026-06-17 15:21:07까지 대기
[2026-06-17 15:21:07] 신규 대상 시작 plan={'sex': '남자', 'day': '화목'}
[2026-06-17 15:21:10] 회원가입 시도 1/4
[2026-06-17 15:21:10] 회원가입 시작 sheet=BG plan={'sex': '남자', 'day': '화목'}
[2026-06-17 15:21:15] 회원가입 폼 진입 완료
[2026-06-17 15:21:17] 우편번호 검색 query=대구 북구 동천로 156
[2026-06-17 15:21:18] 우편번호 입력 완료 zip=41421 addr=대구 북구 동천로 156 (동천동, 동화골든빌)
[2026-06-17 15:21:19] 회원가입 제출 클릭 name=신주빈 id=hobbiesnocap12x school=대구운암초등학교
[2026-06-17 15:21:20] 회원가입 알림 name=신주빈 id=hobbiesnocap12x message=회원 가입하시겠습니까?
[2026-06-17 15:21:20] 회원가입 알림 name=신주빈 id=hobbiesnocap12x message=회원 가입하시겠습니까?
[2026-06-17 15:21:20] 회원가입 알림 name=신주빈 id=hobbiesnocap12x message=회원 가입에 감사드립니다.
[2026-06-17 15:21:30] 회원가입 검증 완료 name=신주빈 day=화목 dialogs=['회원 가입하시겠습니까?', '회원 가입하시겠습니까?', '회원 가입에 감사드립니다.']
[2026-06-17 15:21:30] 수강신청 시도 1 name=신주빈 id=hobbiesnocap12x
[2026-06-17 15:21:30] 수강신청 시작 name=신주빈 sheet=BG day=화목
[2026-06-17 15:21:37] BG 과정 선택 완료 day=화목 course_id=4_30 label='' week_filter=False
[2026-06-17 15:21:37] 수강신청 요일 선택 완료 name=신주빈 day=화목
[2026-06-17 15:21:39] 수강신청 1차 제출 완료 name=신주빈
[2026-06-17 15:21:43] 수강신청 최종 제출 완료 name=신주빈
신주빈 신청 완료 / 총 216명, 오늘 41명 추가되었습니다.
[2026-06-17 15:21:44] 기록 저장 완료 name=신주빈 total=216 today=41
[2026-06-17 15:21:45] 대상 완료 name=신주빈 total=216/250 today=41/75
[2026-06-17 15:21:47] 다음 가입 예약: 2026-06-17 15:35:24까지 대기
[2026-06-17 15:35:24] 신규 대상 시작 plan={'sex': '여자', 'day': '월수'}
[2026-06-17 15:35:26] 회원가입 시도 1/4
[2026-06-17 15:35:26] 회원가입 시작 sheet=BG plan={'sex': '여자', 'day': '월수'}
[2026-06-17 15:35:33] 회원가입 폼 진입 완료
[2026-06-17 15:35:36] 우편번호 검색 query=대구 북구 공항로 84
[2026-06-17 15:35:37] 우편번호 입력 완료 zip=41528 addr=대구 북구 공항로 84 (복현동, 복현우방타운)
[2026-06-17 15:35:38] 회원가입 제출 클릭 name=한슬아 id=robloxcreati17c school=대구복현초등학교
[2026-06-17 15:35:39] 회원가입 알림 name=한슬아 id=robloxcreati17c message=회원 가입하시겠습니까?
[2026-06-17 15:35:40] 회원가입 알림 name=한슬아 id=robloxcreati17c message=회원 가입에 감사드립니다.
[2026-06-17 15:35:49] 회원가입 검증 완료 name=한슬아 day=월수 dialogs=['회원 가입하시겠습니까?', '회원 가입에 감사드립니다.']
[2026-06-17 15:35:49] 수강신청 시도 1 name=한슬아 id=robloxcreati17c
[2026-06-17 15:35:49] 수강신청 시작 name=한슬아 sheet=BG day=월수
[2026-06-17 15:35:56] BG 과정 선택 완료 day=월수 course_id=3_29 label='' week_filter=False
[2026-06-17 15:35:56] 수강신청 요일 선택 완료 name=한슬아 day=월수
[2026-06-17 15:35:58] 수강신청 1차 제출 완료 name=한슬아
[2026-06-17 15:36:02] 수강신청 최종 제출 완료 name=한슬아
한슬아 신청 완료 / 총 217명, 오늘 42명 추가되었습니다.
[2026-06-17 15:36:03] 기록 저장 완료 name=한슬아 total=217 today=42
[2026-06-17 15:36:05] 대상 완료 name=한슬아 total=217/250 today=42/75
[2026-06-17 15:36:08] 다음 가입 예약: 2026-06-17 15:43:06까지 대기
[2026-06-17 15:43:06] 신규 대상 시작 plan={'sex': '남자', 'day': '월수'}
[2026-06-17 15:43:08] 회원가입 시도 1/4
[2026-06-17 15:43:08] 회원가입 시작 sheet=BG plan={'sex': '남자', 'day': '월수'}
[2026-06-17 15:43:13] 회원가입 폼 진입 완료
[2026-06-17 15:43:15] 우편번호 검색 query=대구 동구 동화천로 369
[2026-06-17 15:43:15] 주소 지역 불일치 query=대구 동구 동화천로 369 result=대구 동구 동화천로 369 (대구 연경 아이파크)
[2026-06-17 15:43:16] 우편번호 검색 query=대구 동구 동화천로 369
[2026-06-17 15:43:16] 주소 지역 불일치 query=대구 동구 동화천로 369 result=대구 동구 동화천로 369 (대구 연경 아이파크)
[2026-06-17 15:43:16] 우편번호 검색 query=대구연경초등학교
[2026-06-17 15:43:16] 주소 지역 불일치 query=대구연경초등학교 result=대구 동구 동화천로 369 (대구 연경 아이파크)
[2026-06-17 15:43:16] 우편번호 검색 query=대구연경초등학교
[2026-06-17 15:43:16] 주소 지역 불일치 query=대구연경초등학교 result=대구 동구 동화천로 369 (대구 연경 아이파크)
[2026-06-17 15:43:16] 회원가입 실패 try=1 error=RuntimeError("우편번호/주소 입력 실패 queries=['대구 동구 동화천로 369', '대구연경초등학교'] required=북구 last_error=주소 지역 불일치 query=대구연경초등학교 result=대구 동구 동화천로 369 (대구 연경 아이파크)")
[2026-06-17 15:43:17] 회원가입 시도 2/4
[2026-06-17 15:43:17] 회원가입 시작 sheet=BG plan={'sex': '남자', 'day': '월수'}
[2026-06-17 15:43:20] 회원가입 폼 진입 완료
[2026-06-17 15:43:22] 우편번호 검색 query=대구 북구 연경중앙로 55
[2026-06-17 15:43:24] 우편번호 입력 완료 zip=41409 addr=대구 북구 연경중앙로 55 (연경동, 대구연경 연경숲)
[2026-06-17 15:43:24] 회원가입 제출 클릭 name=김지혁 id=noobstrategl960 school=대구연경초등학교
[2026-06-17 15:43:25] 회원가입 알림 name=김지혁 id=noobstrategl960 message=회원 가입하시겠습니까?
[2026-06-17 15:43:25] 회원가입 알림 name=김지혁 id=noobstrategl960 message=회원 가입에 감사드립니다.
[2026-06-17 15:43:35] 회원가입 검증 완료 name=김지혁 day=월수 dialogs=['회원 가입하시겠습니까?', '회원 가입에 감사드립니다.']
[2026-06-17 15:43:35] 수강신청 시도 1 name=김지혁 id=noobstrategl960
[2026-06-17 15:43:35] 수강신청 시작 name=김지혁 sheet=BG day=월수
[2026-06-17 15:43:42] BG 과정 선택 완료 day=월수 course_id=3_29 label='' week_filter=False
[2026-06-17 15:43:42] 수강신청 요일 선택 완료 name=김지혁 day=월수
[2026-06-17 15:43:44] 수강신청 1차 제출 완료 name=김지혁
[2026-06-17 15:43:48] 수강신청 최종 제출 완료 name=김지혁
김지혁 신청 완료 / 총 218명, 오늘 43명 추가되었습니다.
[2026-06-17 15:43:48] 기록 저장 완료 name=김지혁 total=218 today=43
[2026-06-17 15:43:50] 대상 완료 name=김지혁 total=218/250 today=43/75
[2026-06-17 15:43:52] 다음 가입 예약: 2026-06-17 15:52:39까지 대기
[2026-06-17 15:52:39] 신규 대상 시작 plan={'sex': '여자', 'day': '화목'}
[2026-06-17 15:52:41] 회원가입 시도 1/4
[2026-06-17 15:52:41] 회원가입 시작 sheet=BG plan={'sex': '여자', 'day': '화목'}
[2026-06-17 15:52:47] 회원가입 폼 진입 완료
[2026-06-17 15:52:51] 우편번호 검색 query=대구 북구 동북로 241
[2026-06-17 15:52:52] 우편번호 입력 완료 zip=41526 addr=대구 북구 동북로 241 (복현동, 복현아이파크)
[2026-06-17 15:52:52] 회원가입 제출 클릭 name=강단아 id=energeticwhi78q school=대구복현초등학교
[2026-06-17 15:52:53] 회원가입 알림 name=강단아 id=energeticwhi78q message=회원 가입하시겠습니까?
[2026-06-17 15:52:54] 회원가입 알림 name=강단아 id=energeticwhi78q message=회원 가입에 감사드립니다.
[2026-06-17 15:53:03] 회원가입 검증 완료 name=강단아 day=화목 dialogs=['회원 가입하시겠습니까?', '회원 가입에 감사드립니다.']
[2026-06-17 15:53:03] 수강신청 시도 1 name=강단아 id=energeticwhi78q
[2026-06-17 15:53:03] 수강신청 시작 name=강단아 sheet=BG day=화목
[2026-06-17 15:53:11] BG 과정 선택 완료 day=화목 course_id=4_30 label='' week_filter=False
[2026-06-17 15:53:11] 수강신청 요일 선택 완료 name=강단아 day=화목
[2026-06-17 15:53:12] 수강신청 1차 제출 완료 name=강단아
[2026-06-17 15:53:16] 수강신청 최종 제출 완료 name=강단아
강단아 신청 완료 / 총 219명, 오늘 44명 추가되었습니다.
[2026-06-17 15:53:16] 기록 저장 완료 name=강단아 total=219 today=44
[2026-06-17 15:53:18] 대상 완료 name=강단아 total=219/250 today=44/75
[2026-06-17 15:53:20] 다음 가입 예약: 2026-06-17 16:01:32까지 대기
[2026-06-17 16:01:32] 신규 대상 시작 plan={'sex': '여자', 'day': '화목'}
[2026-06-17 16:01:35] 회원가입 시도 1/4
[2026-06-17 16:01:35] 회원가입 시작 sheet=BG plan={'sex': '여자', 'day': '화목'}
[2026-06-17 16:01:41] 회원가입 폼 진입 완료
[2026-06-17 16:01:44] 우편번호 검색 query=대구 북구 동변로 50
[2026-06-17 16:01:46] 우편번호 입력 완료 zip=41414 addr=대구 북구 동변로 50 (동변동, 유니버시아드선수촌)
[2026-06-17 16:01:46] 회원가입 제출 클릭 name=김예원 id=ninjasciencw638 school=대구동변초등학교
[2026-06-17 16:01:47] 회원가입 알림 name=김예원 id=ninjasciencw638 message=회원 가입하시겠습니까?
[2026-06-17 16:01:48] 회원가입 알림 name=김예원 id=ninjasciencw638 message=회원 가입에 감사드립니다.
[2026-06-17 16:01:57] 회원가입 검증 완료 name=김예원 day=화목 dialogs=['회원 가입하시겠습니까?', '회원 가입에 감사드립니다.']
[2026-06-17 16:01:57] 수강신청 시도 1 name=김예원 id=ninjasciencw638
[2026-06-17 16:01:57] 수강신청 시작 name=김예원 sheet=BG day=화목
[2026-06-17 16:02:05] BG 과정 선택 완료 day=화목 course_id=4_30 label='' week_filter=False
[2026-06-17 16:02:05] 수강신청 요일 선택 완료 name=김예원 day=화목
[2026-06-17 16:02:07] 수강신청 1차 제출 완료 name=김예원
[2026-06-17 16:02:11] 수강신청 최종 제출 완료 name=김예원
김예원 신청 완료 / 총 220명, 오늘 45명 추가되었습니다.
[2026-06-17 16:02:11] 기록 저장 완료 name=김예원 total=220 today=45
[2026-06-17 16:02:13] 대상 완료 name=김예원 total=220/250 today=45/75
[2026-06-17 16:02:15] 다음 가입 예약: 2026-06-17 16:10:14까지 대기
[2026-06-17 16:10:14] 신규 대상 시작 plan={'sex': '남자', 'day': '화목'}
[2026-06-17 16:10:17] 회원가입 시도 1/4
[2026-06-17 16:10:17] 회원가입 시작 sheet=BG plan={'sex': '남자', 'day': '화목'}
[2026-06-17 16:10:23] 회원가입 폼 진입 완료
[2026-06-17 16:10:28] 우편번호 검색 query=대구 북구 동변로 55
[2026-06-17 16:10:28] 우편번호 검색 실패 query=대구 북구 동변로 55 error=Error('Locator.count: Execution context was destroyed, most likely because of a navigation')
[2026-06-17 16:10:29] 우편번호 검색 query=대구 북구 동변로 55
[2026-06-17 16:10:30] 우편번호 입력 완료 zip=41414 addr=대구 북구 동변로 55 (동변동, 대구동서변그린빌)
[2026-06-17 16:10:31] 회원가입 제출 클릭 name=김은재 id=orbitsnatcha598 school=대구동변초등학교
[2026-06-17 16:10:32] 회원가입 알림 name=김은재 id=orbitsnatcha598 message=회원 가입하시겠습니까?
[2026-06-17 16:10:33] 회원가입 알림 name=김은재 id=orbitsnatcha598 message=회원 가입에 감사드립니다.
[2026-06-17 16:10:42] 회원가입 검증 완료 name=김은재 day=화목 dialogs=['회원 가입하시겠습니까?', '회원 가입에 감사드립니다.']
[2026-06-17 16:10:42] 수강신청 시도 1 name=김은재 id=orbitsnatcha598
[2026-06-17 16:10:42] 수강신청 시작 name=김은재 sheet=BG day=화목
[2026-06-17 16:10:49] BG 과정 선택 완료 day=화목 course_id=4_30 label='' week_filter=False
[2026-06-17 16:10:49] 수강신청 요일 선택 완료 name=김은재 day=화목
[2026-06-17 16:10:52] 수강신청 1차 제출 완료 name=김은재
[2026-06-17 16:10:56] 수강신청 최종 제출 완료 name=김은재
김은재 신청 완료 / 총 221명, 오늘 46명 추가되었습니다.
[2026-06-17 16:10:57] 기록 저장 완료 name=김은재 total=221 today=46
[2026-06-17 16:10:58] 대상 완료 name=김은재 total=221/250 today=46/75
[2026-06-17 16:11:00] 다음 가입 예약: 2026-06-17 16:20:30까지 대기
[2026-06-17 16:20:30] 신규 대상 시작 plan={'sex': '남자', 'day': '화목'}
[2026-06-17 16:20:32] 회원가입 시도 1/4
[2026-06-17 16:20:32] 회원가입 시작 sheet=BG plan={'sex': '남자', 'day': '화목'}
[2026-06-17 16:20:37] 회원가입 폼 진입 완료
[2026-06-17 16:20:40] 우편번호 검색 query=대구 북구 동천로 156
[2026-06-17 16:20:52] 우편번호 검색 query=대구 북구 동천로 156
[2026-06-17 16:20:53] 우편번호 입력 완료 zip=41421 addr=대구 북구 동천로 156 (동천동, 동화골든빌)
[2026-06-17 16:20:54] 회원가입 제출 클릭 name=김도형 id=healthentrep44v school=대구동평초등학교
[2026-06-17 16:20:55] 회원가입 알림 name=김도형 id=healthentrep44v message=회원 가입하시겠습니까?
[2026-06-17 16:20:56] 회원가입 알림 name=김도형 id=healthentrep44v message=회원 가입에 감사드립니다.
[2026-06-17 16:21:06] 회원가입 검증 완료 name=김도형 day=화목 dialogs=['회원 가입하시겠습니까?', '회원 가입에 감사드립니다.']
[2026-06-17 16:21:06] 수강신청 시도 1 name=김도형 id=healthentrep44v
[2026-06-17 16:21:06] 수강신청 시작 name=김도형 sheet=BG day=화목
[2026-06-17 16:21:13] BG 과정 선택 완료 day=화목 course_id=4_30 label='' week_filter=False
[2026-06-17 16:21:13] 수강신청 요일 선택 완료 name=김도형 day=화목
[2026-06-17 16:21:14] 수강신청 1차 제출 완료 name=김도형
[2026-06-17 16:21:18] 수강신청 최종 제출 완료 name=김도형
김도형 신청 완료 / 총 222명, 오늘 47명 추가되었습니다.
[2026-06-17 16:21:18] 기록 저장 완료 name=김도형 total=222 today=47
[2026-06-17 16:21:20] 대상 완료 name=김도형 total=222/250 today=47/75
[2026-06-17 16:21:21] 다음 가입 예약: 2026-06-17 16:26:28까지 대기
[2026-06-17 16:26:28] 신규 대상 시작 plan={'sex': '여자', 'day': '월수'}
[2026-06-17 16:26:30] 회원가입 시도 1/4
[2026-06-17 16:26:30] 회원가입 시작 sheet=BG plan={'sex': '여자', 'day': '월수'}
[2026-06-17 16:26:36] 회원가입 폼 진입 완료
[2026-06-17 16:26:39] 우편번호 검색 query=대구 북구 국우동 1079
[2026-06-17 16:26:40] 우편번호 입력 완료 zip=41420 addr=대구 북구 학정동로 7 (국우동, 부영아파트)
[2026-06-17 16:26:41] 회원가입 제출 클릭 name=한하진 id=nightmotiva4267 school=대구태암초등학교
[2026-06-17 16:26:42] 회원가입 알림 name=한하진 id=nightmotiva4267 message=회원 가입하시겠습니까?
[2026-06-17 16:26:42] 회원가입 알림 name=한하진 id=nightmotiva4267 message=회원 가입에 감사드립니다.
[2026-06-17 16:26:52] 회원가입 검증 완료 name=한하진 day=월수 dialogs=['회원 가입하시겠습니까?', '회원 가입에 감사드립니다.']
[2026-06-17 16:26:52] 수강신청 시도 1 name=한하진 id=nightmotiva4267
[2026-06-17 16:26:52] 수강신청 시작 name=한하진 sheet=BG day=월수
[2026-06-17 16:26:59] BG 과정 선택 완료 day=월수 course_id=3_29 label='' week_filter=False
[2026-06-17 16:26:59] 수강신청 요일 선택 완료 name=한하진 day=월수
[2026-06-17 16:27:01] 수강신청 1차 제출 완료 name=한하진
[2026-06-17 16:27:04] 수강신청 최종 제출 완료 name=한하진
한하진 신청 완료 / 총 223명, 오늘 48명 추가되었습니다.
[2026-06-17 16:27:05] 기록 저장 완료 name=한하진 total=223 today=48
[2026-06-17 16:27:06] 대상 완료 name=한하진 total=223/250 today=48/75
[2026-06-17 16:27:08] 다음 가입 예약: 2026-06-17 16:39:40까지 대기
[2026-06-17 16:39:40] 신규 대상 시작 plan={'sex': '여자', 'day': '화목'}
[2026-06-17 16:39:42] 회원가입 시도 1/4
[2026-06-17 16:39:42] 회원가입 시작 sheet=BG plan={'sex': '여자', 'day': '화목'}
[2026-06-17 16:39:47] 회원가입 폼 진입 완료
[2026-06-17 16:39:50] 우편번호 검색 query=대구 북구 학정동로 40
[2026-06-17 16:39:51] 우편번호 입력 완료 zip=41417 addr=대구 북구 학정동로 40 (학정동, 칠곡2차 한라하우젠트)
[2026-06-17 16:39:52] 회원가입 제출 클릭 name=윤윤채 id=speakerflex35b school=대구칠곡초등학교
[2026-06-17 16:39:53] 회원가입 알림 name=윤윤채 id=speakerflex35b message=회원 가입하시겠습니까?
[2026-06-17 16:39:54] 회원가입 알림 name=윤윤채 id=speakerflex35b message=회원 가입에 감사드립니다.
[2026-06-17 16:40:03] 회원가입 검증 완료 name=윤윤채 day=화목 dialogs=['회원 가입하시겠습니까?', '회원 가입에 감사드립니다.']
[2026-06-17 16:40:03] 수강신청 시도 1 name=윤윤채 id=speakerflex35b
[2026-06-17 16:40:03] 수강신청 시작 name=윤윤채 sheet=BG day=화목
[2026-06-17 16:40:11] BG 과정 선택 완료 day=화목 course_id=4_30 label='' week_filter=False
[2026-06-17 16:40:11] 수강신청 요일 선택 완료 name=윤윤채 day=화목
[2026-06-17 16:40:13] 수강신청 1차 제출 완료 name=윤윤채
[2026-06-17 16:40:17] 수강신청 최종 제출 완료 name=윤윤채
윤윤채 신청 완료 / 총 224명, 오늘 49명 추가되었습니다.
[2026-06-17 16:40:17] 기록 저장 완료 name=윤윤채 total=224 today=49
[2026-06-17 16:40:19] 대상 완료 name=윤윤채 total=224/250 today=49/75
[2026-06-17 16:40:22] 다음 가입 예약: 2026-06-17 16:47:04까지 대기
[2026-06-17 16:47:04] 신규 대상 시작 plan={'sex': '남자', 'day': '월수'}
[2026-06-17 16:47:06] 회원가입 시도 1/4
[2026-06-17 16:47:06] 회원가입 시작 sheet=BG plan={'sex': '남자', 'day': '월수'}
[2026-06-17 16:47:12] 회원가입 폼 진입 완료
[2026-06-17 16:47:16] 우편번호 검색 query=대구 북구 공항로 16
[2026-06-17 16:47:17] 우편번호 입력 완료 zip=41526 addr=대구 북구 공항로 16 (복현동, 복현자이)
[2026-06-17 16:47:18] 회원가입 제출 클릭 name=김아준 id=supporterrei410 school=대구복현초등학교
[2026-06-17 16:47:19] 회원가입 알림 name=김아준 id=supporterrei410 message=회원 가입하시겠습니까?
[2026-06-17 16:47:20] 회원가입 알림 name=김아준 id=supporterrei410 message=회원 가입에 감사드립니다.
[2026-06-17 16:47:29] 회원가입 검증 완료 name=김아준 day=월수 dialogs=['회원 가입하시겠습니까?', '회원 가입에 감사드립니다.']
[2026-06-17 16:47:29] 수강신청 시도 1 name=김아준 id=supporterrei410
[2026-06-17 16:47:29] 수강신청 시작 name=김아준 sheet=BG day=월수
[2026-06-17 16:47:36] BG 과정 선택 완료 day=월수 course_id=3_29 label='' week_filter=False
[2026-06-17 16:47:36] 수강신청 요일 선택 완료 name=김아준 day=월수
[2026-06-17 16:47:38] 수강신청 1차 제출 완료 name=김아준
[2026-06-17 16:47:59] 수강신청 실패. 같은 계정으로 재시도 name=김아준 id=supporterrei410 try=1 error=TimeoutError('Page.click: Timeout 20000ms exceeded.\nCall log:\n  - waiting for locator("input#cbAddress")\n    - locator resolved to <input id="cbAddress" type="checkbox" name="cbAddress"/>\n  - attempting click action\n    - waiting for element to be visible, enabled and stable\n    - element is visible, enabled and stable\n    - scrolling into view if needed\n    - done scrolling\n    - <div class="Q2">…</div> from <div id="modal">…</div> subtree intercepts pointer events\n  - retrying click action\n    - waiting for element to be visible, enabled and stable\n    - element is visible, enabled and stable\n    - scrolling into view if needed\n    - done scrolling\n    - <div id="modal">…</div> intercepts pointer events\n  - retrying click action\n    - waiting 20ms\n')
[2026-06-17 16:48:00] 수강신청 시도 2 name=김아준 id=supporterrei410
[2026-06-17 16:48:00] 수강신청 시작 name=김아준 sheet=BG day=월수
[2026-06-17 16:48:01] 로그인 알림 id=supporterrei410 message=미결제 강좌가 있습니다.

결제화면으로 이동합니다.
[2026-06-17 16:48:22] 수강신청 실패. 같은 계정으로 재시도 name=김아준 id=supporterrei410 try=2 error=TimeoutError('Page.wait_for_selector: Timeout 15000ms exceeded.\nCall log:\n  - waiting for locator("input[name=\\"rdIDX\\"]")\n')
[2026-06-17 16:48:23] 회원가입 전 단계 실패. 0초 후 새 대상 재시도 plan={'sex': '남자', 'day': '월수'} error=RuntimeError('수강신청 최대 재시도 초과. 이 계정은 기록하지 않고 다음 대상으로 진행 name=김아준 id=supporterrei410')
[2026-06-17 16:48:27] 다음 가입 예약: 2026-06-17 16:55:41까지 대기
[2026-06-17 16:55:41] 신규 대상 시작 plan={'sex': '남자', 'day': '월수'}
[2026-06-17 16:55:43] 회원가입 시도 1/4
[2026-06-17 16:55:43] 회원가입 시작 sheet=BG plan={'sex': '남자', 'day': '월수'}
[2026-06-17 16:55:49] 회원가입 폼 진입 완료
[2026-06-17 16:55:51] 우편번호 검색 query=대구 북구 동북로 241
[2026-06-17 16:55:51] 우편번호 검색 실패 query=대구 북구 동북로 241 error=Error('Locator.count: Execution context was destroyed, most likely because of a navigation')
[2026-06-17 16:55:52] 우편번호 검색 query=대구 북구 동북로 241
[2026-06-17 16:55:53] 주소 지역 불일치 query=대구 북구 동북로 241 result=대구 군위군 부계면 신화3길 241
[2026-06-17 16:55:53] 우편번호 검색 query=대구복현초등학교
[2026-06-17 16:55:53] 주소 지역 불일치 query=대구복현초등학교 result=대구 군위군 부계면 신화3길 241
[2026-06-17 16:55:53] 우편번호 검색 query=대구복현초등학교
[2026-06-17 16:55:54] 우편번호 입력 완료 zip=41565 addr=대구 북구 경진로12길 5 (복현동, 경진초등학교)
[2026-06-17 16:55:55] 회원가입 제출 클릭 name=홍승헌 id=translatorlr508 school=대구복현초등학교
[2026-06-17 16:55:55] 회원가입 알림 name=홍승헌 id=translatorlr508 message=회원 가입하시겠습니까?
[2026-06-17 16:55:56] 회원가입 알림 name=홍승헌 id=translatorlr508 message=회원 가입에 감사드립니다.
[2026-06-17 16:56:05] 회원가입 검증 완료 name=홍승헌 day=월수 dialogs=['회원 가입하시겠습니까?', '회원 가입에 감사드립니다.']
[2026-06-17 16:56:05] 수강신청 시도 1 name=홍승헌 id=translatorlr508
[2026-06-17 16:56:05] 수강신청 시작 name=홍승헌 sheet=BG day=월수
[2026-06-17 16:56:13] BG 과정 선택 완료 day=월수 course_id=3_29 label='' week_filter=False
[2026-06-17 16:56:13] 수강신청 요일 선택 완료 name=홍승헌 day=월수
[2026-06-17 16:56:15] 수강신청 1차 제출 완료 name=홍승헌
[2026-06-17 16:56:18] 수강신청 최종 제출 완료 name=홍승헌
홍승헌 신청 완료 / 총 225명, 오늘 50명 추가되었습니다.
[2026-06-17 16:56:19] 기록 저장 완료 name=홍승헌 total=225 today=50
[2026-06-17 16:56:22] 대상 완료 name=홍승헌 total=225/250 today=50/75
[2026-06-17 16:56:25] 다음 가입 예약: 2026-06-17 17:09:40까지 대기
[2026-06-17 17:09:40] 신규 대상 시작 plan={'sex': '남자', 'day': '월수'}
[2026-06-17 17:09:42] 회원가입 시도 1/4
[2026-06-17 17:09:42] 회원가입 시작 sheet=BG plan={'sex': '남자', 'day': '월수'}
[2026-06-17 17:09:48] 회원가입 폼 진입 완료
[2026-06-17 17:09:51] 우편번호 검색 query=대구 북구 동천로 156
[2026-06-17 17:09:51] 주소 지역 불일치 query=대구 북구 동천로 156 result=대구 군위군 군위읍 군위공단길 156
[2026-06-17 17:09:52] 우편번호 검색 query=대구 북구 동천로 156
[2026-06-17 17:09:52] 주소 지역 불일치 query=대구 북구 동천로 156 result=대구 군위군 군위읍 군위공단길 156
[2026-06-17 17:09:52] 우편번호 검색 query=대구태암초등학교
[2026-06-17 17:09:53] 우편번호 입력 완료 zip=41466 addr=대구 북구 칠곡중앙대로52길 56 (태전동, 대구태암초등학교)
[2026-06-17 17:09:53] 회원가입 제출 클릭 name=진민찬 id=foodenergeti27e school=대구태암초등학교
[2026-06-17 17:09:54] 회원가입 알림 name=진민찬 id=foodenergeti27e message=회원 가입하시겠습니까?
[2026-06-17 17:09:55] 회원가입 알림 name=진민찬 id=foodenergeti27e message=회원 가입에 감사드립니다.
[2026-06-17 17:10:05] 회원가입 검증 완료 name=진민찬 day=월수 dialogs=['회원 가입하시겠습니까?', '회원 가입에 감사드립니다.']
[2026-06-17 17:10:05] 수강신청 시도 1 name=진민찬 id=foodenergeti27e
[2026-06-17 17:10:05] 수강신청 시작 name=진민찬 sheet=BG day=월수
[2026-06-17 17:10:13] BG 과정 선택 완료 day=월수 course_id=3_29 label='' week_filter=False
[2026-06-17 17:10:13] 수강신청 요일 선택 완료 name=진민찬 day=월수
[2026-06-17 17:10:15] 수강신청 1차 제출 완료 name=진민찬
[2026-06-17 17:10:19] 수강신청 최종 제출 완료 name=진민찬
진민찬 신청 완료 / 총 226명, 오늘 51명 추가되었습니다.
[2026-06-17 17:10:20] 기록 저장 완료 name=진민찬 total=226 today=51
[2026-06-17 17:10:23] 대상 완료 name=진민찬 total=226/250 today=51/75
[2026-06-17 17:10:26] 다음 가입 예약: 2026-06-17 17:15:47까지 대기
[2026-06-17 17:15:47] 신규 대상 시작 plan={'sex': '여자', 'day': '월수'}
[2026-06-17 17:15:49] 회원가입 시도 1/4
[2026-06-17 17:15:49] 회원가입 시작 sheet=BG plan={'sex': '여자', 'day': '월수'}
[2026-06-17 17:15:55] 회원가입 폼 진입 완료
[2026-06-17 17:15:57] 우편번호 검색 query=대구 동구 동화천로 369
[2026-06-17 17:15:58] 주소 지역 불일치 query=대구 동구 동화천로 369 result=대구 군위군 군위읍 내외량길 369
[2026-06-17 17:15:58] 우편번호 검색 query=대구 동구 동화천로 369
[2026-06-17 17:15:58] 주소 지역 불일치 query=대구 동구 동화천로 369 result=대구 군위군 군위읍 내외량길 369
[2026-06-17 17:15:58] 우편번호 검색 query=대구연경초등학교
[2026-06-17 17:15:59] 주소 지역 불일치 query=대구연경초등학교 result=대구 동구 동화천로 369 (대구 연경 아이파크)
[2026-06-17 17:15:59] 우편번호 검색 query=대구연경초등학교
[2026-06-17 17:15:59] 주소 지역 불일치 query=대구연경초등학교 result=대구 동구 동화천로 369 (대구 연경 아이파크)
[2026-06-17 17:15:59] 회원가입 실패 try=1 error=RuntimeError("우편번호/주소 입력 실패 queries=['대구 동구 동화천로 369', '대구연경초등학교'] required=북구 last_error=주소 지역 불일치 query=대구연경초등학교 result=대구 동구 동화천로 369 (대구 연경 아이파크)")
[2026-06-17 17:15:59] 회원가입 시도 2/4
[2026-06-17 17:15:59] 회원가입 시작 sheet=BG plan={'sex': '여자', 'day': '월수'}
[2026-06-17 17:16:02] 회원가입 폼 진입 완료
[2026-06-17 17:16:05] 우편번호 검색 query=대구 북구 동천로 97
[2026-06-17 17:16:06] 우편번호 입력 완료 zip=41426 addr=대구 북구 동천로 97 (동천동, 영남네오빌 아트)
[2026-06-17 17:16:07] 회원가입 제출 클릭 name=이단 id=familyscienw253 school=대구운암초등학교
[2026-06-17 17:16:08] 회원가입 알림 name=이단 id=familyscienw253 message=회원 가입하시겠습니까?
[2026-06-17 17:16:09] 회원가입 알림 name=이단 id=familyscienw253 message=회원 가입에 감사드립니다.
[2026-06-17 17:16:19] 회원가입 검증 완료 name=이단 day=월수 dialogs=['회원 가입하시겠습니까?', '회원 가입에 감사드립니다.']
[2026-06-17 17:16:19] 수강신청 시도 1 name=이단 id=familyscienw253
[2026-06-17 17:16:19] 수강신청 시작 name=이단 sheet=BG day=월수
[2026-06-17 17:16:26] BG 과정 선택 완료 day=월수 course_id=3_29 label='' week_filter=False
[2026-06-17 17:16:26] 수강신청 요일 선택 완료 name=이단 day=월수
[2026-06-17 17:16:28] 수강신청 1차 제출 완료 name=이단
[2026-06-17 17:16:31] 수강신청 최종 제출 완료 name=이단
이단 신청 완료 / 총 227명, 오늘 52명 추가되었습니다.
[2026-06-17 17:16:32] 기록 저장 완료 name=이단 total=227 today=52
[2026-06-17 17:16:33] 대상 완료 name=이단 total=227/250 today=52/75
[2026-06-17 17:16:35] 다음 가입 예약: 2026-06-17 17:29:31까지 대기
[2026-06-17 17:29:31] 신규 대상 시작 plan={'sex': '여자', 'day': '화목'}
[2026-06-17 17:29:33] 회원가입 시도 1/4
[2026-06-17 17:29:33] 회원가입 시작 sheet=BG plan={'sex': '여자', 'day': '화목'}
[2026-06-17 17:29:39] 회원가입 폼 진입 완료
[2026-06-17 17:29:42] 우편번호 검색 query=대구 북구 한강로 17
[2026-06-17 17:29:43] 우편번호 입력 완료 zip=41599 addr=대구 북구 한강로 17 (사수동, 금호서한이다음)
[2026-06-17 17:29:43] 회원가입 제출 클릭 name=김려원 id=kingchampio5418 school=대구삼영초등학교
[2026-06-17 17:29:44] 회원가입 알림 name=김려원 id=kingchampio5418 message=회원 가입하시겠습니까?
[2026-06-17 17:29:45] 회원가입 알림 name=김려원 id=kingchampio5418 message=회원 가입에 감사드립니다.
[2026-06-17 17:29:55] 회원가입 검증 완료 name=김려원 day=화목 dialogs=['회원 가입하시겠습니까?', '회원 가입에 감사드립니다.']
[2026-06-17 17:29:55] 수강신청 시도 1 name=김려원 id=kingchampio5418
[2026-06-17 17:29:55] 수강신청 시작 name=김려원 sheet=BG day=화목
[2026-06-17 17:30:02] BG 과정 선택 완료 day=화목 course_id=4_30 label='' week_filter=False
[2026-06-17 17:30:02] 수강신청 요일 선택 완료 name=김려원 day=화목
[2026-06-17 17:30:04] 수강신청 1차 제출 완료 name=김려원
[2026-06-17 17:30:08] 수강신청 최종 제출 완료 name=김려원
김려원 신청 완료 / 총 228명, 오늘 53명 추가되었습니다.
[2026-06-17 17:30:09] 기록 저장 완료 name=김려원 total=228 today=53
[2026-06-17 17:30:11] 대상 완료 name=김려원 total=228/250 today=53/75
[2026-06-17 17:30:14] 다음 가입 예약: 2026-06-17 17:37:23까지 대기
[2026-06-17 17:37:23] 신규 대상 시작 plan={'sex': '여자', 'day': '화목'}
[2026-06-17 17:37:26] 회원가입 시도 1/4
[2026-06-17 17:37:26] 회원가입 시작 sheet=BG plan={'sex': '여자', 'day': '화목'}
[2026-06-17 17:37:32] 회원가입 폼 진입 완료
[2026-06-17 17:37:35] 우편번호 검색 query=대구 북구 학정동로 40
[2026-06-17 17:37:36] 주소 지역 불일치 query=대구 북구 학정동로 40 result=대구 군위군 군위읍 골안길 40
[2026-06-17 17:37:36] 우편번호 검색 query=대구 북구 학정동로 40
[2026-06-17 17:37:36] 주소 지역 불일치 query=대구 북구 학정동로 40 result=대구 군위군 군위읍 골안길 40
[2026-06-17 17:37:36] 우편번호 검색 query=대구학정초등학교
[2026-06-17 17:37:37] 우편번호 입력 완료 zip=41417 addr=대구 북구 학남로 32 (학정동, 학정초등학교)
[2026-06-17 17:37:38] 회원가입 제출 클릭 name=임예윤 id=visionarychw666 school=대구학정초등학교
[2026-06-17 17:37:38] 회원가입 알림 name=임예윤 id=visionarychw666 message=회원 가입하시겠습니까?
[2026-06-17 17:37:39] 회원가입 알림 name=임예윤 id=visionarychw666 message=회원 가입에 감사드립니다.
[2026-06-17 17:37:49] 회원가입 검증 완료 name=임예윤 day=화목 dialogs=['회원 가입하시겠습니까?', '회원 가입에 감사드립니다.']
[2026-06-17 17:37:49] 수강신청 시도 1 name=임예윤 id=visionarychw666
[2026-06-17 17:37:49] 수강신청 시작 name=임예윤 sheet=BG day=화목
[2026-06-17 17:37:56] BG 과정 선택 완료 day=화목 course_id=4_30 label='' week_filter=False
[2026-06-17 17:37:56] 수강신청 요일 선택 완료 name=임예윤 day=화목
[2026-06-17 17:37:58] 수강신청 1차 제출 완료 name=임예윤
[2026-06-17 17:38:01] 수강신청 최종 제출 완료 name=임예윤
임예윤 신청 완료 / 총 229명, 오늘 54명 추가되었습니다.
[2026-06-17 17:38:02] 기록 저장 완료 name=임예윤 total=229 today=54
[2026-06-17 17:38:04] 대상 완료 name=임예윤 total=229/250 today=54/75
[2026-06-17 17:38:07] 다음 가입 예약: 2026-06-17 17:42:14까지 대기
[2026-06-17 17:42:14] 신규 대상 시작 plan={'sex': '남자', 'day': '월수'}
[2026-06-17 17:42:17] 회원가입 시도 1/4
[2026-06-17 17:42:17] 회원가입 시작 sheet=BG plan={'sex': '남자', 'day': '월수'}
[2026-06-17 17:42:24] 회원가입 폼 진입 완료
[2026-06-17 17:42:28] 우편번호 검색 query=대구 북구 내곡로 49
[2026-06-17 17:42:29] 주소 지역 불일치 query=대구 북구 내곡로 49 result=대구 군위군 군위읍 광현길 49
[2026-06-17 17:42:30] 우편번호 검색 query=대구 북구 내곡로 49
[2026-06-17 17:42:30] 주소 지역 불일치 query=대구 북구 내곡로 49 result=대구 군위군 군위읍 광현길 49
[2026-06-17 17:42:31] 우편번호 검색 query=대구사수초등학교
[2026-06-17 17:42:32] 우편번호 입력 완료 zip=41492 addr=대구 북구 내곡로 124 (사수동, 사수초등학교)
[2026-06-17 17:42:33] 회원가입 제출 클릭 name=이휘 id=sparkreadin3149 school=대구사수초등학교
[2026-06-17 17:42:33] 회원가입 알림 name=이휘 id=sparkreadin3149 message=회원 가입하시겠습니까?
[2026-06-17 17:42:34] 회원가입 알림 name=이휘 id=sparkreadin3149 message=회원 가입하시겠습니까?
[2026-06-17 17:42:34] 회원가입 알림 name=이휘 id=sparkreadin3149 message=회원 가입에 감사드립니다.
[2026-06-17 17:42:44] 회원가입 검증 완료 name=이휘 day=월수 dialogs=['회원 가입하시겠습니까?', '회원 가입하시겠습니까?', '회원 가입에 감사드립니다.']
[2026-06-17 17:42:44] 수강신청 시도 1 name=이휘 id=sparkreadin3149
[2026-06-17 17:42:44] 수강신청 시작 name=이휘 sheet=BG day=월수
[2026-06-17 17:42:51] BG 과정 선택 완료 day=월수 course_id=3_29 label='' week_filter=False
[2026-06-17 17:42:51] 수강신청 요일 선택 완료 name=이휘 day=월수
[2026-06-17 17:42:53] 수강신청 1차 제출 완료 name=이휘
[2026-06-17 17:42:56] 수강신청 최종 제출 완료 name=이휘
이휘 신청 완료 / 총 230명, 오늘 55명 추가되었습니다.
[2026-06-17 17:42:57] 기록 저장 완료 name=이휘 total=230 today=55
[2026-06-17 17:42:58] 대상 완료 name=이휘 total=230/250 today=55/75
[2026-06-17 17:42:59] 다음 가입 예약: 2026-06-17 17:56:09까지 대기
[2026-06-17 17:56:09] 신규 대상 시작 plan={'sex': '남자', 'day': '화목'}
[2026-06-17 17:56:13] 회원가입 시도 1/4
[2026-06-17 17:56:13] 회원가입 시작 sheet=BG plan={'sex': '남자', 'day': '화목'}
[2026-06-17 17:56:21] 회원가입 폼 진입 완료
[2026-06-17 17:56:27] 우편번호 검색 query=대구 북구 연경중앙로 55
[2026-06-17 17:56:29] 우편번호 입력 완료 zip=41409 addr=대구 북구 연경중앙로 55 (연경동, 대구연경 연경숲)
[2026-06-17 17:56:30] 회원가입 제출 클릭 name=노우현 id=litragerene2438 school=대구연경초등학교
[2026-06-17 17:56:31] 회원가입 알림 name=노우현 id=litragerene2438 message=회원 가입하시겠습니까?
[2026-06-17 17:56:32] 회원가입 알림 name=노우현 id=litragerene2438 message=회원 가입에 감사드립니다.
[2026-06-17 17:56:41] 회원가입 검증 완료 name=노우현 day=화목 dialogs=['회원 가입하시겠습니까?', '회원 가입에 감사드립니다.']
[2026-06-17 17:56:41] 수강신청 시도 1 name=노우현 id=litragerene2438
[2026-06-17 17:56:41] 수강신청 시작 name=노우현 sheet=BG day=화목
[2026-06-17 17:56:48] BG 과정 선택 완료 day=화목 course_id=4_30 label='' week_filter=False
[2026-06-17 17:56:48] 수강신청 요일 선택 완료 name=노우현 day=화목
[2026-06-17 17:56:50] 수강신청 1차 제출 완료 name=노우현
[2026-06-17 17:56:54] 수강신청 최종 제출 완료 name=노우현
노우현 신청 완료 / 총 231명, 오늘 56명 추가되었습니다.
[2026-06-17 17:56:54] 기록 저장 완료 name=노우현 total=231 today=56
[2026-06-17 17:56:55] 대상 완료 name=노우현 total=231/250 today=56/75
[2026-06-17 17:56:57] 다음 가입 예약: 2026-06-17 18:03:43까지 대기
[2026-06-17 18:03:43] 신규 대상 시작 plan={'sex': '여자', 'day': '화목'}
[2026-06-17 18:03:45] 회원가입 시도 1/4
[2026-06-17 18:03:45] 회원가입 시작 sheet=BG plan={'sex': '여자', 'day': '화목'}
[2026-06-17 18:03:50] 회원가입 폼 진입 완료
[2026-06-17 18:03:54] 우편번호 검색 query=대구 북구 동천로 97
[2026-06-17 18:03:55] 우편번호 입력 완료 zip=41426 addr=대구 북구 동천로 97 (동천동, 영남네오빌 아트)
[2026-06-17 18:03:56] 회원가입 제출 클릭 name=주리윤 id=promotermonx332 school=대구동평초등학교
[2026-06-17 18:03:56] 회원가입 알림 name=주리윤 id=promotermonx332 message=회원 가입하시겠습니까?
[2026-06-17 18:03:57] 회원가입 알림 name=주리윤 id=promotermonx332 message=회원 가입에 감사드립니다.
[2026-06-17 18:04:07] 회원가입 검증 완료 name=주리윤 day=화목 dialogs=['회원 가입하시겠습니까?', '회원 가입에 감사드립니다.']
[2026-06-17 18:04:07] 수강신청 시도 1 name=주리윤 id=promotermonx332
[2026-06-17 18:04:07] 수강신청 시작 name=주리윤 sheet=BG day=화목
[2026-06-17 18:04:15] BG 과정 선택 완료 day=화목 course_id=4_30 label='' week_filter=False
[2026-06-17 18:04:15] 수강신청 요일 선택 완료 name=주리윤 day=화목
[2026-06-17 18:04:17] 수강신청 1차 제출 완료 name=주리윤
[2026-06-17 18:04:21] 수강신청 최종 제출 완료 name=주리윤
주리윤 신청 완료 / 총 232명, 오늘 57명 추가되었습니다.
[2026-06-17 18:04:22] 기록 저장 완료 name=주리윤 total=232 today=57
[2026-06-17 18:04:24] 대상 완료 name=주리윤 total=232/250 today=57/75
[2026-06-17 18:04:25] 다음 가입 예약: 2026-06-17 18:14:21까지 대기
[2026-06-17 18:14:21] 신규 대상 시작 plan={'sex': '여자', 'day': '월수'}
[2026-06-17 18:14:24] 회원가입 시도 1/4
[2026-06-17 18:14:24] 회원가입 시작 sheet=BG plan={'sex': '여자', 'day': '월수'}
[2026-06-17 18:14:31] 회원가입 폼 진입 완료
[2026-06-17 18:14:34] 우편번호 검색 query=대구 동구 동화천로 369
[2026-06-17 18:14:35] 주소 지역 불일치 query=대구 동구 동화천로 369 result=대구 동구 동화천로 369 (대구 연경 아이파크)
[2026-06-17 18:14:35] 우편번호 검색 query=대구 동구 동화천로 369
[2026-06-17 18:14:35] 주소 지역 불일치 query=대구 동구 동화천로 369 result=대구 동구 동화천로 369 (대구 연경 아이파크)
[2026-06-17 18:14:36] 우편번호 검색 query=대구연경초등학교
[2026-06-17 18:14:36] 주소 지역 불일치 query=대구연경초등학교 result=대구 동구 동화천로 369 (대구 연경 아이파크)
[2026-06-17 18:14:36] 우편번호 검색 query=대구연경초등학교
[2026-06-17 18:14:36] 주소 지역 불일치 query=대구연경초등학교 result=대구 동구 동화천로 369 (대구 연경 아이파크)
[2026-06-17 18:14:36] 회원가입 실패 try=1 error=RuntimeError("우편번호/주소 입력 실패 queries=['대구 동구 동화천로 369', '대구연경초등학교'] required=북구 last_error=주소 지역 불일치 query=대구연경초등학교 result=대구 동구 동화천로 369 (대구 연경 아이파크)")
[2026-06-17 18:14:37] 회원가입 시도 2/4
[2026-06-17 18:14:37] 회원가입 시작 sheet=BG plan={'sex': '여자', 'day': '월수'}
[2026-06-17 18:14:39] 회원가입 폼 진입 완료
[2026-06-17 18:14:41] 우편번호 검색 query=대구 북구 학정동로 40
[2026-06-17 18:14:42] 우편번호 입력 완료 zip=41417 addr=대구 북구 학정동로 40 (학정동, 칠곡2차 한라하우젠트)
[2026-06-17 18:14:43] 회원가입 제출 클릭 name=김다현 id=volunteerphv625 school=대구칠곡초등학교
[2026-06-17 18:14:43] 회원가입 알림 name=김다현 id=volunteerphv625 message=회원 가입하시겠습니까?
[2026-06-17 18:14:44] 회원가입 알림 name=김다현 id=volunteerphv625 message=회원 가입에 감사드립니다.
[2026-06-17 18:14:54] 회원가입 검증 완료 name=김다현 day=월수 dialogs=['회원 가입하시겠습니까?', '회원 가입에 감사드립니다.']
[2026-06-17 18:14:54] 수강신청 시도 1 name=김다현 id=volunteerphv625
[2026-06-17 18:14:54] 수강신청 시작 name=김다현 sheet=BG day=월수
[2026-06-17 18:15:01] BG 과정 선택 완료 day=월수 course_id=3_29 label='' week_filter=False
[2026-06-17 18:15:01] 수강신청 요일 선택 완료 name=김다현 day=월수
[2026-06-17 18:15:03] 수강신청 1차 제출 완료 name=김다현
[2026-06-17 18:15:07] 수강신청 최종 제출 완료 name=김다현
김다현 신청 완료 / 총 233명, 오늘 58명 추가되었습니다.
[2026-06-17 18:15:07] 기록 저장 완료 name=김다현 total=233 today=58
[2026-06-17 18:15:09] 대상 완료 name=김다현 total=233/250 today=58/75
[2026-06-17 18:15:10] 다음 가입 예약: 2026-06-17 18:23:57까지 대기
[2026-06-17 18:23:57] 신규 대상 시작 plan={'sex': '남자', 'day': '월수'}
[2026-06-17 18:23:59] 회원가입 시도 1/4
[2026-06-17 18:23:59] 회원가입 시작 sheet=BG plan={'sex': '남자', 'day': '월수'}
[2026-06-17 18:24:05] 회원가입 폼 진입 완료
[2026-06-17 18:24:08] 우편번호 검색 query=대구 북구 동천로 156
[2026-06-17 18:24:08] 우편번호 검색 실패 query=대구 북구 동천로 156 error=Error('Locator.count: Execution context was destroyed, most likely because of a navigation')
[2026-06-17 18:24:09] 우편번호 검색 query=대구 북구 동천로 156
[2026-06-17 18:24:09] 주소 지역 불일치 query=대구 북구 동천로 156 result=대구 군위군 군위읍 군위공단길 156
[2026-06-17 18:24:10] 우편번호 검색 query=대구운암초등학교
[2026-06-17 18:24:11] 우편번호 입력 완료 zip=41429 addr=대구 북구 대천로 148 (구암동, 대구운암초등학교)
[2026-06-17 18:24:13] 회원가입 제출 클릭 name=김수환 id=hangryace9533 school=대구운암초등학교
[2026-06-17 18:24:14] 회원가입 알림 name=김수환 id=hangryace9533 message=회원 가입하시겠습니까?
[2026-06-17 18:24:15] 회원가입 알림 name=김수환 id=hangryace9533 message=회원 가입에 감사드립니다.
[2026-06-17 18:24:24] 회원가입 검증 완료 name=김수환 day=월수 dialogs=['회원 가입하시겠습니까?', '회원 가입에 감사드립니다.']
[2026-06-17 18:24:24] 수강신청 시도 1 name=김수환 id=hangryace9533
[2026-06-17 18:24:24] 수강신청 시작 name=김수환 sheet=BG day=월수
[2026-06-17 18:24:31] BG 과정 선택 완료 day=월수 course_id=3_29 label='' week_filter=False
[2026-06-17 18:24:31] 수강신청 요일 선택 완료 name=김수환 day=월수
[2026-06-17 18:24:33] 수강신청 1차 제출 완료 name=김수환
[2026-06-17 18:24:36] 수강신청 최종 제출 완료 name=김수환
김수환 신청 완료 / 총 234명, 오늘 59명 추가되었습니다.
[2026-06-17 18:24:37] 기록 저장 완료 name=김수환 total=234 today=59
[2026-06-17 18:24:38] 대상 완료 name=김수환 total=234/250 today=59/75
[2026-06-17 18:24:40] 다음 가입 예약: 2026-06-17 18:34:46까지 대기
[2026-06-17 18:34:46] 신규 대상 시작 plan={'sex': '여자', 'day': '화목'}
[2026-06-17 18:34:48] 회원가입 시도 1/4
[2026-06-17 18:34:48] 회원가입 시작 sheet=BG plan={'sex': '여자', 'day': '화목'}
[2026-06-17 18:34:54] 회원가입 폼 진입 완료
[2026-06-17 18:34:56] 우편번호 검색 query=대구 북구 호암로 20
[2026-06-17 18:34:56] 우편번호 검색 실패 query=대구 북구 호암로 20 error=Error('Locator.count: Execution context was destroyed, most likely because of a navigation')
[2026-06-17 18:34:57] 우편번호 검색 query=대구 북구 호암로 20
[2026-06-17 18:34:58] 우편번호 입력 완료 zip=41586 addr=대구 북구 호암로 20 (칠성동2가, 성광우방타운)
[2026-06-17 18:34:59] 회원가입 제출 클릭 name=이하음 id=animedirect3570 school=대구칠성초등학교
[2026-06-17 18:35:00] 회원가입 알림 name=이하음 id=animedirect3570 message=회원 가입하시겠습니까?
[2026-06-17 18:35:00] 회원가입 알림 name=이하음 id=animedirect3570 message=회원 가입에 감사드립니다.
[2026-06-17 18:35:10] 회원가입 검증 완료 name=이하음 day=화목 dialogs=['회원 가입하시겠습니까?', '회원 가입에 감사드립니다.']
[2026-06-17 18:35:10] 수강신청 시도 1 name=이하음 id=animedirect3570
[2026-06-17 18:35:10] 수강신청 시작 name=이하음 sheet=BG day=화목
[2026-06-17 18:35:17] BG 과정 선택 완료 day=화목 course_id=4_30 label='' week_filter=False
[2026-06-17 18:35:17] 수강신청 요일 선택 완료 name=이하음 day=화목
[2026-06-17 18:35:19] 수강신청 1차 제출 완료 name=이하음
[2026-06-17 18:35:22] 수강신청 최종 제출 완료 name=이하음
이하음 신청 완료 / 총 235명, 오늘 60명 추가되었습니다.
[2026-06-17 18:35:23] 기록 저장 완료 name=이하음 total=235 today=60
[2026-06-17 18:35:24] 대상 완료 name=이하음 total=235/250 today=60/75
[2026-06-17 18:35:26] 다음 가입 예약: 2026-06-17 18:43:07까지 대기
[2026-06-17 18:43:07] 신규 대상 시작 plan={'sex': '여자', 'day': '화목'}
[2026-06-17 18:43:09] 회원가입 시도 1/4
[2026-06-17 18:43:09] 회원가입 시작 sheet=BG plan={'sex': '여자', 'day': '화목'}
[2026-06-17 18:43:15] 회원가입 폼 진입 완료
[2026-06-17 18:43:16] 우편번호 검색 query=대구 북구 읍내동 794
[2026-06-17 18:43:17] 주소 지역 불일치 query=대구 북구 읍내동 794 result=대구 달성군 논공읍 논공로 794
[2026-06-17 18:43:17] 우편번호 검색 query=대구 북구 읍내동 794
[2026-06-17 18:43:17] 주소 지역 불일치 query=대구 북구 읍내동 794 result=대구 달성군 논공읍 논공로 794
[2026-06-17 18:43:18] 우편번호 검색 query=대구칠곡초등학교
[2026-06-17 18:43:19] 우편번호 입력 완료 zip=41433 addr=대구 북구 칠곡중앙대로110길 5 (읍내동, 대구칠곡초등학교)
[2026-06-17 18:43:19] 회원가입 제출 클릭 name=이소윤 id=seafacilitat612 school=대구칠곡초등학교
[2026-06-17 18:43:20] 회원가입 알림 name=이소윤 id=seafacilitat612 message=회원 가입하시겠습니까?
[2026-06-17 18:43:21] 회원가입 알림 name=이소윤 id=seafacilitat612 message=회원 가입에 감사드립니다.
[2026-06-17 18:43:31] 회원가입 검증 완료 name=이소윤 day=화목 dialogs=['회원 가입하시겠습니까?', '회원 가입에 감사드립니다.']
[2026-06-17 18:43:31] 수강신청 시도 1 name=이소윤 id=seafacilitat612
[2026-06-17 18:43:31] 수강신청 시작 name=이소윤 sheet=BG day=화목
[2026-06-17 18:43:38] BG 과정 선택 완료 day=화목 course_id=4_30 label='' week_filter=False
[2026-06-17 18:43:38] 수강신청 요일 선택 완료 name=이소윤 day=화목
[2026-06-17 18:43:40] 수강신청 1차 제출 완료 name=이소윤
[2026-06-17 18:43:44] 수강신청 최종 제출 완료 name=이소윤
이소윤 신청 완료 / 총 236명, 오늘 61명 추가되었습니다.
[2026-06-17 18:43:45] 기록 저장 완료 name=이소윤 total=236 today=61
[2026-06-17 18:43:46] 대상 완료 name=이소윤 total=236/250 today=61/75
[2026-06-17 18:43:47] 다음 가입 예약: 2026-06-17 18:46:08까지 대기
[2026-06-17 18:46:08] 신규 대상 시작 plan={'sex': '남자', 'day': '화목'}
[2026-06-17 18:46:11] 회원가입 시도 1/4
[2026-06-17 18:46:11] 회원가입 시작 sheet=BG plan={'sex': '남자', 'day': '화목'}
[2026-06-17 18:46:19] 회원가입 폼 진입 완료
[2026-06-17 18:46:21] 우편번호 검색 query=대구 북구 공항로 16
[2026-06-17 18:46:21] 우편번호 검색 실패 query=대구 북구 공항로 16 error=Error('Locator.count: Execution context was destroyed, most likely because of a navigation')
[2026-06-17 18:46:23] 우편번호 검색 query=대구 북구 공항로 16
[2026-06-17 18:46:24] 우편번호 입력 완료 zip=41526 addr=대구 북구 공항로 16 (복현동, 복현자이)
[2026-06-17 18:46:25] 회원가입 제출 클릭 name=최이현 id=youtubefriep340 school=대구복현초등학교
[2026-06-17 18:46:26] 회원가입 알림 name=최이현 id=youtubefriep340 message=회원 가입하시겠습니까?
[2026-06-17 18:46:26] 회원가입 알림 name=최이현 id=youtubefriep340 message=회원 가입에 감사드립니다.
[2026-06-17 18:46:36] 회원가입 검증 완료 name=최이현 day=화목 dialogs=['회원 가입하시겠습니까?', '회원 가입에 감사드립니다.']
[2026-06-17 18:46:36] 수강신청 시도 1 name=최이현 id=youtubefriep340
[2026-06-17 18:46:36] 수강신청 시작 name=최이현 sheet=BG day=화목
[2026-06-17 18:46:44] BG 과정 선택 완료 day=화목 course_id=4_30 label='' week_filter=False
[2026-06-17 18:46:44] 수강신청 요일 선택 완료 name=최이현 day=화목
[2026-06-17 18:46:46] 수강신청 1차 제출 완료 name=최이현
[2026-06-17 18:46:49] 수강신청 최종 제출 완료 name=최이현
최이현 신청 완료 / 총 237명, 오늘 62명 추가되었습니다.
[2026-06-17 18:46:49] 기록 저장 완료 name=최이현 total=237 today=62
[2026-06-17 18:46:50] 대상 완료 name=최이현 total=237/250 today=62/75
[2026-06-17 18:46:53] 다음 가입 예약: 2026-06-17 18:52:45까지 대기
[2026-06-17 18:52:45] 신규 대상 시작 plan={'sex': '남자', 'day': '화목'}
[2026-06-17 18:52:47] 회원가입 시도 1/4
[2026-06-17 18:52:47] 회원가입 시작 sheet=BG plan={'sex': '남자', 'day': '화목'}
[2026-06-17 18:52:53] 회원가입 폼 진입 완료
[2026-06-17 18:52:55] 우편번호 검색 query=대구 북구 학정동로 40
[2026-06-17 18:52:56] 주소 지역 불일치 query=대구 북구 학정동로 40 result=대구 군위군 군위읍 골안길 40
[2026-06-17 18:52:56] 우편번호 검색 query=대구 북구 학정동로 40
[2026-06-17 18:52:56] 주소 지역 불일치 query=대구 북구 학정동로 40 result=대구 군위군 군위읍 골안길 40
[2026-06-17 18:52:56] 우편번호 검색 query=대구칠곡초등학교
[2026-06-17 18:52:57] 우편번호 입력 완료 zip=41466 addr=대구 북구 칠곡중앙대로52길 56 (태전동, 대구태암초등학교)
[2026-06-17 18:52:57] 회원가입 제출 클릭 name=박수찬 id=creatorenvi2148 school=대구칠곡초등학교
[2026-06-17 18:52:58] 회원가입 알림 name=박수찬 id=creatorenvi2148 message=회원 가입하시겠습니까?
[2026-06-17 18:52:59] 회원가입 알림 name=박수찬 id=creatorenvi2148 message=회원 가입에 감사드립니다.
[2026-06-17 18:53:09] 회원가입 검증 완료 name=박수찬 day=화목 dialogs=['회원 가입하시겠습니까?', '회원 가입에 감사드립니다.']
[2026-06-17 18:53:09] 수강신청 시도 1 name=박수찬 id=creatorenvi2148
[2026-06-17 18:53:09] 수강신청 시작 name=박수찬 sheet=BG day=화목
[2026-06-17 18:53:16] BG 과정 선택 완료 day=화목 course_id=4_30 label='' week_filter=False
[2026-06-17 18:53:16] 수강신청 요일 선택 완료 name=박수찬 day=화목
[2026-06-17 18:53:18] 수강신청 1차 제출 완료 name=박수찬
[2026-06-17 18:53:21] 수강신청 최종 제출 완료 name=박수찬
박수찬 신청 완료 / 총 238명, 오늘 63명 추가되었습니다.
[2026-06-17 18:53:22] 기록 저장 완료 name=박수찬 total=238 today=63
[2026-06-17 18:53:23] 대상 완료 name=박수찬 total=238/250 today=63/75
[2026-06-17 18:53:25] 다음 가입 예약: 2026-06-17 19:02:17까지 대기
[2026-06-17 19:02:17] 신규 대상 시작 plan={'sex': '여자', 'day': '월수'}
[2026-06-17 19:02:20] 회원가입 시도 1/4
[2026-06-17 19:02:20] 회원가입 시작 sheet=BG plan={'sex': '여자', 'day': '월수'}
[2026-06-17 19:02:27] 회원가입 폼 진입 완료
[2026-06-17 19:02:30] 우편번호 검색 query=대구 북구 동변로20길 20
[2026-06-17 19:02:32] 우편번호 입력 완료 zip=41412 addr=대구 북구 동변로20길 20 (동변동, 한성빌라)
[2026-06-17 19:02:32] 회원가입 제출 클릭 name=이세린 id=sparkgamingr747 school=대구동변초등학교
[2026-06-17 19:02:33] 회원가입 알림 name=이세린 id=sparkgamingr747 message=회원 가입하시겠습니까?
[2026-06-17 19:02:33] 회원가입 알림 name=이세린 id=sparkgamingr747 message=회원 가입에 감사드립니다.
[2026-06-17 19:02:43] 회원가입 검증 완료 name=이세린 day=월수 dialogs=['회원 가입하시겠습니까?', '회원 가입에 감사드립니다.']
[2026-06-17 19:02:43] 수강신청 시도 1 name=이세린 id=sparkgamingr747
[2026-06-17 19:02:43] 수강신청 시작 name=이세린 sheet=BG day=월수
[2026-06-17 19:02:50] BG 과정 선택 완료 day=월수 course_id=3_29 label='' week_filter=False
[2026-06-17 19:02:50] 수강신청 요일 선택 완료 name=이세린 day=월수
[2026-06-17 19:02:52] 수강신청 1차 제출 완료 name=이세린
[2026-06-17 19:02:56] 수강신청 최종 제출 완료 name=이세린
이세린 신청 완료 / 총 239명, 오늘 64명 추가되었습니다.
[2026-06-17 19:02:56] 기록 저장 완료 name=이세린 total=239 today=64
[2026-06-17 19:02:57] 대상 완료 name=이세린 total=239/250 today=64/75
[2026-06-17 19:02:59] 다음 가입 예약: 2026-06-17 19:12:07까지 대기
[2026-06-17 19:12:07] 신규 대상 시작 plan={'sex': '남자', 'day': '월수'}
[2026-06-17 19:12:11] 회원가입 시도 1/4
[2026-06-17 19:12:11] 회원가입 시작 sheet=BG plan={'sex': '남자', 'day': '월수'}
[2026-06-17 19:12:17] 회원가입 폼 진입 완료
[2026-06-17 19:12:21] 우편번호 검색 query=대구 북구 동천로 156
[2026-06-17 19:12:22] 우편번호 입력 완료 zip=41421 addr=대구 북구 동천로 156 (동천동, 동화골든빌)
[2026-06-17 19:12:23] 회원가입 제출 클릭 name=차서하 id=boycollabor1794 school=대구태암초등학교
[2026-06-17 19:12:24] 회원가입 알림 name=차서하 id=boycollabor1794 message=회원 가입하시겠습니까?
[2026-06-17 19:12:25] 회원가입 알림 name=차서하 id=boycollabor1794 message=회원 가입에 감사드립니다.
[2026-06-17 19:12:34] 회원가입 검증 완료 name=차서하 day=월수 dialogs=['회원 가입하시겠습니까?', '회원 가입에 감사드립니다.']
[2026-06-17 19:12:34] 수강신청 시도 1 name=차서하 id=boycollabor1794
[2026-06-17 19:12:34] 수강신청 시작 name=차서하 sheet=BG day=월수
[2026-06-17 19:12:41] BG 과정 선택 완료 day=월수 course_id=3_29 label='' week_filter=False
[2026-06-17 19:12:41] 수강신청 요일 선택 완료 name=차서하 day=월수
[2026-06-17 19:12:43] 수강신청 1차 제출 완료 name=차서하
[2026-06-17 19:12:47] 수강신청 최종 제출 완료 name=차서하
차서하 신청 완료 / 총 240명, 오늘 65명 추가되었습니다.
[2026-06-17 19:12:48] 기록 저장 완료 name=차서하 total=240 today=65
[2026-06-17 19:12:49] 대상 완료 name=차서하 total=240/250 today=65/75
[2026-06-17 19:12:50] 다음 가입 예약: 2026-06-17 19:18:48까지 대기
[2026-06-17 19:18:48] 신규 대상 시작 plan={'sex': '여자', 'day': '월수'}
[2026-06-17 19:18:50] 회원가입 시도 1/4
[2026-06-17 19:18:50] 회원가입 시작 sheet=BG plan={'sex': '여자', 'day': '월수'}
[2026-06-17 19:18:56] 회원가입 폼 진입 완료
[2026-06-17 19:18:58] 우편번호 검색 query=대구 북구 공항로 16
[2026-06-17 19:18:59] 우편번호 입력 완료 zip=41526 addr=대구 북구 공항로 16 (복현동, 복현자이)
[2026-06-17 19:19:00] 회원가입 제출 클릭 name=박아진 id=technologydr42i school=대구복현초등학교
[2026-06-17 19:19:01] 회원가입 알림 name=박아진 id=technologydr42i message=회원 가입하시겠습니까?
[2026-06-17 19:19:02] 회원가입 알림 name=박아진 id=technologydr42i message=회원 가입에 감사드립니다.
[2026-06-17 19:19:11] 회원가입 검증 완료 name=박아진 day=월수 dialogs=['회원 가입하시겠습니까?', '회원 가입에 감사드립니다.']
[2026-06-17 19:19:11] 수강신청 시도 1 name=박아진 id=technologydr42i
[2026-06-17 19:19:11] 수강신청 시작 name=박아진 sheet=BG day=월수
[2026-06-17 19:19:19] BG 과정 선택 완료 day=월수 course_id=3_29 label='' week_filter=False
[2026-06-17 19:19:19] 수강신청 요일 선택 완료 name=박아진 day=월수
[2026-06-17 19:19:20] 수강신청 1차 제출 완료 name=박아진
[2026-06-17 19:19:24] 수강신청 최종 제출 완료 name=박아진
박아진 신청 완료 / 총 241명, 오늘 66명 추가되었습니다.
[2026-06-17 19:19:24] 기록 저장 완료 name=박아진 total=241 today=66
[2026-06-17 19:19:26] 대상 완료 name=박아진 total=241/250 today=66/75
[2026-06-17 19:19:27] 다음 가입 예약: 2026-06-17 19:26:46까지 대기
[2026-06-17 19:26:46] 신규 대상 시작 plan={'sex': '여자', 'day': '화목'}
[2026-06-17 19:26:48] 회원가입 시도 1/4
[2026-06-17 19:26:48] 회원가입 시작 sheet=BG plan={'sex': '여자', 'day': '화목'}
[2026-06-17 19:26:53] 회원가입 폼 진입 완료
[2026-06-17 19:26:56] 우편번호 검색 query=대구 북구 도남길 148-51
[2026-06-17 19:26:57] 우편번호 입력 완료 zip=41408 addr=대구 북구 도남길 148-51 (도남동)
[2026-06-17 19:26:58] 회원가입 제출 클릭 name=임모아 id=inclusionfr3776 school=대구도남초등학교
[2026-06-17 19:26:59] 회원가입 알림 name=임모아 id=inclusionfr3776 message=회원 가입하시겠습니까?
[2026-06-17 19:26:59] 회원가입 알림 name=임모아 id=inclusionfr3776 message=회원 가입에 감사드립니다.
[2026-06-17 19:27:09] 회원가입 검증 완료 name=임모아 day=화목 dialogs=['회원 가입하시겠습니까?', '회원 가입에 감사드립니다.']
[2026-06-17 19:27:09] 수강신청 시도 1 name=임모아 id=inclusionfr3776
[2026-06-17 19:27:09] 수강신청 시작 name=임모아 sheet=BG day=화목
[2026-06-17 19:27:16] BG 과정 선택 완료 day=화목 course_id=4_30 label='' week_filter=False
[2026-06-17 19:27:16] 수강신청 요일 선택 완료 name=임모아 day=화목
[2026-06-17 19:27:18] 수강신청 1차 제출 완료 name=임모아
[2026-06-17 19:27:39] 수강신청 실패. 같은 계정으로 재시도 name=임모아 id=inclusionfr3776 try=1 error=TimeoutError('Page.click: Timeout 20000ms exceeded.\nCall log:\n  - waiting for locator("input#cbAddress")\n    - locator resolved to <input id="cbAddress" type="checkbox" name="cbAddress"/>\n  - attempting click action\n    - waiting for element to be visible, enabled and stable\n    - element is visible, enabled and stable\n    - scrolling into view if needed\n    - done scrolling\n    - <div class="Q2">…</div> from <div id="modal">…</div> subtree intercepts pointer events\n  - retrying click action\n    - waiting for element to be visible, enabled and stable\n    - element is visible, enabled and stable\n    - scrolling into view if needed\n    - done scrolling\n    - <div id="modal">…</div> intercepts pointer events\n  - retrying click action\n    - waiting 20ms\n')
[2026-06-17 19:27:40] 수강신청 시도 2 name=임모아 id=inclusionfr3776
[2026-06-17 19:27:40] 수강신청 시작 name=임모아 sheet=BG day=화목
[2026-06-17 19:27:41] 로그인 알림 id=inclusionfr3776 message=미결제 강좌가 있습니다.

결제화면으로 이동합니다.
[2026-06-17 19:28:02] 수강신청 실패. 같은 계정으로 재시도 name=임모아 id=inclusionfr3776 try=2 error=TimeoutError('Page.wait_for_selector: Timeout 15000ms exceeded.\nCall log:\n  - waiting for locator("input[name=\\"rdIDX\\"]")\n')
[2026-06-17 19:28:04] 회원가입 전 단계 실패. 0초 후 새 대상 재시도 plan={'sex': '여자', 'day': '화목'} error=RuntimeError('수강신청 최대 재시도 초과. 이 계정은 기록하지 않고 다음 대상으로 진행 name=임모아 id=inclusionfr3776')
[2026-06-17 19:28:06] 다음 가입 예약: 2026-06-17 19:39:22까지 대기
[2026-06-17 19:39:22] 신규 대상 시작 plan={'sex': '여자', 'day': '화목'}
[2026-06-17 19:39:25] 회원가입 시도 1/4
[2026-06-17 19:39:25] 회원가입 시작 sheet=BG plan={'sex': '여자', 'day': '화목'}
[2026-06-17 19:39:31] 회원가입 폼 진입 완료
[2026-06-17 19:39:33] 우편번호 검색 query=대구 북구 호암로 20
[2026-06-17 19:39:34] 우편번호 입력 완료 zip=41586 addr=대구 북구 호암로 20 (칠성동2가, 성광우방타운)
[2026-06-17 19:39:35] 회원가입 제출 클릭 name=권서은 id=expertnice6082 school=대구칠성초등학교
[2026-06-17 19:39:36] 회원가입 알림 name=권서은 id=expertnice6082 message=회원 가입하시겠습니까?
[2026-06-17 19:39:36] 회원가입 알림 name=권서은 id=expertnice6082 message=회원 가입에 감사드립니다.
[2026-06-17 19:39:46] 회원가입 검증 완료 name=권서은 day=화목 dialogs=['회원 가입하시겠습니까?', '회원 가입에 감사드립니다.']
[2026-06-17 19:39:46] 수강신청 시도 1 name=권서은 id=expertnice6082
[2026-06-17 19:39:46] 수강신청 시작 name=권서은 sheet=BG day=화목
[2026-06-17 19:39:54] BG 과정 선택 완료 day=화목 course_id=4_30 label='' week_filter=False
[2026-06-17 19:39:54] 수강신청 요일 선택 완료 name=권서은 day=화목
[2026-06-17 19:39:55] 수강신청 1차 제출 완료 name=권서은
[2026-06-17 19:39:59] 수강신청 최종 제출 완료 name=권서은
권서은 신청 완료 / 총 242명, 오늘 67명 추가되었습니다.
[2026-06-17 19:40:00] 기록 저장 완료 name=권서은 total=242 today=67
[2026-06-17 19:40:02] 대상 완료 name=권서은 total=242/250 today=67/75
[2026-06-17 19:40:04] 다음 가입 예약: 2026-06-17 19:51:42까지 대기
[2026-06-17 19:51:42] 신규 대상 시작 plan={'sex': '남자', 'day': '화목'}
[2026-06-17 19:51:45] 회원가입 시도 1/4
[2026-06-17 19:51:45] 회원가입 시작 sheet=BG plan={'sex': '남자', 'day': '화목'}
[2026-06-17 19:51:50] 회원가입 폼 진입 완료
[2026-06-17 19:51:53] 우편번호 검색 query=대구 북구 학정동로 40
[2026-06-17 19:51:54] 우편번호 입력 완료 zip=41417 addr=대구 북구 학정동로 40 (학정동, 칠곡2차 한라하우젠트)
[2026-06-17 19:51:55] 회원가입 제출 클릭 name=정규원 id=queenadvento917 school=대구학정초등학교
[2026-06-17 19:51:56] 회원가입 알림 name=정규원 id=queenadvento917 message=회원 가입하시겠습니까?
[2026-06-17 19:51:56] 회원가입 알림 name=정규원 id=queenadvento917 message=회원 가입에 감사드립니다.
[2026-06-17 19:52:06] 회원가입 검증 완료 name=정규원 day=화목 dialogs=['회원 가입하시겠습니까?', '회원 가입에 감사드립니다.']
[2026-06-17 19:52:06] 수강신청 시도 1 name=정규원 id=queenadvento917
[2026-06-17 19:52:06] 수강신청 시작 name=정규원 sheet=BG day=화목
[2026-06-17 19:52:13] BG 과정 선택 완료 day=화목 course_id=4_30 label='' week_filter=False
[2026-06-17 19:52:13] 수강신청 요일 선택 완료 name=정규원 day=화목
[2026-06-17 19:52:15] 수강신청 1차 제출 완료 name=정규원
[2026-06-17 19:52:18] 수강신청 최종 제출 완료 name=정규원
정규원 신청 완료 / 총 243명, 오늘 68명 추가되었습니다.
[2026-06-17 19:52:19] 기록 저장 완료 name=정규원 total=243 today=68
[2026-06-17 19:52:21] 대상 완료 name=정규원 total=243/250 today=68/75
[2026-06-17 19:52:24] 다음 가입 예약: 2026-06-17 19:54:52까지 대기
[2026-06-17 19:54:52] 신규 대상 시작 plan={'sex': '여자', 'day': '월수'}
[2026-06-17 19:54:55] 회원가입 시도 1/4
[2026-06-17 19:54:55] 회원가입 시작 sheet=BG plan={'sex': '여자', 'day': '월수'}
[2026-06-17 19:55:00] 회원가입 폼 진입 완료
[2026-06-17 19:55:03] 우편번호 검색 query=대구광역시 북구 국우동 1079
[2026-06-17 19:55:15] 우편번호 검색 query=대구광역시 북구 국우동 1079
[2026-06-17 19:55:17] 우편번호 입력 완료 zip=41420 addr=대구 북구 학정동로 7 (국우동, 부영아파트)
[2026-06-17 19:55:17] 회원가입 제출 클릭 name=김보나 id=narutobraveo58j school=대구도남초등학교
[2026-06-17 19:55:18] 회원가입 알림 name=김보나 id=narutobraveo58j message=회원 가입하시겠습니까?
[2026-06-17 19:55:19] 회원가입 알림 name=김보나 id=narutobraveo58j message=회원 가입에 감사드립니다.
[2026-06-17 19:55:28] 회원가입 검증 완료 name=김보나 day=월수 dialogs=['회원 가입하시겠습니까?', '회원 가입에 감사드립니다.']
[2026-06-17 19:55:28] 수강신청 시도 1 name=김보나 id=narutobraveo58j
[2026-06-17 19:55:28] 수강신청 시작 name=김보나 sheet=BG day=월수
[2026-06-17 19:55:35] BG 과정 선택 완료 day=월수 course_id=3_29 label='' week_filter=False
[2026-06-17 19:55:35] 수강신청 요일 선택 완료 name=김보나 day=월수
[2026-06-17 19:55:37] 수강신청 1차 제출 완료 name=김보나
[2026-06-17 19:55:40] 수강신청 최종 제출 완료 name=김보나
김보나 신청 완료 / 총 244명, 오늘 69명 추가되었습니다.
[2026-06-17 19:55:41] 기록 저장 완료 name=김보나 total=244 today=69
[2026-06-17 19:55:42] 대상 완료 name=김보나 total=244/250 today=69/75
[2026-06-17 19:55:44] 다음 가입 예약: 2026-06-17 20:07:33까지 대기
[2026-06-17 20:07:33] 신규 대상 시작 plan={'sex': '여자', 'day': '월수'}
[2026-06-17 20:07:36] 회원가입 시도 1/4
[2026-06-17 20:07:36] 회원가입 시작 sheet=BG plan={'sex': '여자', 'day': '월수'}
[2026-06-17 20:07:42] 회원가입 폼 진입 완료
[2026-06-17 20:07:45] 우편번호 검색 query=대구 북구 국우동 1079
[2026-06-17 20:07:46] 우편번호 입력 완료 zip=41420 addr=대구 북구 학정동로 7 (국우동, 부영아파트)
[2026-06-17 20:07:47] 회원가입 제출 클릭 name=최하라 id=responsibili68z school=대구학정초등학교
[2026-06-17 20:07:48] 회원가입 알림 name=최하라 id=responsibili68z message=회원 가입하시겠습니까?
[2026-06-17 20:07:49] 회원가입 알림 name=최하라 id=responsibili68z message=회원 가입에 감사드립니다.
[2026-06-17 20:07:58] 회원가입 검증 완료 name=최하라 day=월수 dialogs=['회원 가입하시겠습니까?', '회원 가입에 감사드립니다.']
[2026-06-17 20:07:58] 수강신청 시도 1 name=최하라 id=responsibili68z
[2026-06-17 20:07:58] 수강신청 시작 name=최하라 sheet=BG day=월수
[2026-06-17 20:08:05] BG 과정 선택 완료 day=월수 course_id=3_29 label='' week_filter=False
[2026-06-17 20:08:05] 수강신청 요일 선택 완료 name=최하라 day=월수
[2026-06-17 20:08:07] 수강신청 1차 제출 완료 name=최하라
[2026-06-17 20:08:11] 수강신청 최종 제출 완료 name=최하라
최하라 신청 완료 / 총 245명, 오늘 70명 추가되었습니다.
[2026-06-17 20:08:12] 기록 저장 완료 name=최하라 total=245 today=70
[2026-06-17 20:08:14] 대상 완료 name=최하라 total=245/250 today=70/75
[2026-06-17 20:08:16] 다음 가입 예약: 2026-06-17 20:19:13까지 대기
[2026-06-17 20:19:13] 신규 대상 시작 plan={'sex': '남자', 'day': '화목'}
[2026-06-17 20:19:15] 회원가입 시도 1/4
[2026-06-17 20:19:15] 회원가입 시작 sheet=BG plan={'sex': '남자', 'day': '화목'}
[2026-06-17 20:19:21] 회원가입 폼 진입 완료
[2026-06-17 20:19:23] 우편번호 검색 query=대구 북구 동천로 97
[2026-06-17 20:19:25] 우편번호 입력 완료 zip=41426 addr=대구 북구 동천로 97 (동천동, 영남네오빌 아트)
[2026-06-17 20:19:25] 회원가입 제출 클릭 name=최유승 id=integritykpe276 school=대구운암초등학교
[2026-06-17 20:19:26] 회원가입 알림 name=최유승 id=integritykpe276 message=회원 가입하시겠습니까?
[2026-06-17 20:19:27] 회원가입 알림 name=최유승 id=integritykpe276 message=회원 가입에 감사드립니다.
[2026-06-17 20:19:36] 회원가입 검증 완료 name=최유승 day=화목 dialogs=['회원 가입하시겠습니까?', '회원 가입에 감사드립니다.']
[2026-06-17 20:19:36] 수강신청 시도 1 name=최유승 id=integritykpe276
[2026-06-17 20:19:36] 수강신청 시작 name=최유승 sheet=BG day=화목
[2026-06-17 20:19:44] BG 과정 선택 완료 day=화목 course_id=4_30 label='' week_filter=False
[2026-06-17 20:19:44] 수강신청 요일 선택 완료 name=최유승 day=화목
[2026-06-17 20:19:46] 수강신청 1차 제출 완료 name=최유승
[2026-06-17 20:19:50] 수강신청 최종 제출 완료 name=최유승
최유승 신청 완료 / 총 246명, 오늘 71명 추가되었습니다.
[2026-06-17 20:19:51] 기록 저장 완료 name=최유승 total=246 today=71
[2026-06-17 20:19:52] 대상 완료 name=최유승 total=246/250 today=71/75
[2026-06-17 20:19:54] 다음 가입 예약: 2026-06-17 20:28:16까지 대기
[2026-06-17 20:28:16] 신규 대상 시작 plan={'sex': '남자', 'day': '월수'}
[2026-06-17 20:28:19] 회원가입 시도 1/4
[2026-06-17 20:28:19] 회원가입 시작 sheet=BG plan={'sex': '남자', 'day': '월수'}
[2026-06-17 20:28:26] 회원가입 폼 진입 완료
[2026-06-17 20:28:29] 우편번호 검색 query=대구 북구 한강로 17
[2026-06-17 20:28:29] 우편번호 검색 실패 query=대구 북구 한강로 17 error=Error('Locator.count: Execution context was destroyed, most likely because of a navigation')
[2026-06-17 20:28:31] 우편번호 검색 query=대구 북구 한강로 17
[2026-06-17 20:28:31] 주소 지역 불일치 query=대구 북구 한강로 17 result=대구 군위군 군위읍 골안길 17
[2026-06-17 20:28:32] 우편번호 검색 query=대구사수초등학교
[2026-06-17 20:28:32] 우편번호 입력 완료 zip=41492 addr=대구 북구 내곡로 124 (사수동, 사수초등학교)
[2026-06-17 20:28:33] 회원가입 제출 클릭 name=윤한솔 id=narutoperiod80e school=대구사수초등학교
[2026-06-17 20:28:34] 회원가입 알림 name=윤한솔 id=narutoperiod80e message=회원 가입하시겠습니까?
[2026-06-17 20:28:34] 회원가입 알림 name=윤한솔 id=narutoperiod80e message=회원 가입에 감사드립니다.
[2026-06-17 20:28:44] 회원가입 검증 완료 name=윤한솔 day=월수 dialogs=['회원 가입하시겠습니까?', '회원 가입에 감사드립니다.']
[2026-06-17 20:28:44] 수강신청 시도 1 name=윤한솔 id=narutoperiod80e
[2026-06-17 20:28:44] 수강신청 시작 name=윤한솔 sheet=BG day=월수
[2026-06-17 20:28:51] BG 과정 선택 완료 day=월수 course_id=3_29 label='' week_filter=False
[2026-06-17 20:28:51] 수강신청 요일 선택 완료 name=윤한솔 day=월수
[2026-06-17 20:28:53] 수강신청 1차 제출 완료 name=윤한솔
[2026-06-17 20:28:56] 수강신청 최종 제출 완료 name=윤한솔
윤한솔 신청 완료 / 총 247명, 오늘 72명 추가되었습니다.
[2026-06-17 20:28:57] 기록 저장 완료 name=윤한솔 total=247 today=72
[2026-06-17 20:28:58] 대상 완료 name=윤한솔 total=247/250 today=72/75
[2026-06-17 20:29:00] 다음 가입 예약: 2026-06-17 20:34:32까지 대기
[2026-06-17 20:34:32] 신규 대상 시작 plan={'sex': '여자', 'day': '월수'}
[2026-06-17 20:34:34] 회원가입 시도 1/4
[2026-06-17 20:34:34] 회원가입 시작 sheet=BG plan={'sex': '여자', 'day': '월수'}
[2026-06-17 20:34:38] 회원가입 폼 진입 완료
[2026-06-17 20:34:41] 우편번호 검색 query=대구 북구 학남로 100
[2026-06-17 20:34:42] 우편번호 입력 완료 zip=41420 addr=대구 북구 학남로 100 (국우동, 칠곡그린빌 5,6단지)
[2026-06-17 20:34:43] 회원가입 제출 클릭 name=권도연 id=sparkmax88q school=대구학남초등학교
[2026-06-17 20:34:43] 회원가입 알림 name=권도연 id=sparkmax88q message=회원 가입하시겠습니까?
[2026-06-17 20:34:44] 회원가입 알림 name=권도연 id=sparkmax88q message=회원 가입하시겠습니까?
[2026-06-17 20:34:44] 회원가입 알림 name=권도연 id=sparkmax88q message=회원 가입에 감사드립니다.
[2026-06-17 20:34:53] 회원가입 검증 완료 name=권도연 day=월수 dialogs=['회원 가입하시겠습니까?', '회원 가입하시겠습니까?', '회원 가입에 감사드립니다.']
[2026-06-17 20:34:53] 수강신청 시도 1 name=권도연 id=sparkmax88q
[2026-06-17 20:34:53] 수강신청 시작 name=권도연 sheet=BG day=월수
[2026-06-17 20:35:01] BG 과정 선택 완료 day=월수 course_id=3_29 label='' week_filter=False
[2026-06-17 20:35:01] 수강신청 요일 선택 완료 name=권도연 day=월수
[2026-06-17 20:35:03] 수강신청 1차 제출 완료 name=권도연
[2026-06-17 20:35:06] 수강신청 최종 제출 완료 name=권도연
권도연 신청 완료 / 총 248명, 오늘 73명 추가되었습니다.
[2026-06-17 20:35:07] 기록 저장 완료 name=권도연 total=248 today=73
[2026-06-17 20:35:08] 대상 완료 name=권도연 total=248/250 today=73/75
[2026-06-17 20:35:11] 다음 가입 예약: 2026-06-17 20:43:02까지 대기
[2026-06-17 20:43:02] 신규 대상 시작 plan={'sex': '여자', 'day': '화목'}
[2026-06-17 20:43:05] 회원가입 시도 1/4
[2026-06-17 20:43:05] 회원가입 시작 sheet=BG plan={'sex': '여자', 'day': '화목'}
[2026-06-17 20:43:10] 회원가입 폼 진입 완료
[2026-06-17 20:43:12] 우편번호 검색 query=대구 북구 학남로 60
[2026-06-17 20:43:12] 우편번호 검색 실패 query=대구 북구 학남로 60 error=Error('Locator.count: Execution context was destroyed, most likely because of a navigation')
[2026-06-17 20:43:13] 우편번호 검색 query=대구 북구 학남로 60
[2026-06-17 20:43:14] 우편번호 입력 완료 zip=41417 addr=대구 북구 학남로 60 (학정동, 칠곡7주공아파트)
[2026-06-17 20:43:15] 회원가입 제출 클릭 name=김여원 id=speakerfitn6612 school=대구학남초등학교
[2026-06-17 20:43:16] 회원가입 알림 name=김여원 id=speakerfitn6612 message=회원 가입하시겠습니까?
[2026-06-17 20:43:16] 회원가입 알림 name=김여원 id=speakerfitn6612 message=회원 가입에 감사드립니다.
[2026-06-17 20:43:26] 회원가입 검증 완료 name=김여원 day=화목 dialogs=['회원 가입하시겠습니까?', '회원 가입에 감사드립니다.']
[2026-06-17 20:43:26] 수강신청 시도 1 name=김여원 id=speakerfitn6612
[2026-06-17 20:43:26] 수강신청 시작 name=김여원 sheet=BG day=화목
[2026-06-17 20:43:33] BG 과정 선택 완료 day=화목 course_id=4_30 label='' week_filter=False
[2026-06-17 20:43:33] 수강신청 요일 선택 완료 name=김여원 day=화목
[2026-06-17 20:43:35] 수강신청 1차 제출 완료 name=김여원
[2026-06-17 20:43:38] 수강신청 최종 제출 완료 name=김여원
김여원 신청 완료 / 총 249명, 오늘 74명 추가되었습니다.
[2026-06-17 20:43:39] 기록 저장 완료 name=김여원 total=249 today=74
[2026-06-17 20:43:40] 대상 완료 name=김여원 total=249/250 today=74/75
[2026-06-17 20:43:42] 다음 가입 예약: 2026-06-17 20:44:12까지 대기
[2026-06-17 20:44:12] 신규 대상 시작 plan={'sex': '남자', 'day': '화목'}
[2026-06-17 20:44:14] 회원가입 시도 1/4
[2026-06-17 20:44:14] 회원가입 시작 sheet=BG plan={'sex': '남자', 'day': '화목'}
[2026-06-17 20:44:21] 회원가입 폼 진입 완료
[2026-06-17 20:44:24] 우편번호 검색 query=대구 북구 학남로 60
[2026-06-17 20:44:36] 우편번호 검색 query=대구 북구 학남로 60
[2026-06-17 20:44:37] 우편번호 입력 완료 zip=41417 addr=대구 북구 학남로 60 (학정동, 칠곡7주공아파트)
[2026-06-17 20:44:38] 회원가입 제출 클릭 name=노주성 id=communityrag27h school=대구학남초등학교
[2026-06-17 20:44:38] 회원가입 알림 name=노주성 id=communityrag27h message=회원 가입하시겠습니까?
[2026-06-17 20:44:39] 회원가입 알림 name=노주성 id=communityrag27h message=회원 가입에 감사드립니다.
[2026-06-17 20:44:49] 회원가입 검증 완료 name=노주성 day=화목 dialogs=['회원 가입하시겠습니까?', '회원 가입에 감사드립니다.']
[2026-06-17 20:44:49] 수강신청 시도 1 name=노주성 id=communityrag27h
[2026-06-17 20:44:49] 수강신청 시작 name=노주성 sheet=BG day=화목
[2026-06-17 20:44:55] BG 과정 선택 완료 day=화목 course_id=4_30 label='' week_filter=False
[2026-06-17 20:44:55] 수강신청 요일 선택 완료 name=노주성 day=화목
[2026-06-17 20:44:57] 수강신청 1차 제출 완료 name=노주성
[2026-06-17 20:45:01] 수강신청 최종 제출 완료 name=노주성
노주성 신청 완료 / 총 250명, 오늘 75명 추가되었습니다.
[2026-06-17 20:45:01] 기록 저장 완료 name=노주성 total=250 today=75
[2026-06-17 20:45:02] 대상 완료 name=노주성 total=250/250 today=75/75
[2026-06-17 20:45:03] 목표 달성 완료. 현재 BG 누적 250명
