[2026-06-24 13:11:41] 현황 저장 시트 결정: PH + 2기 -> PH2
[2026-06-24 13:11:41] 동작 시작 sheet=PH total=0/300 today=0 active=9:00-21:00
[2026-06-24 13:11:45] 오늘 목표 설정: 105명
[2026-06-24 13:11:47] 다음 가입 예약: 2026-06-24 13:15:11까지 대기
[2026-06-24 13:15:11] 신규 대상 시작 plan={'sex': '여자', 'day': '화목'}
[2026-06-24 13:15:15] 회원가입 시도 1/4
[2026-06-24 13:15:15] 회원가입 시작 sheet=PH plan={'sex': '여자', 'day': '화목'}
[2026-06-24 13:15:24] 회원가입 폼 진입 완료
[2026-06-24 13:15:31] 우편번호 검색 query=경북 포항시 남구 오천읍 정몽주로 702
[2026-06-24 13:15:31] 우편번호 검색 실패 query=경북 포항시 남구 오천읍 정몽주로 702 error=Error('Locator.count: Execution context was destroyed, most likely because of a navigation')
[2026-06-24 13:15:32] 우편번호 검색 query=경북 포항시 남구 오천읍 정몽주로 702
[2026-06-24 13:15:33] 우편번호 입력 완료 zip=37903 addr=경북 포항시 남구 오천읍 정몽주로 702 (구정리, 오천제일맨션)
[2026-06-24 13:15:34] 회원가입 제출 클릭 name=이예슬 id=bakerinnovax600 school=구정초등학교
[2026-06-24 13:15:35] 회원가입 알림 name=이예슬 id=bakerinnovax600 message=회원 가입하시겠습니까?
[2026-06-24 13:15:36] 회원가입 알림 name=이예슬 id=bakerinnovax600 message=회원 가입에 감사드립니다.
[2026-06-24 13:15:46] 회원가입 검증 완료 name=이예슬 day=화목 dialogs=['회원 가입하시겠습니까?', '회원 가입에 감사드립니다.']
[2026-06-24 13:15:46] 수강신청 시도 1 name=이예슬 id=bakerinnovax600
[2026-06-24 13:15:46] 수강신청 시작 name=이예슬 sheet=PH day=화목
[2026-06-24 13:15:55] PH 과정 선택 완료 day=화목 course_id=2_62 label='' week_filter=True
[2026-06-24 13:15:55] 수강신청 요일 선택 완료 name=이예슬 day=화목
[2026-06-24 13:15:57] 수강신청 1차 제출 완료 name=이예슬
[2026-06-24 13:16:01] 수강신청 최종 제출 완료 name=이예슬
이예슬 신청 완료 / 총 1명, 오늘 1명 추가되었습니다.
[2026-06-24 13:16:02] 기록 저장 완료 name=이예슬 total=1 today=1
[2026-06-24 13:16:06] 대상 완료 name=이예슬 total=1/300 today=1/105
[2026-06-24 13:16:11] 다음 가입 예약: 2026-06-24 13:19:45까지 대기
[2026-06-24 13:19:45] 신규 대상 시작 plan={'sex': '남자', 'day': '월수'}
[2026-06-24 13:19:49] 회원가입 시도 1/4
[2026-06-24 13:19:49] 회원가입 시작 sheet=PH plan={'sex': '남자', 'day': '월수'}
[2026-06-24 13:19:55] 회원가입 폼 진입 완료
[2026-06-24 13:19:59] 우편번호 검색 query=경북 포항시 북구 성실로 50
[2026-06-24 13:20:14] 우편번호 검색 query=경북 포항시 북구 성실로 50
[2026-06-24 13:20:17] 우편번호 입력 완료 zip=37615 addr=경북 포항시 북구 성실로 50 (장성동, 현진에버빌2단지아파트)
[2026-06-24 13:20:19] 회원가입 제출 클릭 name=김민겸 id=silvernocap18n school=장성초등학교
[2026-06-24 13:20:20] 회원가입 알림 name=김민겸 id=silvernocap18n message=회원 가입하시겠습니까?
[2026-06-24 13:20:21] 회원가입 알림 name=김민겸 id=silvernocap18n message=회원 가입에 감사드립니다.
[2026-06-24 13:20:31] 회원가입 검증 완료 name=김민겸 day=월수 dialogs=['회원 가입하시겠습니까?', '회원 가입에 감사드립니다.']
[2026-06-24 13:20:31] 수강신청 시도 1 name=김민겸 id=silvernocap18n
[2026-06-24 13:20:31] 수강신청 시작 name=김민겸 sheet=PH day=월수
[2026-06-24 13:20:41] PH 과정 선택 완료 day=월수 course_id=1_61 label='' week_filter=True
[2026-06-24 13:20:41] 수강신청 요일 선택 완료 name=김민겸 day=월수
[2026-06-24 13:20:43] 수강신청 1차 제출 완료 name=김민겸
[2026-06-24 13:20:48] 수강신청 최종 제출 완료 name=김민겸
김민겸 신청 완료 / 총 2명, 오늘 2명 추가되었습니다.
[2026-06-24 13:20:49] 기록 저장 완료 name=김민겸 total=2 today=2
[2026-06-24 13:20:52] 대상 완료 name=김민겸 total=2/300 today=2/105
[2026-06-24 13:20:56] 다음 가입 예약: 2026-06-24 13:23:36까지 대기
[2026-06-24 13:23:36] 신규 대상 시작 plan={'sex': '여자', 'day': '화목'}
[2026-06-24 13:23:40] 회원가입 시도 1/4
[2026-06-24 13:23:40] 회원가입 시작 sheet=PH plan={'sex': '여자', 'day': '화목'}
[2026-06-24 13:23:48] 회원가입 폼 진입 완료
[2026-06-24 13:23:51] 우편번호 검색 query=경북 포항시 북구 새천년대로1123번길 14
[2026-06-24 13:23:51] 우편번호 검색 실패 query=경북 포항시 북구 새천년대로1123번길 14 error=Error('Locator.count: Frame was detached')
[2026-06-24 13:23:51] 우편번호 검색 query=경북 포항시 북구 새천년대로1123번길 14
[2026-06-24 13:23:53] 우편번호 입력 완료 zip=37628 addr=경북 포항시 북구 새천년대로1123번길 14 (장성동, 창포청구타운)
[2026-06-24 13:23:55] 회원가입 제출 클릭 name=최레아 id=violintbh5568 school=장성초등학교
[2026-06-24 13:23:56] 회원가입 알림 name=최레아 id=violintbh5568 message=회원 가입하시겠습니까?
[2026-06-24 13:23:57] 회원가입 알림 name=최레아 id=violintbh5568 message=회원 가입하시겠습니까?
[2026-06-24 13:23:58] 회원가입 알림 name=최레아 id=violintbh5568 message=회원 가입하시겠습니까?
[2026-06-24 13:23:59] 회원가입 알림 name=최레아 id=violintbh5568 message=회원 가입에 감사드립니다.
[2026-06-24 13:24:09] 회원가입 검증 완료 name=최레아 day=화목 dialogs=['회원 가입하시겠습니까?', '회원 가입하시겠습니까?', '회원 가입하시겠습니까?', '회원 가입에 감사드립니다.']
[2026-06-24 13:24:09] 수강신청 시도 1 name=최레아 id=violintbh5568
[2026-06-24 13:24:09] 수강신청 시작 name=최레아 sheet=PH day=화목
[2026-06-24 13:24:21] PH 과정 선택 완료 day=화목 course_id=2_62 label='' week_filter=True
[2026-06-24 13:24:21] 수강신청 요일 선택 완료 name=최레아 day=화목
[2026-06-24 13:24:24] 수강신청 1차 제출 완료 name=최레아
[2026-06-24 13:24:30] 수강신청 최종 제출 완료 name=최레아
최레아 신청 완료 / 총 3명, 오늘 3명 추가되었습니다.
[2026-06-24 13:24:31] 기록 저장 완료 name=최레아 total=3 today=3
[2026-06-24 13:24:38] 대상 완료 name=최레아 total=3/300 today=3/105
[2026-06-24 13:24:42] 다음 가입 예약: 2026-06-24 13:26:08까지 대기
[2026-06-24 13:26:08] 신규 대상 시작 plan={'sex': '남자', 'day': '월수'}
[2026-06-24 13:26:15] 회원가입 시도 1/4
[2026-06-24 13:26:15] 회원가입 시작 sheet=PH plan={'sex': '남자', 'day': '월수'}
[2026-06-24 13:26:22] 회원가입 폼 진입 완료
[2026-06-24 13:26:25] 우편번호 검색 query=경북 포항시 북구 흥해읍 도음로827번길 9
[2026-06-24 13:26:25] 우편번호 검색 실패 query=경북 포항시 북구 흥해읍 도음로827번길 9 error=Error('Locator.count: Execution context was destroyed, most likely because of a navigation')
[2026-06-24 13:26:26] 우편번호 검색 query=경북 포항시 북구 흥해읍 도음로827번길 9
[2026-06-24 13:26:27] 우편번호 입력 완료 zip=37562 addr=경북 포항시 북구 흥해읍 도음로827번길 9 (학천리)
[2026-06-24 13:26:28] 회원가입 제출 클릭 name=김한결 id=lifetranslaw940 school=학천초등학교
[2026-06-24 13:26:29] 회원가입 알림 name=김한결 id=lifetranslaw940 message=회원 가입하시겠습니까?
[2026-06-24 13:26:30] 회원가입 알림 name=김한결 id=lifetranslaw940 message=회원 가입에 감사드립니다.
[2026-06-24 13:26:41] 회원가입 검증 완료 name=김한결 day=월수 dialogs=['회원 가입하시겠습니까?', '회원 가입에 감사드립니다.']
[2026-06-24 13:26:41] 수강신청 시도 1 name=김한결 id=lifetranslaw940
[2026-06-24 13:26:41] 수강신청 시작 name=김한결 sheet=PH day=월수
[2026-06-24 13:26:50] PH 과정 선택 완료 day=월수 course_id=1_61 label='' week_filter=True
[2026-06-24 13:26:50] 수강신청 요일 선택 완료 name=김한결 day=월수
[2026-06-24 13:26:52] 수강신청 1차 제출 완료 name=김한결
[2026-06-24 13:26:57] 수강신청 최종 제출 완료 name=김한결
김한결 신청 완료 / 총 4명, 오늘 4명 추가되었습니다.
[2026-06-24 13:26:58] 기록 저장 완료 name=김한결 total=4 today=4
[2026-06-24 13:27:01] 대상 완료 name=김한결 total=4/300 today=4/105
[2026-06-24 13:27:04] 다음 가입 예약: 2026-06-24 13:33:14까지 대기
[2026-06-24 13:33:14] 신규 대상 시작 plan={'sex': '여자', 'day': '화목'}
[2026-06-24 13:33:17] 회원가입 시도 1/4
[2026-06-24 13:33:17] 회원가입 시작 sheet=PH plan={'sex': '여자', 'day': '화목'}
[2026-06-24 13:33:23] 회원가입 폼 진입 완료
[2026-06-24 13:33:27] 우편번호 검색 query=경북 포항시 북구 삼흥로32번길 5
[2026-06-24 13:33:28] 주소 지역 불일치 query=경북 포항시 북구 삼흥로32번길 5 result=경북 경주시 한빛길32번길 5
[2026-06-24 13:33:28] 우편번호 검색 query=경북 포항시 북구 삼흥로32번길 5
[2026-06-24 13:33:28] 주소 지역 불일치 query=경북 포항시 북구 삼흥로32번길 5 result=경북 경주시 한빛길32번길 5
[2026-06-24 13:33:29] 우편번호 검색 query=포항동부초등학교
[2026-06-24 13:33:30] 우편번호 입력 완료 zip=37609 addr=경북 포항시 북구 삼흥로32번길 5 (장성동, 럭키장성아파트)
[2026-06-24 13:33:31] 회원가입 제출 클릭 name=정진아 id=culturethera70r school=포항동부초등학교
[2026-06-24 13:33:32] 회원가입 알림 name=정진아 id=culturethera70r message=회원 가입하시겠습니까?
[2026-06-24 13:33:34] 회원가입 알림 name=정진아 id=culturethera70r message=회원 가입에 감사드립니다.
[2026-06-24 13:33:45] 회원가입 검증 완료 name=정진아 day=화목 dialogs=['회원 가입하시겠습니까?', '회원 가입에 감사드립니다.']
[2026-06-24 13:33:45] 수강신청 시도 1 name=정진아 id=culturethera70r
[2026-06-24 13:33:45] 수강신청 시작 name=정진아 sheet=PH day=화목
[2026-06-24 13:33:53] PH 과정 선택 완료 day=화목 course_id=2_62 label='' week_filter=True
[2026-06-24 13:33:53] 수강신청 요일 선택 완료 name=정진아 day=화목
[2026-06-24 13:33:55] 수강신청 1차 제출 완료 name=정진아
[2026-06-24 13:33:59] 수강신청 최종 제출 완료 name=정진아
정진아 신청 완료 / 총 5명, 오늘 5명 추가되었습니다.
[2026-06-24 13:34:00] 기록 저장 완료 name=정진아 total=5 today=5
[2026-06-24 13:34:02] 대상 완료 name=정진아 total=5/300 today=5/105
[2026-06-24 13:34:07] 다음 가입 예약: 2026-06-24 13:35:57까지 대기
[2026-06-24 13:35:57] 신규 대상 시작 plan={'sex': '여자', 'day': '월수'}
[2026-06-24 13:36:00] 회원가입 시도 1/4
[2026-06-24 13:36:00] 회원가입 시작 sheet=PH plan={'sex': '여자', 'day': '월수'}
[2026-06-24 13:36:07] 회원가입 폼 진입 완료
[2026-06-24 13:36:12] 우편번호 검색 query=경북 포항시 북구 대곡로 21 창포아이파크2차아파트
[2026-06-24 13:36:26] 우편번호 검색 query=경북 포항시 북구 대곡로 21 창포아이파크2차아파트
[2026-06-24 13:36:27] 우편번호 입력 완료 zip=37618 addr=경북 포항시 북구 대곡로 21 (두호동, 창포2차아이파크)
[2026-06-24 13:36:29] 회원가입 제출 클릭 name=박다영 id=bruhdirectos619 school=창포초등학교
[2026-06-24 13:36:30] 회원가입 알림 name=박다영 id=bruhdirectos619 message=회원 가입하시겠습니까?
[2026-06-24 13:36:30] 회원가입 알림 name=박다영 id=bruhdirectos619 message=회원 가입에 감사드립니다.
[2026-06-24 13:36:40] 회원가입 검증 완료 name=박다영 day=월수 dialogs=['회원 가입하시겠습니까?', '회원 가입에 감사드립니다.']
[2026-06-24 13:36:40] 수강신청 시도 1 name=박다영 id=bruhdirectos619
[2026-06-24 13:36:40] 수강신청 시작 name=박다영 sheet=PH day=월수
[2026-06-24 13:36:49] PH 과정 선택 완료 day=월수 course_id=1_61 label='' week_filter=True
[2026-06-24 13:36:49] 수강신청 요일 선택 완료 name=박다영 day=월수
[2026-06-24 13:36:51] 수강신청 1차 제출 완료 name=박다영
[2026-06-24 13:36:55] 수강신청 최종 제출 완료 name=박다영
박다영 신청 완료 / 총 6명, 오늘 6명 추가되었습니다.
[2026-06-24 13:36:56] 기록 저장 완료 name=박다영 total=6 today=6
[2026-06-24 13:36:58] 대상 완료 name=박다영 total=6/300 today=6/105
[2026-06-24 13:37:01] 다음 가입 예약: 2026-06-24 13:39:38까지 대기
[2026-06-24 13:39:38] 신규 대상 시작 plan={'sex': '여자', 'day': '화목'}
[2026-06-24 13:39:42] 회원가입 시도 1/4
[2026-06-24 13:39:42] 회원가입 시작 sheet=PH plan={'sex': '여자', 'day': '화목'}
[2026-06-24 13:39:48] 회원가입 폼 진입 완료
[2026-06-24 13:39:50] 우편번호 검색 query=경북 포항시 남구 인덕로 71
[2026-06-24 13:39:50] 우편번호 검색 실패 query=경북 포항시 남구 인덕로 71 error=Error('Locator.count: Execution context was destroyed, most likely because of a navigation')
[2026-06-24 13:39:52] 우편번호 검색 query=경북 포항시 남구 인덕로 71
[2026-06-24 13:39:52] 주소 지역 불일치 query=경북 포항시 남구 인덕로 71 result=대구 군위군 군위읍 경북대로 3426-71
[2026-06-24 13:39:52] 우편번호 검색 query=인덕초등학교
[2026-06-24 13:39:53] 우편번호 입력 완료 zip=37879 addr=경북 포항시 남구 서원재로170번길 9 (인덕동, 인덕초등학교)
[2026-06-24 13:39:56] 회원가입 제출 클릭 name=이시안 id=memoriesgami85s school=인덕초등학교
[2026-06-24 13:39:57] 회원가입 알림 name=이시안 id=memoriesgami85s message=회원 가입하시겠습니까?
[2026-06-24 13:39:58] 회원가입 알림 name=이시안 id=memoriesgami85s message=회원 가입에 감사드립니다.
[2026-06-24 13:40:08] 회원가입 검증 완료 name=이시안 day=화목 dialogs=['회원 가입하시겠습니까?', '회원 가입에 감사드립니다.']
[2026-06-24 13:40:08] 수강신청 시도 1 name=이시안 id=memoriesgami85s
[2026-06-24 13:40:08] 수강신청 시작 name=이시안 sheet=PH day=화목
[2026-06-24 13:40:18] PH 과정 선택 완료 day=화목 course_id=2_62 label='' week_filter=True
[2026-06-24 13:40:18] 수강신청 요일 선택 완료 name=이시안 day=화목
[2026-06-24 13:40:20] 수강신청 1차 제출 완료 name=이시안
[2026-06-24 13:40:24] 수강신청 최종 제출 완료 name=이시안
이시안 신청 완료 / 총 7명, 오늘 7명 추가되었습니다.
[2026-06-24 13:40:25] 기록 저장 완료 name=이시안 total=7 today=7
[2026-06-24 13:40:27] 대상 완료 name=이시안 total=7/300 today=7/105
[2026-06-24 13:40:31] 다음 가입 예약: 2026-06-24 13:44:43까지 대기
[2026-06-24 13:44:43] 신규 대상 시작 plan={'sex': '여자', 'day': '화목'}
[2026-06-24 13:44:47] 회원가입 시도 1/4
[2026-06-24 13:44:47] 회원가입 시작 sheet=PH plan={'sex': '여자', 'day': '화목'}
[2026-06-24 13:44:55] 회원가입 폼 진입 완료
[2026-06-24 13:45:02] 우편번호 검색 query=경북 포항시 북구 새천년대로1123번길 14
[2026-06-24 13:45:02] 우편번호 검색 실패 query=경북 포항시 북구 새천년대로1123번길 14 error=Error('Locator.count: Execution context was destroyed, most likely because of a navigation')
[2026-06-24 13:45:03] 우편번호 검색 query=경북 포항시 북구 새천년대로1123번길 14
[2026-06-24 13:45:04] 우편번호 입력 완료 zip=37628 addr=경북 포항시 북구 새천년대로1123번길 14 (장성동, 창포청구타운)
[2026-06-24 13:45:04] 회원가입 제출 클릭 name=김주아 id=tealunaticpc464 school=장성초등학교
[2026-06-24 13:45:06] 회원가입 알림 name=김주아 id=tealunaticpc464 message=회원 가입하시겠습니까?
[2026-06-24 13:45:07] 회원가입 알림 name=김주아 id=tealunaticpc464 message=회원 가입에 감사드립니다.
[2026-06-24 13:45:17] 회원가입 검증 완료 name=김주아 day=화목 dialogs=['회원 가입하시겠습니까?', '회원 가입에 감사드립니다.']
[2026-06-24 13:45:17] 수강신청 시도 1 name=김주아 id=tealunaticpc464
[2026-06-24 13:45:17] 수강신청 시작 name=김주아 sheet=PH day=화목
[2026-06-24 13:45:26] PH 과정 선택 완료 day=화목 course_id=2_62 label='' week_filter=True
[2026-06-24 13:45:26] 수강신청 요일 선택 완료 name=김주아 day=화목
[2026-06-24 13:45:28] 수강신청 1차 제출 완료 name=김주아
[2026-06-24 13:45:32] 수강신청 최종 제출 완료 name=김주아
김주아 신청 완료 / 총 8명, 오늘 8명 추가되었습니다.
[2026-06-24 13:45:33] 기록 저장 완료 name=김주아 total=8 today=8
[2026-06-24 13:45:36] 대상 완료 name=김주아 total=8/300 today=8/105
[2026-06-24 13:45:40] 다음 가입 예약: 2026-06-24 13:48:16까지 대기
[2026-06-24 13:48:16] 신규 대상 시작 plan={'sex': '여자', 'day': '화목'}
[2026-06-24 13:48:20] 회원가입 시도 1/4
[2026-06-24 13:48:20] 회원가입 시작 sheet=PH plan={'sex': '여자', 'day': '화목'}
[2026-06-24 13:48:26] 회원가입 폼 진입 완료
[2026-06-24 13:48:28] 우편번호 검색 query=경북 포항시 북구 새마을로 2
[2026-06-24 13:48:29] 주소 지역 불일치 query=경북 포항시 북구 새마을로 2 result=전남 구례군 산동면 산수유꽃길로 229-2
[2026-06-24 13:48:30] 우편번호 검색 query=경북 포항시 북구 새마을로 2
[2026-06-24 13:48:30] 주소 지역 불일치 query=경북 포항시 북구 새마을로 2 result=전남 구례군 산동면 산수유꽃길로 229-2
[2026-06-24 13:48:31] 우편번호 검색 query=포항대흥초등학교
[2026-06-24 13:48:32] 우편번호 입력 완료 zip=37646 addr=경북 포항시 북구 용흥로292번길 33 (용흥동, 대흥초등학교)
[2026-06-24 13:48:33] 회원가입 제출 클릭 name=홍시원 id=cloudroblox34v school=포항대흥초등학교
[2026-06-24 13:48:34] 회원가입 알림 name=홍시원 id=cloudroblox34v message=회원 가입하시겠습니까?
[2026-06-24 13:48:35] 회원가입 알림 name=홍시원 id=cloudroblox34v message=회원 가입에 감사드립니다.
[2026-06-24 13:48:47] 회원가입 검증 완료 name=홍시원 day=화목 dialogs=['회원 가입하시겠습니까?', '회원 가입에 감사드립니다.']
[2026-06-24 13:48:47] 수강신청 시도 1 name=홍시원 id=cloudroblox34v
[2026-06-24 13:48:47] 수강신청 시작 name=홍시원 sheet=PH day=화목
[2026-06-24 13:48:56] PH 과정 선택 완료 day=화목 course_id=2_62 label='' week_filter=True
[2026-06-24 13:48:56] 수강신청 요일 선택 완료 name=홍시원 day=화목
[2026-06-24 13:48:58] 수강신청 1차 제출 완료 name=홍시원
[2026-06-24 13:49:02] 수강신청 최종 제출 완료 name=홍시원
홍시원 신청 완료 / 총 9명, 오늘 9명 추가되었습니다.
[2026-06-24 13:49:03] 기록 저장 완료 name=홍시원 total=9 today=9
[2026-06-24 13:49:05] 대상 완료 name=홍시원 total=9/300 today=9/105
[2026-06-24 13:49:07] 다음 가입 예약: 2026-06-24 13:54:46까지 대기
[2026-06-24 13:54:46] 신규 대상 시작 plan={'sex': '남자', 'day': '월수'}
[2026-06-24 13:54:50] 회원가입 시도 1/4
[2026-06-24 13:54:50] 회원가입 시작 sheet=PH plan={'sex': '남자', 'day': '월수'}
[2026-06-24 13:54:57] 회원가입 폼 진입 완료
[2026-06-24 13:54:59] 우편번호 검색 query=경북 포항시 북구 우창동로 129 중해마루힐
[2026-06-24 13:55:00] 우편번호 검색 실패 query=경북 포항시 북구 우창동로 129 중해마루힐 error=Error('Locator.count: Execution context was destroyed, most likely because of a navigation')
[2026-06-24 13:55:01] 우편번호 검색 query=경북 포항시 북구 우창동로 129 중해마루힐
[2026-06-24 13:55:02] 우편번호 입력 완료 zip=37636 addr=경북 포항시 북구 우창동로 129 (우현동, 중해마루힐)
[2026-06-24 13:55:05] 회원가입 제출 클릭 name=최재혁 id=litshiningac177 school=포항중앙초등학교
[2026-06-24 13:55:06] 회원가입 알림 name=최재혁 id=litshiningac177 message=회원 가입하시겠습니까?
[2026-06-24 13:55:07] 회원가입 알림 name=최재혁 id=litshiningac177 message=회원 가입에 감사드립니다.
[2026-06-24 13:55:16] 회원가입 검증 완료 name=최재혁 day=월수 dialogs=['회원 가입하시겠습니까?', '회원 가입에 감사드립니다.']
[2026-06-24 13:55:16] 수강신청 시도 1 name=최재혁 id=litshiningac177
[2026-06-24 13:55:16] 수강신청 시작 name=최재혁 sheet=PH day=월수
[2026-06-24 13:55:25] PH 과정 선택 완료 day=월수 course_id=1_61 label='' week_filter=True
[2026-06-24 13:55:25] 수강신청 요일 선택 완료 name=최재혁 day=월수
[2026-06-24 13:55:27] 수강신청 1차 제출 완료 name=최재혁
[2026-06-24 13:55:31] 수강신청 최종 제출 완료 name=최재혁
최재혁 신청 완료 / 총 10명, 오늘 10명 추가되었습니다.
[2026-06-24 13:55:32] 기록 저장 완료 name=최재혁 total=10 today=10
[2026-06-24 13:55:34] 대상 완료 name=최재혁 total=10/300 today=10/105
[2026-06-24 13:55:37] 다음 가입 예약: 2026-06-24 13:58:01까지 대기
[2026-06-24 13:58:01] 신규 대상 시작 plan={'sex': '여자', 'day': '화목'}
[2026-06-24 13:58:05] 회원가입 시도 1/4
[2026-06-24 13:58:05] 회원가입 시작 sheet=PH plan={'sex': '여자', 'day': '화목'}
[2026-06-24 13:58:16] 회원가입 폼 진입 완료
[2026-06-24 13:58:21] 우편번호 검색 query=경북 포항시 북구 흥해읍 남성리 587-1
[2026-06-24 13:58:21] 우편번호 검색 실패 query=경북 포항시 북구 흥해읍 남성리 587-1 error=Error('Locator.count: Execution context was destroyed, most likely because of a navigation')
[2026-06-24 13:58:22] 우편번호 검색 query=경북 포항시 북구 흥해읍 남성리 587-1
[2026-06-24 13:58:22] 주소 지역 불일치 query=경북 포항시 북구 흥해읍 남성리 587-1 result=경북 구미시 무을면 상무로 587-1
[2026-06-24 13:58:22] 우편번호 검색 query=흥해남산초등학교
[2026-06-24 13:58:36] 우편번호 검색 query=흥해남산초등학교
[2026-06-24 13:58:37] 우편번호 입력 완료 zip=37546 addr=경북 포항시 북구 흥해읍 남미질로 26 (남성리, 흥해남산초등학교)
[2026-06-24 13:58:39] 회원가입 제출 클릭 name=주연우 id=ultrakpop9337 school=흥해남산초등학교
[2026-06-24 13:58:40] 회원가입 알림 name=주연우 id=ultrakpop9337 message=회원 가입하시겠습니까?
[2026-06-24 13:58:41] 회원가입 알림 name=주연우 id=ultrakpop9337 message=회원 가입에 감사드립니다.
[2026-06-24 13:58:51] 회원가입 검증 완료 name=주연우 day=화목 dialogs=['회원 가입하시겠습니까?', '회원 가입에 감사드립니다.']
[2026-06-24 13:58:51] 수강신청 시도 1 name=주연우 id=ultrakpop9337
[2026-06-24 13:58:51] 수강신청 시작 name=주연우 sheet=PH day=화목
[2026-06-24 13:58:59] PH 과정 선택 완료 day=화목 course_id=2_62 label='' week_filter=True
[2026-06-24 13:58:59] 수강신청 요일 선택 완료 name=주연우 day=화목
[2026-06-24 13:59:01] 수강신청 1차 제출 완료 name=주연우
[2026-06-24 13:59:05] 수강신청 최종 제출 완료 name=주연우
주연우 신청 완료 / 총 11명, 오늘 11명 추가되었습니다.
[2026-06-24 13:59:06] 기록 저장 완료 name=주연우 total=11 today=11
[2026-06-24 13:59:08] 대상 완료 name=주연우 total=11/300 today=11/105
[2026-06-24 13:59:11] 다음 가입 예약: 2026-06-24 14:02:17까지 대기
[2026-06-24 14:02:17] 신규 대상 시작 plan={'sex': '여자', 'day': '화목'}
[2026-06-24 14:02:21] 회원가입 시도 1/4
[2026-06-24 14:02:21] 회원가입 시작 sheet=PH plan={'sex': '여자', 'day': '화목'}
[2026-06-24 14:02:30] 회원가입 폼 진입 완료
[2026-06-24 14:02:36] 우편번호 검색 query=경북 포항시 북구 환호공원길 53-4
[2026-06-24 14:02:37] 우편번호 입력 완료 zip=37600 addr=경북 포항시 북구 환호공원길 53-4 (환호동, 해변타운)
[2026-06-24 14:02:38] 회원가입 제출 클릭 name=박혜원 id=omegashinin1839 school=포항해맞이초등학교
[2026-06-24 14:02:39] 회원가입 알림 name=박혜원 id=omegashinin1839 message=회원 가입하시겠습니까?
[2026-06-24 14:02:40] 회원가입 알림 name=박혜원 id=omegashinin1839 message=회원 가입에 감사드립니다.
[2026-06-24 14:02:50] 회원가입 검증 완료 name=박혜원 day=화목 dialogs=['회원 가입하시겠습니까?', '회원 가입에 감사드립니다.']
[2026-06-24 14:02:50] 수강신청 시도 1 name=박혜원 id=omegashinin1839
[2026-06-24 14:02:50] 수강신청 시작 name=박혜원 sheet=PH day=화목
[2026-06-24 14:02:59] PH 과정 선택 완료 day=화목 course_id=2_62 label='' week_filter=True
[2026-06-24 14:02:59] 수강신청 요일 선택 완료 name=박혜원 day=화목
[2026-06-24 14:03:01] 수강신청 1차 제출 완료 name=박혜원
[2026-06-24 14:03:05] 수강신청 최종 제출 완료 name=박혜원
박혜원 신청 완료 / 총 12명, 오늘 12명 추가되었습니다.
[2026-06-24 14:03:06] 기록 저장 완료 name=박혜원 total=12 today=12
[2026-06-24 14:03:08] 대상 완료 name=박혜원 total=12/300 today=12/105
[2026-06-24 14:03:11] 다음 가입 예약: 2026-06-24 14:07:01까지 대기
[2026-06-24 14:07:01] 신규 대상 시작 plan={'sex': '남자', 'day': '화목'}
[2026-06-24 14:07:04] 회원가입 시도 1/4
[2026-06-24 14:07:04] 회원가입 시작 sheet=PH plan={'sex': '남자', 'day': '화목'}
[2026-06-24 14:07:10] 회원가입 폼 진입 완료
[2026-06-24 14:07:14] 우편번호 검색 query=경북 포항시 남구 대해로79번길 14-10 성경빌라
[2026-06-24 14:07:15] 우편번호 입력 완료 zip=37779 addr=경북 포항시 남구 대해로79번길 14-10 (대도동, 성경빌라)
[2026-06-24 14:07:16] 회원가입 제출 클릭 name=이시형 id=mindfulnesss52t school=상대초등학교
[2026-06-24 14:07:17] 회원가입 알림 name=이시형 id=mindfulnesss52t message=회원 가입하시겠습니까?
[2026-06-24 14:07:18] 회원가입 알림 name=이시형 id=mindfulnesss52t message=회원 가입에 감사드립니다.
[2026-06-24 14:07:28] 회원가입 검증 완료 name=이시형 day=화목 dialogs=['회원 가입하시겠습니까?', '회원 가입에 감사드립니다.']
[2026-06-24 14:07:28] 수강신청 시도 1 name=이시형 id=mindfulnesss52t
[2026-06-24 14:07:28] 수강신청 시작 name=이시형 sheet=PH day=화목
[2026-06-24 14:07:36] PH 과정 선택 완료 day=화목 course_id=2_62 label='' week_filter=True
[2026-06-24 14:07:36] 수강신청 요일 선택 완료 name=이시형 day=화목
[2026-06-24 14:07:38] 수강신청 1차 제출 완료 name=이시형
[2026-06-24 14:07:42] 수강신청 최종 제출 완료 name=이시형
이시형 신청 완료 / 총 13명, 오늘 13명 추가되었습니다.
[2026-06-24 14:07:43] 기록 저장 완료 name=이시형 total=13 today=13
[2026-06-24 14:07:45] 대상 완료 name=이시형 total=13/300 today=13/105
[2026-06-24 14:07:47] 다음 가입 예약: 2026-06-24 14:11:28까지 대기
[2026-06-24 14:11:28] 신규 대상 시작 plan={'sex': '남자', 'day': '월수'}
[2026-06-24 14:11:31] 회원가입 시도 1/4
[2026-06-24 14:11:31] 회원가입 시작 sheet=PH plan={'sex': '남자', 'day': '월수'}
[2026-06-24 14:11:38] 회원가입 폼 진입 완료
[2026-06-24 14:11:42] 우편번호 검색 query=경북 포항시 북구 흥해읍 도음로827번길 9
[2026-06-24 14:11:43] 우편번호 입력 완료 zip=37562 addr=경북 포항시 북구 흥해읍 도음로827번길 9 (학천리)
[2026-06-24 14:11:45] 회원가입 제출 클릭 name=송태원 id=supernovase8124 school=학천초등학교
[2026-06-24 14:11:46] 회원가입 알림 name=송태원 id=supernovase8124 message=아이디를 입력해 주세요.
[2026-06-24 14:11:47] 회원가입 알림 name=송태원 id=supernovase8124 message=아이디를 입력해 주세요.
[2026-06-24 14:11:50] 회원가입 실패 try=1 error=RuntimeError("회원가입 성공 확인 실패 name=송태원 id=supernovase8124 dialogs=['아이디를 입력해 주세요.', '아이디를 입력해 주세요.']")
[2026-06-24 14:11:51] 회원가입 시도 2/4
[2026-06-24 14:11:51] 회원가입 시작 sheet=PH plan={'sex': '남자', 'day': '월수'}
[2026-06-24 14:11:54] 회원가입 폼 진입 완료
[2026-06-24 14:11:57] 우편번호 검색 query=경북 포항시 북구 이인로 56 포항역삼구트리니엔
[2026-06-24 14:11:58] 우편번호 입력 완료 zip=37566 addr=경북 포항시 북구 흥해읍 이인로 56 (이인리, 포항역삼구트리니엔)
[2026-06-24 14:11:59] 회원가입 제출 클릭 name=박원준 id=cloudrequese340 school=학천초등학교
[2026-06-24 14:12:00] 회원가입 알림 name=박원준 id=cloudrequese340 message=회원 가입하시겠습니까?
[2026-06-24 14:12:00] 회원가입 알림 name=박원준 id=cloudrequese340 message=회원 가입에 감사드립니다.
[2026-06-24 14:12:11] 회원가입 검증 완료 name=박원준 day=월수 dialogs=['회원 가입하시겠습니까?', '회원 가입에 감사드립니다.']
[2026-06-24 14:12:11] 수강신청 시도 1 name=박원준 id=cloudrequese340
[2026-06-24 14:12:11] 수강신청 시작 name=박원준 sheet=PH day=월수
[2026-06-24 14:12:22] PH 과정 선택 완료 day=월수 course_id=1_61 label='' week_filter=True
[2026-06-24 14:12:22] 수강신청 요일 선택 완료 name=박원준 day=월수
[2026-06-24 14:12:24] 수강신청 1차 제출 완료 name=박원준
[2026-06-24 14:12:29] 수강신청 최종 제출 완료 name=박원준
박원준 신청 완료 / 총 14명, 오늘 14명 추가되었습니다.
[2026-06-24 14:12:31] 기록 저장 완료 name=박원준 total=14 today=14
[2026-06-24 14:12:41] 대상 완료 name=박원준 total=14/300 today=14/105
[2026-06-24 14:12:44] 다음 가입 예약: 2026-06-24 14:16:10까지 대기
[2026-06-24 14:16:10] 신규 대상 시작 plan={'sex': '남자', 'day': '월수'}
[2026-06-24 14:16:16] 회원가입 시도 1/4
[2026-06-24 14:16:16] 회원가입 시작 sheet=PH plan={'sex': '남자', 'day': '월수'}
[2026-06-24 14:16:24] 회원가입 폼 진입 완료
[2026-06-24 14:16:28] 우편번호 검색 query=경북 포항시 북구 우창로 20
[2026-06-24 14:16:28] 주소 지역 불일치 query=경북 포항시 북구 우창로 20 result=대구 군위군 군위읍 경북대로 3300-20
[2026-06-24 14:16:29] 우편번호 검색 query=경북 포항시 북구 우창로 20
[2026-06-24 14:16:29] 주소 지역 불일치 query=경북 포항시 북구 우창로 20 result=대구 군위군 군위읍 경북대로 3300-20
[2026-06-24 14:16:29] 우편번호 검색 query=포항중앙초등학교
[2026-06-24 14:16:30] 우편번호 입력 완료 zip=37636 addr=경북 포항시 북구 우창동로 73 (우현동, 포항중앙초등학교)
[2026-06-24 14:16:32] 회원가입 제출 클릭 name=한종현 id=charmingblac90d school=포항중앙초등학교
[2026-06-24 14:16:33] 회원가입 알림 name=한종현 id=charmingblac90d message=회원 가입하시겠습니까?
[2026-06-24 14:16:34] 회원가입 알림 name=한종현 id=charmingblac90d message=회원 가입에 감사드립니다.
[2026-06-24 14:16:43] 회원가입 검증 완료 name=한종현 day=월수 dialogs=['회원 가입하시겠습니까?', '회원 가입에 감사드립니다.']
[2026-06-24 14:16:43] 수강신청 시도 1 name=한종현 id=charmingblac90d
[2026-06-24 14:16:43] 수강신청 시작 name=한종현 sheet=PH day=월수
[2026-06-24 14:16:52] PH 과정 선택 완료 day=월수 course_id=1_61 label='' week_filter=True
[2026-06-24 14:16:52] 수강신청 요일 선택 완료 name=한종현 day=월수
[2026-06-24 14:16:54] 수강신청 1차 제출 완료 name=한종현
[2026-06-24 14:16:58] 수강신청 최종 제출 완료 name=한종현
한종현 신청 완료 / 총 15명, 오늘 15명 추가되었습니다.
[2026-06-24 14:16:59] 기록 저장 완료 name=한종현 total=15 today=15
[2026-06-24 14:17:02] 대상 완료 name=한종현 total=15/300 today=15/105
[2026-06-24 14:17:06] 다음 가입 예약: 2026-06-24 14:20:59까지 대기
[2026-06-24 14:20:59] 신규 대상 시작 plan={'sex': '여자', 'day': '화목'}
[2026-06-24 14:21:02] 회원가입 시도 1/4
[2026-06-24 14:21:02] 회원가입 시작 sheet=PH plan={'sex': '여자', 'day': '화목'}
[2026-06-24 14:21:07] 회원가입 폼 진입 완료
[2026-06-24 14:21:10] 우편번호 검색 query=경북 포항시 북구 성실로 50
[2026-06-24 14:21:12] 우편번호 입력 완료 zip=37615 addr=경북 포항시 북구 성실로 50 (장성동, 현진에버빌2단지아파트)
[2026-06-24 14:21:14] 회원가입 제출 클릭 name=황다미 id=facilitatorq279 school=장성초등학교
[2026-06-24 14:21:15] 회원가입 알림 name=황다미 id=facilitatorq279 message=회원 가입하시겠습니까?
[2026-06-24 14:21:15] 회원가입 알림 name=황다미 id=facilitatorq279 message=회원 가입에 감사드립니다.
[2026-06-24 14:21:25] 회원가입 검증 완료 name=황다미 day=화목 dialogs=['회원 가입하시겠습니까?', '회원 가입에 감사드립니다.']
[2026-06-24 14:21:25] 수강신청 시도 1 name=황다미 id=facilitatorq279
[2026-06-24 14:21:25] 수강신청 시작 name=황다미 sheet=PH day=화목
[2026-06-24 14:21:34] PH 과정 선택 완료 day=화목 course_id=2_62 label='' week_filter=True
[2026-06-24 14:21:34] 수강신청 요일 선택 완료 name=황다미 day=화목
[2026-06-24 14:21:36] 수강신청 1차 제출 완료 name=황다미
[2026-06-24 14:21:39] 수강신청 최종 제출 완료 name=황다미
황다미 신청 완료 / 총 16명, 오늘 16명 추가되었습니다.
[2026-06-24 14:21:40] 기록 저장 완료 name=황다미 total=16 today=16
[2026-06-24 14:21:42] 대상 완료 name=황다미 total=16/300 today=16/105
[2026-06-24 14:21:44] 다음 가입 예약: 2026-06-24 14:26:40까지 대기
[2026-06-24 14:26:40] 신규 대상 시작 plan={'sex': '남자', 'day': '화목'}
[2026-06-24 14:26:42] 회원가입 시도 1/4
[2026-06-24 14:26:42] 회원가입 시작 sheet=PH plan={'sex': '남자', 'day': '화목'}
[2026-06-24 14:26:48] 회원가입 폼 진입 완료
[2026-06-24 14:26:51] 우편번호 검색 query=경북 포항시 북구 새천년대로1075번길 10
[2026-06-24 14:26:54] 우편번호 입력 완료 zip=37630 addr=경북 포항시 북구 새천년대로1075번길 10 (창포동, 창포주공1단지아파트)
[2026-06-24 14:26:54] 회원가입 제출 클릭 name=김세윤 id=sparkrager21j school=창포초등학교
[2026-06-24 14:26:55] 회원가입 알림 name=김세윤 id=sparkrager21j message=회원 가입하시겠습니까?
[2026-06-24 14:26:56] 회원가입 알림 name=김세윤 id=sparkrager21j message=회원 가입에 감사드립니다.
[2026-06-24 14:27:06] 회원가입 검증 완료 name=김세윤 day=화목 dialogs=['회원 가입하시겠습니까?', '회원 가입에 감사드립니다.']
[2026-06-24 14:27:06] 수강신청 시도 1 name=김세윤 id=sparkrager21j
[2026-06-24 14:27:06] 수강신청 시작 name=김세윤 sheet=PH day=화목
[2026-06-24 14:27:15] PH 과정 선택 완료 day=화목 course_id=2_62 label='' week_filter=True
[2026-06-24 14:27:15] 수강신청 요일 선택 완료 name=김세윤 day=화목
[2026-06-24 14:27:16] 수강신청 1차 제출 완료 name=김세윤
[2026-06-24 14:27:20] 수강신청 최종 제출 완료 name=김세윤
김세윤 신청 완료 / 총 17명, 오늘 17명 추가되었습니다.
[2026-06-24 14:27:21] 기록 저장 완료 name=김세윤 total=17 today=17
[2026-06-24 14:27:23] 대상 완료 name=김세윤 total=17/300 today=17/105
[2026-06-24 14:27:25] 다음 가입 예약: 2026-06-24 14:30:36까지 대기
[2026-06-24 14:30:36] 신규 대상 시작 plan={'sex': '여자', 'day': '화목'}
[2026-06-24 14:30:39] 회원가입 시도 1/4
[2026-06-24 14:30:39] 회원가입 시작 sheet=PH plan={'sex': '여자', 'day': '화목'}
[2026-06-24 14:30:44] 회원가입 폼 진입 완료
[2026-06-24 14:30:49] 우편번호 검색 query=경북 포항시 북구 새마을로 2
[2026-06-24 14:30:50] 우편번호 입력 완료 zip=37652 addr=경북 포항시 북구 새마을로 2 (용흥동, 용흥현대1차타워아파트)
[2026-06-24 14:30:51] 회원가입 제출 클릭 name=정이솜 id=logicvalueb49 school=포항대흥초등학교
[2026-06-24 14:30:52] 회원가입 알림 name=정이솜 id=logicvalueb49 message=회원 가입하시겠습니까?
[2026-06-24 14:30:53] 회원가입 알림 name=정이솜 id=logicvalueb49 message=회원 가입에 감사드립니다.
[2026-06-24 14:31:02] 회원가입 검증 완료 name=정이솜 day=화목 dialogs=['회원 가입하시겠습니까?', '회원 가입에 감사드립니다.']
[2026-06-24 14:31:02] 수강신청 시도 1 name=정이솜 id=logicvalueb49
[2026-06-24 14:31:02] 수강신청 시작 name=정이솜 sheet=PH day=화목
[2026-06-24 14:31:11] PH 과정 선택 완료 day=화목 course_id=2_62 label='' week_filter=True
[2026-06-24 14:31:11] 수강신청 요일 선택 완료 name=정이솜 day=화목
[2026-06-24 14:31:12] 수강신청 1차 제출 완료 name=정이솜
[2026-06-24 14:31:16] 수강신청 최종 제출 완료 name=정이솜
정이솜 신청 완료 / 총 18명, 오늘 18명 추가되었습니다.
[2026-06-24 14:31:17] 기록 저장 완료 name=정이솜 total=18 today=18
[2026-06-24 14:31:18] 대상 완료 name=정이솜 total=18/300 today=18/105
[2026-06-24 14:31:21] 다음 가입 예약: 2026-06-24 14:35:09까지 대기
[2026-06-24 14:35:09] 신규 대상 시작 plan={'sex': '여자', 'day': '화목'}
[2026-06-24 14:35:12] 회원가입 시도 1/4
[2026-06-24 14:35:12] 회원가입 시작 sheet=PH plan={'sex': '여자', 'day': '화목'}
[2026-06-24 14:35:18] 회원가입 폼 진입 완료
[2026-06-24 14:35:22] 우편번호 검색 query=경북 포항시 북구 삼호로 391
[2026-06-24 14:35:22] 우편번호 검색 실패 query=경북 포항시 북구 삼호로 391 error=Error('Locator.count: Execution context was destroyed, most likely because of a navigation')
[2026-06-24 14:35:23] 우편번호 검색 query=경북 포항시 북구 삼호로 391
[2026-06-24 14:35:24] 우편번호 입력 완료 zip=37604 addr=경북 포항시 북구 삼호로 391 (환호동, 환호해맞이그린빌)
[2026-06-24 14:35:25] 회원가입 제출 클릭 name=김아윤 id=crashyspeci8691 school=포항해맞이초등학교
[2026-06-24 14:35:26] 회원가입 알림 name=김아윤 id=crashyspeci8691 message=회원 가입하시겠습니까?
[2026-06-24 14:35:27] 회원가입 알림 name=김아윤 id=crashyspeci8691 message=회원 가입에 감사드립니다.
[2026-06-24 14:35:37] 회원가입 검증 완료 name=김아윤 day=화목 dialogs=['회원 가입하시겠습니까?', '회원 가입에 감사드립니다.']
[2026-06-24 14:35:37] 수강신청 시도 1 name=김아윤 id=crashyspeci8691
[2026-06-24 14:35:37] 수강신청 시작 name=김아윤 sheet=PH day=화목
[2026-06-24 14:35:45] PH 과정 선택 완료 day=화목 course_id=2_62 label='' week_filter=True
[2026-06-24 14:35:45] 수강신청 요일 선택 완료 name=김아윤 day=화목
[2026-06-24 14:35:47] 수강신청 1차 제출 완료 name=김아윤
[2026-06-24 14:35:51] 수강신청 최종 제출 완료 name=김아윤
김아윤 신청 완료 / 총 19명, 오늘 19명 추가되었습니다.
[2026-06-24 14:35:51] 기록 저장 완료 name=김아윤 total=19 today=19
[2026-06-24 14:35:53] 대상 완료 name=김아윤 total=19/300 today=19/105
[2026-06-24 14:35:56] 다음 가입 예약: 2026-06-24 14:39:08까지 대기
[2026-06-24 14:39:08] 신규 대상 시작 plan={'sex': '남자', 'day': '월수'}
[2026-06-24 14:39:11] 회원가입 시도 1/4
[2026-06-24 14:39:11] 회원가입 시작 sheet=PH plan={'sex': '남자', 'day': '월수'}
[2026-06-24 14:39:17] 회원가입 폼 진입 완료
[2026-06-24 14:39:20] 우편번호 검색 query=경북 포항시 남구 정몽주로861번길 19
[2026-06-24 14:39:33] 우편번호 검색 query=경북 포항시 남구 정몽주로861번길 19
[2026-06-24 14:39:34] 우편번호 입력 완료 zip=37899 addr=경북 포항시 남구 정몽주로861번길 19 (청림동, 진달래1차아파트)
[2026-06-24 14:39:35] 회원가입 제출 클릭 name=이윤준 id=communicator10p school=인덕초등학교
[2026-06-24 14:39:36] 회원가입 알림 name=이윤준 id=communicator10p message=회원 가입하시겠습니까?
[2026-06-24 14:39:37] 회원가입 알림 name=이윤준 id=communicator10p message=회원 가입에 감사드립니다.
[2026-06-24 14:39:47] 회원가입 검증 완료 name=이윤준 day=월수 dialogs=['회원 가입하시겠습니까?', '회원 가입에 감사드립니다.']
[2026-06-24 14:39:47] 수강신청 시도 1 name=이윤준 id=communicator10p
[2026-06-24 14:39:47] 수강신청 시작 name=이윤준 sheet=PH day=월수
[2026-06-24 14:39:55] PH 과정 선택 완료 day=월수 course_id=1_61 label='' week_filter=True
[2026-06-24 14:39:55] 수강신청 요일 선택 완료 name=이윤준 day=월수
[2026-06-24 14:39:57] 수강신청 1차 제출 완료 name=이윤준
[2026-06-24 14:40:01] 수강신청 최종 제출 완료 name=이윤준
이윤준 신청 완료 / 총 20명, 오늘 20명 추가되었습니다.
[2026-06-24 14:40:02] 기록 저장 완료 name=이윤준 total=20 today=20
[2026-06-24 14:40:10] 대상 완료 name=이윤준 total=20/300 today=20/105
[2026-06-24 14:40:15] 다음 가입 예약: 2026-06-24 14:43:22까지 대기
[2026-06-24 14:43:22] 신규 대상 시작 plan={'sex': '여자', 'day': '화목'}
[2026-06-24 14:43:25] 회원가입 시도 1/4
[2026-06-24 14:43:25] 회원가입 시작 sheet=PH plan={'sex': '여자', 'day': '화목'}
[2026-06-24 14:43:34] 회원가입 폼 진입 완료
[2026-06-24 14:43:36] 우편번호 검색 query=경북 포항시 북구 중흥로161번길 30
[2026-06-24 14:43:48] 우편번호 검색 query=경북 포항시 북구 중흥로161번길 30
[2026-06-24 14:43:48] 우편번호 검색 실패 query=경북 포항시 북구 중흥로161번길 30 error=Error('Locator.count: Execution context was destroyed, most likely because of a navigation')
[2026-06-24 14:43:49] 우편번호 검색 query=상대초등학교
[2026-06-24 14:43:50] 우편번호 입력 완료 zip=37826 addr=경북 포항시 남구 상공로92번길 25-10 (대도동, 대도초등학교)
[2026-06-24 14:43:51] 회원가입 제출 클릭 name=정은서 id=kindnesswri3082 school=상대초등학교
[2026-06-24 14:43:52] 회원가입 알림 name=정은서 id=kindnesswri3082 message=회원 가입하시겠습니까?
[2026-06-24 14:43:52] 회원가입 알림 name=정은서 id=kindnesswri3082 message=회원 가입에 감사드립니다.
[2026-06-24 14:44:02] 회원가입 검증 완료 name=정은서 day=화목 dialogs=['회원 가입하시겠습니까?', '회원 가입에 감사드립니다.']
[2026-06-24 14:44:02] 수강신청 시도 1 name=정은서 id=kindnesswri3082
[2026-06-24 14:44:02] 수강신청 시작 name=정은서 sheet=PH day=화목
[2026-06-24 14:44:11] PH 과정 선택 완료 day=화목 course_id=2_62 label='' week_filter=True
[2026-06-24 14:44:11] 수강신청 요일 선택 완료 name=정은서 day=화목
[2026-06-24 14:44:13] 수강신청 1차 제출 완료 name=정은서
[2026-06-24 14:44:18] 수강신청 최종 제출 완료 name=정은서
정은서 신청 완료 / 총 21명, 오늘 21명 추가되었습니다.
[2026-06-24 14:44:18] 기록 저장 완료 name=정은서 total=21 today=21
[2026-06-24 14:44:21] 대상 완료 name=정은서 total=21/300 today=21/105
[2026-06-24 14:44:25] 다음 가입 예약: 2026-06-24 14:48:29까지 대기
[2026-06-24 14:48:29] 신규 대상 시작 plan={'sex': '여자', 'day': '화목'}
[2026-06-24 14:48:32] 회원가입 시도 1/4
[2026-06-24 14:48:32] 회원가입 시작 sheet=PH plan={'sex': '여자', 'day': '화목'}
[2026-06-24 14:48:39] 회원가입 폼 진입 완료
[2026-06-24 14:48:41] 우편번호 검색 query=경북 포항시 남구 지곡로 294
[2026-06-24 14:48:41] 우편번호 검색 실패 query=경북 포항시 남구 지곡로 294 error=Error('Locator.count: Frame was detached')
[2026-06-24 14:48:42] 우편번호 검색 query=경북 포항시 남구 지곡로 294
[2026-06-24 14:48:55] 우편번호 검색 query=달전초등학교
[2026-06-24 14:48:56] 우편번호 입력 완료 zip=37566 addr=경북 포항시 북구 흥해읍 달전로 215 (이인리, 달전초등학교)
[2026-06-24 14:48:57] 회원가입 제출 클릭 name=김민희 id=facilitator2790 school=달전초등학교
[2026-06-24 14:48:58] 회원가입 알림 name=김민희 id=facilitator2790 message=회원 가입하시겠습니까?
[2026-06-24 14:48:58] 회원가입 알림 name=김민희 id=facilitator2790 message=회원 가입에 감사드립니다.
[2026-06-24 14:49:08] 회원가입 검증 완료 name=김민희 day=화목 dialogs=['회원 가입하시겠습니까?', '회원 가입에 감사드립니다.']
[2026-06-24 14:49:08] 수강신청 시도 1 name=김민희 id=facilitator2790
[2026-06-24 14:49:08] 수강신청 시작 name=김민희 sheet=PH day=화목
[2026-06-24 14:49:17] PH 과정 선택 완료 day=화목 course_id=2_62 label='' week_filter=True
[2026-06-24 14:49:17] 수강신청 요일 선택 완료 name=김민희 day=화목
[2026-06-24 14:49:19] 수강신청 1차 제출 완료 name=김민희
[2026-06-24 14:49:22] 수강신청 최종 제출 완료 name=김민희
김민희 신청 완료 / 총 22명, 오늘 22명 추가되었습니다.
[2026-06-24 14:49:23] 기록 저장 완료 name=김민희 total=22 today=22
[2026-06-24 14:49:24] 대상 완료 name=김민희 total=22/300 today=22/105
[2026-06-24 14:49:27] 다음 가입 예약: 2026-06-24 14:52:02까지 대기
[2026-06-24 14:52:02] 신규 대상 시작 plan={'sex': '남자', 'day': '월수'}
[2026-06-24 14:52:05] 회원가입 시도 1/4
[2026-06-24 14:52:05] 회원가입 시작 sheet=PH plan={'sex': '남자', 'day': '월수'}
[2026-06-24 14:52:14] 회원가입 폼 진입 완료
[2026-06-24 14:52:18] 우편번호 검색 query=경북 포항시 북구 흥해읍 중성로32번길 30-1
[2026-06-24 14:52:32] 우편번호 검색 query=경북 포항시 북구 흥해읍 중성로32번길 30-1
[2026-06-24 14:52:33] 우편번호 입력 완료 zip=37545 addr=경북 포항시 북구 흥해읍 중성로32번길 30-1 (남성리, 대동빌라)
[2026-06-24 14:52:34] 회원가입 제출 클릭 name=정세훈 id=helpfulkid77u school=흥해남산초등학교
[2026-06-24 14:52:36] 회원가입 알림 name=정세훈 id=helpfulkid77u message=회원 가입하시겠습니까?
[2026-06-24 14:52:37] 회원가입 알림 name=정세훈 id=helpfulkid77u message=회원 가입에 감사드립니다.
[2026-06-24 14:52:47] 회원가입 검증 완료 name=정세훈 day=월수 dialogs=['회원 가입하시겠습니까?', '회원 가입에 감사드립니다.']
[2026-06-24 14:52:47] 수강신청 시도 1 name=정세훈 id=helpfulkid77u
[2026-06-24 14:52:47] 수강신청 시작 name=정세훈 sheet=PH day=월수
[2026-06-24 14:52:55] PH 과정 선택 완료 day=월수 course_id=1_61 label='' week_filter=True
[2026-06-24 14:52:55] 수강신청 요일 선택 완료 name=정세훈 day=월수
[2026-06-24 14:52:57] 수강신청 1차 제출 완료 name=정세훈
[2026-06-24 14:53:01] 수강신청 최종 제출 완료 name=정세훈
정세훈 신청 완료 / 총 23명, 오늘 23명 추가되었습니다.
[2026-06-24 14:53:02] 기록 저장 완료 name=정세훈 total=23 today=23
[2026-06-24 14:53:04] 대상 완료 name=정세훈 total=23/300 today=23/105
[2026-06-24 14:53:06] 다음 가입 예약: 2026-06-24 14:56:35까지 대기
[2026-06-24 14:56:35] 신규 대상 시작 plan={'sex': '여자', 'day': '화목'}
[2026-06-24 14:56:38] 회원가입 시도 1/4
[2026-06-24 14:56:38] 회원가입 시작 sheet=PH plan={'sex': '여자', 'day': '화목'}
[2026-06-24 14:56:43] 회원가입 폼 진입 완료
[2026-06-24 14:56:47] 우편번호 검색 query=경북 포항시 남구 대해로79번길 14-10 성경빌라
[2026-06-24 14:56:47] 우편번호 검색 실패 query=경북 포항시 남구 대해로79번길 14-10 성경빌라 error=Error('Locator.count: Execution context was destroyed, most likely because of a navigation')
[2026-06-24 14:56:48] 우편번호 검색 query=경북 포항시 남구 대해로79번길 14-10 성경빌라
[2026-06-24 14:56:49] 우편번호 입력 완료 zip=37779 addr=경북 포항시 남구 대해로79번길 14-10 (대도동, 성경빌라)
[2026-06-24 14:56:50] 회원가입 제출 클릭 name=이유라 id=littwitter7868 school=상대초등학교
[2026-06-24 14:56:51] 회원가입 알림 name=이유라 id=littwitter7868 message=회원 가입하시겠습니까?
[2026-06-24 14:56:52] 회원가입 알림 name=이유라 id=littwitter7868 message=회원 가입에 감사드립니다.
[2026-06-24 14:57:01] 회원가입 검증 완료 name=이유라 day=화목 dialogs=['회원 가입하시겠습니까?', '회원 가입에 감사드립니다.']
[2026-06-24 14:57:01] 수강신청 시도 1 name=이유라 id=littwitter7868
[2026-06-24 14:57:01] 수강신청 시작 name=이유라 sheet=PH day=화목
[2026-06-24 14:57:10] PH 과정 선택 완료 day=화목 course_id=2_62 label='' week_filter=True
[2026-06-24 14:57:10] 수강신청 요일 선택 완료 name=이유라 day=화목
[2026-06-24 14:57:12] 수강신청 1차 제출 완료 name=이유라
[2026-06-24 14:57:15] 수강신청 최종 제출 완료 name=이유라
이유라 신청 완료 / 총 24명, 오늘 24명 추가되었습니다.
[2026-06-24 14:57:17] 기록 저장 완료 name=이유라 total=24 today=24
[2026-06-24 14:57:19] 대상 완료 name=이유라 total=24/300 today=24/105
[2026-06-24 14:57:22] 다음 가입 예약: 2026-06-24 15:01:17까지 대기
[2026-06-24 15:01:17] 신규 대상 시작 plan={'sex': '여자', 'day': '화목'}
[2026-06-24 15:01:21] 회원가입 시도 1/4
[2026-06-24 15:01:21] 회원가입 시작 sheet=PH plan={'sex': '여자', 'day': '화목'}
[2026-06-24 15:01:28] 회원가입 폼 진입 완료
[2026-06-24 15:01:32] 우편번호 검색 query=경북 포항시 남구 대해로79번길 14-10 성경빌라
[2026-06-24 15:01:45] 우편번호 검색 query=경북 포항시 남구 대해로79번길 14-10 성경빌라
[2026-06-24 15:01:46] 우편번호 입력 완료 zip=37779 addr=경북 포항시 남구 대해로79번길 14-10 (대도동, 성경빌라)
[2026-06-24 15:01:48] 회원가입 제출 클릭 name=이이설 id=travelfree64o school=상대초등학교
[2026-06-24 15:01:49] 회원가입 알림 name=이이설 id=travelfree64o message=회원 가입하시겠습니까?
[2026-06-24 15:01:50] 회원가입 알림 name=이이설 id=travelfree64o message=회원 가입에 감사드립니다.
[2026-06-24 15:01:59] 회원가입 검증 완료 name=이이설 day=화목 dialogs=['회원 가입하시겠습니까?', '회원 가입에 감사드립니다.']
[2026-06-24 15:01:59] 수강신청 시도 1 name=이이설 id=travelfree64o
[2026-06-24 15:01:59] 수강신청 시작 name=이이설 sheet=PH day=화목
[2026-06-24 15:02:10] PH 과정 선택 완료 day=화목 course_id=2_62 label='' week_filter=True
[2026-06-24 15:02:10] 수강신청 요일 선택 완료 name=이이설 day=화목
[2026-06-24 15:02:13] 수강신청 1차 제출 완료 name=이이설
[2026-06-24 15:02:20] 수강신청 최종 제출 완료 name=이이설
이이설 신청 완료 / 총 25명, 오늘 25명 추가되었습니다.
[2026-06-24 15:02:21] 기록 저장 완료 name=이이설 total=25 today=25
[2026-06-24 15:02:25] 대상 완료 name=이이설 total=25/300 today=25/105
[2026-06-24 15:02:29] 다음 가입 예약: 2026-06-24 15:04:40까지 대기
[2026-06-24 15:04:40] 신규 대상 시작 plan={'sex': '남자', 'day': '화목'}
[2026-06-24 15:04:43] 회원가입 시도 1/4
[2026-06-24 15:04:43] 회원가입 시작 sheet=PH plan={'sex': '남자', 'day': '화목'}
[2026-06-24 15:04:49] 회원가입 폼 진입 완료
[2026-06-24 15:04:51] 우편번호 검색 query=경북 포항시 북구 환호공원길 53-4
[2026-06-24 15:04:52] 주소 지역 불일치 query=경북 포항시 북구 환호공원길 53-4 result=대구 군위군 군위읍 무성2길 53-4
[2026-06-24 15:04:53] 우편번호 검색 query=경북 포항시 북구 환호공원길 53-4
[2026-06-24 15:04:53] 주소 지역 불일치 query=경북 포항시 북구 환호공원길 53-4 result=대구 군위군 군위읍 무성2길 53-4
[2026-06-24 15:04:53] 우편번호 검색 실패 query=포항해맞이초등학교 error=Error('Locator.count: Execution context was destroyed, most likely because of a navigation')
[2026-06-24 15:04:54] 우편번호 검색 query=포항해맞이초등학교
[2026-06-24 15:04:55] 우편번호 입력 완료 zip=37604 addr=경북 포항시 북구 환호로 37 (환호동, 포항해맞이초등학교)
[2026-06-24 15:04:56] 회원가입 제출 클릭 name=김제하 id=neverversatt413 school=포항해맞이초등학교
[2026-06-24 15:04:57] 회원가입 알림 name=김제하 id=neverversatt413 message=회원 가입하시겠습니까?
[2026-06-24 15:04:58] 회원가입 알림 name=김제하 id=neverversatt413 message=회원 가입하시겠습니까?
[2026-06-24 15:04:58] 회원가입 알림 name=김제하 id=neverversatt413 message=회원 가입에 감사드립니다.
[2026-06-24 15:05:08] 회원가입 검증 완료 name=김제하 day=화목 dialogs=['회원 가입하시겠습니까?', '회원 가입하시겠습니까?', '회원 가입에 감사드립니다.']
[2026-06-24 15:05:08] 수강신청 시도 1 name=김제하 id=neverversatt413
[2026-06-24 15:05:08] 수강신청 시작 name=김제하 sheet=PH day=화목
[2026-06-24 15:05:17] PH 과정 선택 완료 day=화목 course_id=2_62 label='' week_filter=True
[2026-06-24 15:05:17] 수강신청 요일 선택 완료 name=김제하 day=화목
[2026-06-24 15:05:19] 수강신청 1차 제출 완료 name=김제하
[2026-06-24 15:05:23] 수강신청 최종 제출 완료 name=김제하
김제하 신청 완료 / 총 26명, 오늘 26명 추가되었습니다.
[2026-06-24 15:05:24] 기록 저장 완료 name=김제하 total=26 today=26
[2026-06-24 15:05:26] 대상 완료 name=김제하 total=26/300 today=26/105
[2026-06-24 15:05:28] 다음 가입 예약: 2026-06-24 15:10:16까지 대기
[2026-06-24 15:10:16] 신규 대상 시작 plan={'sex': '남자', 'day': '월수'}
[2026-06-24 15:10:19] 회원가입 시도 1/4
[2026-06-24 15:10:19] 회원가입 시작 sheet=PH plan={'sex': '남자', 'day': '월수'}
[2026-06-24 15:10:26] 회원가입 폼 진입 완료
[2026-06-24 15:10:28] 우편번호 검색 query=경북 포항시 남구 지곡로 294
[2026-06-24 15:10:28] 우편번호 검색 실패 query=경북 포항시 남구 지곡로 294 error=Error('Locator.count: Execution context was destroyed, most likely because of a navigation')
[2026-06-24 15:10:30] 우편번호 검색 query=경북 포항시 남구 지곡로 294
[2026-06-24 15:10:32] 우편번호 입력 완료 zip=37669 addr=경북 포항시 남구 지곡로 294 (지곡동, 효자그린아파트)
[2026-06-24 15:10:33] 회원가입 제출 클릭 name=서현서 id=memoriestrae825 school=달전초등학교
[2026-06-24 15:10:34] 회원가입 알림 name=서현서 id=memoriestrae825 message=회원 가입하시겠습니까?
[2026-06-24 15:10:35] 회원가입 알림 name=서현서 id=memoriestrae825 message=회원 가입하시겠습니까?
[2026-06-24 15:10:36] 회원가입 알림 name=서현서 id=memoriestrae825 message=회원 가입에 감사드립니다.
[2026-06-24 15:10:45] 회원가입 검증 완료 name=서현서 day=월수 dialogs=['회원 가입하시겠습니까?', '회원 가입하시겠습니까?', '회원 가입에 감사드립니다.']
[2026-06-24 15:10:45] 수강신청 시도 1 name=서현서 id=memoriestrae825
[2026-06-24 15:10:45] 수강신청 시작 name=서현서 sheet=PH day=월수
[2026-06-24 15:10:54] PH 과정 선택 완료 day=월수 course_id=1_61 label='' week_filter=True
[2026-06-24 15:10:54] 수강신청 요일 선택 완료 name=서현서 day=월수
[2026-06-24 15:10:56] 수강신청 1차 제출 완료 name=서현서
[2026-06-24 15:11:00] 수강신청 최종 제출 완료 name=서현서
서현서 신청 완료 / 총 27명, 오늘 27명 추가되었습니다.
[2026-06-24 15:11:01] 기록 저장 완료 name=서현서 total=27 today=27
[2026-06-24 15:11:04] 대상 완료 name=서현서 total=27/300 today=27/105
[2026-06-24 15:11:06] 다음 가입 예약: 2026-06-24 15:13:13까지 대기
[2026-06-24 15:13:13] 신규 대상 시작 plan={'sex': '여자', 'day': '화목'}
[2026-06-24 15:13:16] 회원가입 시도 1/4
[2026-06-24 15:13:16] 회원가입 시작 sheet=PH plan={'sex': '여자', 'day': '화목'}
[2026-06-24 15:13:21] 회원가입 폼 진입 완료
[2026-06-24 15:13:24] 우편번호 검색 query=경북 포항시 북구 중흥로161번길 30
[2026-06-24 15:13:26] 우편번호 입력 완료 zip=37756 addr=경북 포항시 북구 중흥로161번길 30 (죽도동, 남부아파트)
[2026-06-24 15:13:26] 회원가입 제출 클릭 name=이희주 id=artresponsi9987 school=상대초등학교
[2026-06-24 15:13:27] 회원가입 알림 name=이희주 id=artresponsi9987 message=회원 가입하시겠습니까?
[2026-06-24 15:13:28] 회원가입 알림 name=이희주 id=artresponsi9987 message=회원 가입에 감사드립니다.
[2026-06-24 15:13:38] 회원가입 검증 완료 name=이희주 day=화목 dialogs=['회원 가입하시겠습니까?', '회원 가입에 감사드립니다.']
[2026-06-24 15:13:38] 수강신청 시도 1 name=이희주 id=artresponsi9987
[2026-06-24 15:13:38] 수강신청 시작 name=이희주 sheet=PH day=화목
[2026-06-24 15:13:46] PH 과정 선택 완료 day=화목 course_id=2_62 label='' week_filter=True
[2026-06-24 15:13:46] 수강신청 요일 선택 완료 name=이희주 day=화목
[2026-06-24 15:13:48] 수강신청 1차 제출 완료 name=이희주
[2026-06-24 15:13:52] 수강신청 최종 제출 완료 name=이희주
이희주 신청 완료 / 총 28명, 오늘 28명 추가되었습니다.
[2026-06-24 15:13:53] 기록 저장 완료 name=이희주 total=28 today=28
[2026-06-24 15:13:54] 대상 완료 name=이희주 total=28/300 today=28/105
[2026-06-24 15:13:57] 다음 가입 예약: 2026-06-24 15:19:17까지 대기
[2026-06-24 15:19:17] 신규 대상 시작 plan={'sex': '남자', 'day': '화목'}
[2026-06-24 15:19:20] 회원가입 시도 1/4
[2026-06-24 15:19:20] 회원가입 시작 sheet=PH plan={'sex': '남자', 'day': '화목'}
[2026-06-24 15:19:25] 회원가입 폼 진입 완료
[2026-06-24 15:19:28] 우편번호 검색 query=경북 포항시 북구 흥해읍 도음로827번길 9
[2026-06-24 15:19:28] 우편번호 검색 실패 query=경북 포항시 북구 흥해읍 도음로827번길 9 error=Error('Locator.count: Execution context was destroyed, most likely because of a navigation')
[2026-06-24 15:19:29] 우편번호 검색 query=경북 포항시 북구 흥해읍 도음로827번길 9
[2026-06-24 15:19:30] 우편번호 입력 완료 zip=37562 addr=경북 포항시 북구 흥해읍 도음로827번길 9 (학천리)
[2026-06-24 15:19:31] 회원가입 제출 클릭 name=조지석 id=intelligentp996 school=학천초등학교
[2026-06-24 15:19:32] 회원가입 알림 name=조지석 id=intelligentp996 message=회원 가입하시겠습니까?
[2026-06-24 15:19:33] 회원가입 알림 name=조지석 id=intelligentp996 message=회원 가입에 감사드립니다.
[2026-06-24 15:19:42] 회원가입 검증 완료 name=조지석 day=화목 dialogs=['회원 가입하시겠습니까?', '회원 가입에 감사드립니다.']
[2026-06-24 15:19:42] 수강신청 시도 1 name=조지석 id=intelligentp996
[2026-06-24 15:19:42] 수강신청 시작 name=조지석 sheet=PH day=화목
[2026-06-24 15:19:51] PH 과정 선택 완료 day=화목 course_id=2_62 label='' week_filter=True
[2026-06-24 15:19:51] 수강신청 요일 선택 완료 name=조지석 day=화목
[2026-06-24 15:19:53] 수강신청 1차 제출 완료 name=조지석
[2026-06-24 15:19:57] 수강신청 최종 제출 완료 name=조지석
조지석 신청 완료 / 총 29명, 오늘 29명 추가되었습니다.
[2026-06-24 15:19:57] 기록 저장 완료 name=조지석 total=29 today=29
[2026-06-24 15:19:59] 대상 완료 name=조지석 total=29/300 today=29/105
[2026-06-24 15:20:03] 다음 가입 예약: 2026-06-24 15:24:33까지 대기
[2026-06-24 15:24:33] 신규 대상 시작 plan={'sex': '여자', 'day': '월수'}
[2026-06-24 15:24:36] 회원가입 시도 1/4
[2026-06-24 15:24:36] 회원가입 시작 sheet=PH plan={'sex': '여자', 'day': '월수'}
[2026-06-24 15:24:42] 회원가입 폼 진입 완료
[2026-06-24 15:24:46] 우편번호 검색 query=경북 포항시 북구 용흥동 포항우방타운
[2026-06-24 15:24:46] 우편번호 검색 실패 query=경북 포항시 북구 용흥동 포항우방타운 error=Error('Locator.count: Execution context was destroyed, most likely because of a navigation')
[2026-06-24 15:24:48] 우편번호 검색 query=경북 포항시 북구 용흥동 포항우방타운
[2026-06-24 15:24:49] 우편번호 입력 완료 zip=37650 addr=경북 포항시 북구 대안길 56 (용흥동, 우방타운)
[2026-06-24 15:24:49] 회원가입 제출 클릭 name=김가은 id=epicultra9032 school=포항대흥초등학교
[2026-06-24 15:24:50] 회원가입 알림 name=김가은 id=epicultra9032 message=회원 가입하시겠습니까?
[2026-06-24 15:24:51] 회원가입 알림 name=김가은 id=epicultra9032 message=회원 가입에 감사드립니다.
[2026-06-24 15:25:01] 회원가입 검증 완료 name=김가은 day=월수 dialogs=['회원 가입하시겠습니까?', '회원 가입에 감사드립니다.']
[2026-06-24 15:25:01] 수강신청 시도 1 name=김가은 id=epicultra9032
[2026-06-24 15:25:01] 수강신청 시작 name=김가은 sheet=PH day=월수
[2026-06-24 15:25:09] PH 과정 선택 완료 day=월수 course_id=1_61 label='' week_filter=True
[2026-06-24 15:25:09] 수강신청 요일 선택 완료 name=김가은 day=월수
[2026-06-24 15:25:11] 수강신청 1차 제출 완료 name=김가은
[2026-06-24 15:25:15] 수강신청 최종 제출 완료 name=김가은
김가은 신청 완료 / 총 30명, 오늘 30명 추가되었습니다.
[2026-06-24 15:25:16] 기록 저장 완료 name=김가은 total=30 today=30
[2026-06-24 15:25:18] 대상 완료 name=김가은 total=30/300 today=30/105
[2026-06-24 15:25:21] 다음 가입 예약: 2026-06-24 15:27:13까지 대기
[2026-06-24 15:27:13] 신규 대상 시작 plan={'sex': '여자', 'day': '월수'}
[2026-06-24 15:27:15] 회원가입 시도 1/4
[2026-06-24 15:27:15] 회원가입 시작 sheet=PH plan={'sex': '여자', 'day': '월수'}
[2026-06-24 15:27:21] 회원가입 폼 진입 완료
[2026-06-24 15:27:25] 우편번호 검색 query=경북 포항시 북구 흥해읍 중성로32번길 30-1
[2026-06-24 15:27:27] 우편번호 입력 완료 zip=37545 addr=경북 포항시 북구 흥해읍 중성로32번길 30-1 (남성리, 대동빌라)
[2026-06-24 15:27:27] 회원가입 제출 클릭 name=이민솔 id=communitypii756 school=흥해남산초등학교
[2026-06-24 15:27:28] 회원가입 알림 name=이민솔 id=communitypii756 message=회원 가입하시겠습니까?
[2026-06-24 15:27:29] 회원가입 알림 name=이민솔 id=communitypii756 message=회원 가입에 감사드립니다.
[2026-06-24 15:27:39] 회원가입 검증 완료 name=이민솔 day=월수 dialogs=['회원 가입하시겠습니까?', '회원 가입에 감사드립니다.']
[2026-06-24 15:27:39] 수강신청 시도 1 name=이민솔 id=communitypii756
[2026-06-24 15:27:39] 수강신청 시작 name=이민솔 sheet=PH day=월수
[2026-06-24 15:27:47] PH 과정 선택 완료 day=월수 course_id=1_61 label='' week_filter=True
[2026-06-24 15:27:47] 수강신청 요일 선택 완료 name=이민솔 day=월수
[2026-06-24 15:27:49] 수강신청 1차 제출 완료 name=이민솔
[2026-06-24 15:27:53] 수강신청 최종 제출 완료 name=이민솔
이민솔 신청 완료 / 총 31명, 오늘 31명 추가되었습니다.
[2026-06-24 15:27:54] 기록 저장 완료 name=이민솔 total=31 today=31
[2026-06-24 15:27:55] 대상 완료 name=이민솔 total=31/300 today=31/105
[2026-06-24 15:27:58] 다음 가입 예약: 2026-06-24 15:31:48까지 대기
[2026-06-24 15:31:48] 신규 대상 시작 plan={'sex': '여자', 'day': '월수'}
[2026-06-24 15:31:51] 회원가입 시도 1/4
[2026-06-24 15:31:51] 회원가입 시작 sheet=PH plan={'sex': '여자', 'day': '월수'}
[2026-06-24 15:31:56] 회원가입 폼 진입 완료
[2026-06-24 15:32:00] 우편번호 검색 query=경북 포항시 북구 새천년대로1075번길 10
[2026-06-24 15:32:02] 우편번호 입력 완료 zip=37630 addr=경북 포항시 북구 새천년대로1075번길 10 (창포동, 창포주공1단지아파트)
[2026-06-24 15:32:03] 회원가입 제출 클릭 name=강루희 id=curiousdiven745 school=창포초등학교
[2026-06-24 15:32:04] 회원가입 알림 name=강루희 id=curiousdiven745 message=회원 가입하시겠습니까?
[2026-06-24 15:32:04] 회원가입 알림 name=강루희 id=curiousdiven745 message=회원 가입에 감사드립니다.
[2026-06-24 15:32:16] 회원가입 검증 완료 name=강루희 day=월수 dialogs=['회원 가입하시겠습니까?', '회원 가입에 감사드립니다.']
[2026-06-24 15:32:16] 수강신청 시도 1 name=강루희 id=curiousdiven745
[2026-06-24 15:32:16] 수강신청 시작 name=강루희 sheet=PH day=월수
[2026-06-24 15:32:25] PH 과정 선택 완료 day=월수 course_id=1_61 label='' week_filter=True
[2026-06-24 15:32:25] 수강신청 요일 선택 완료 name=강루희 day=월수
[2026-06-24 15:32:27] 수강신청 1차 제출 완료 name=강루희
[2026-06-24 15:32:31] 수강신청 최종 제출 완료 name=강루희
강루희 신청 완료 / 총 32명, 오늘 32명 추가되었습니다.
[2026-06-24 15:32:33] 기록 저장 완료 name=강루희 total=32 today=32
[2026-06-24 15:32:37] 대상 완료 name=강루희 total=32/300 today=32/105
[2026-06-24 15:32:39] 다음 가입 예약: 2026-06-24 15:37:44까지 대기
[2026-06-24 15:37:44] 신규 대상 시작 plan={'sex': '여자', 'day': '화목'}
[2026-06-24 15:37:47] 회원가입 시도 1/4
[2026-06-24 15:37:47] 회원가입 시작 sheet=PH plan={'sex': '여자', 'day': '화목'}
[2026-06-24 15:37:53] 회원가입 폼 진입 완료
[2026-06-24 15:37:57] 우편번호 검색 query=경북 포항시 북구 우창로 166 창포메트로시티2단지
[2026-06-24 15:37:58] 우편번호 입력 완료 zip=37627 addr=경북 포항시 북구 우창로 166 (창포동, 창포메트로시티2단지)
[2026-06-24 15:37:59] 회원가입 제출 클릭 name=최다나 id=photographyq727 school=창포초등학교
[2026-06-24 15:38:00] 회원가입 알림 name=최다나 id=photographyq727 message=회원 가입하시겠습니까?
[2026-06-24 15:38:01] 회원가입 알림 name=최다나 id=photographyq727 message=회원 가입에 감사드립니다.
[2026-06-24 15:38:11] 회원가입 검증 완료 name=최다나 day=화목 dialogs=['회원 가입하시겠습니까?', '회원 가입에 감사드립니다.']
[2026-06-24 15:38:11] 수강신청 시도 1 name=최다나 id=photographyq727
[2026-06-24 15:38:11] 수강신청 시작 name=최다나 sheet=PH day=화목
[2026-06-24 15:38:20] PH 과정 선택 완료 day=화목 course_id=2_62 label='' week_filter=True
[2026-06-24 15:38:20] 수강신청 요일 선택 완료 name=최다나 day=화목
[2026-06-24 15:38:22] 수강신청 1차 제출 완료 name=최다나
[2026-06-24 15:38:25] 수강신청 최종 제출 완료 name=최다나
최다나 신청 완료 / 총 33명, 오늘 33명 추가되었습니다.
[2026-06-24 15:38:26] 기록 저장 완료 name=최다나 total=33 today=33
[2026-06-24 15:38:30] 대상 완료 name=최다나 total=33/300 today=33/105
[2026-06-24 15:38:34] 다음 가입 예약: 2026-06-24 15:40:35까지 대기
[2026-06-24 15:40:35] 신규 대상 시작 plan={'sex': '남자', 'day': '화목'}
[2026-06-24 15:40:38] 회원가입 시도 1/4
[2026-06-24 15:40:38] 회원가입 시작 sheet=PH plan={'sex': '남자', 'day': '화목'}
[2026-06-24 15:40:44] 회원가입 폼 진입 완료
[2026-06-24 15:40:47] 우편번호 검색 query=경북 포항시 남구 오천읍 정몽주로 702
[2026-06-24 15:40:47] 우편번호 검색 실패 query=경북 포항시 남구 오천읍 정몽주로 702 error=Error('Locator.count: Execution context was destroyed, most likely because of a navigation')
[2026-06-24 15:40:49] 우편번호 검색 query=경북 포항시 남구 오천읍 정몽주로 702
[2026-06-24 15:40:50] 우편번호 입력 완료 zip=37903 addr=경북 포항시 남구 오천읍 정몽주로 702 (구정리, 오천제일맨션)
[2026-06-24 15:40:51] 회원가입 제출 클릭 name=김은결 id=mathematici3987 school=구정초등학교
[2026-06-24 15:40:52] 회원가입 알림 name=김은결 id=mathematici3987 message=회원 가입하시겠습니까?
[2026-06-24 15:40:52] 회원가입 알림 name=김은결 id=mathematici3987 message=회원 가입에 감사드립니다.
[2026-06-24 15:41:02] 회원가입 검증 완료 name=김은결 day=화목 dialogs=['회원 가입하시겠습니까?', '회원 가입에 감사드립니다.']
[2026-06-24 15:41:02] 수강신청 시도 1 name=김은결 id=mathematici3987
[2026-06-24 15:41:02] 수강신청 시작 name=김은결 sheet=PH day=화목
[2026-06-24 15:41:10] PH 과정 선택 완료 day=화목 course_id=2_62 label='' week_filter=True
[2026-06-24 15:41:10] 수강신청 요일 선택 완료 name=김은결 day=화목
[2026-06-24 15:41:12] 수강신청 1차 제출 완료 name=김은결
[2026-06-24 15:41:33] 수강신청 실패. 같은 계정으로 재시도 name=김은결 id=mathematici3987 try=1 error=TimeoutError('Page.click: Timeout 20000ms exceeded.\nCall log:\n  - waiting for locator("input#cbAddress")\n    - locator resolved to <input id="cbAddress" type="checkbox" name="cbAddress"/>\n  - attempting click action\n    - waiting for element to be visible, enabled and stable\n    - element is visible, enabled and stable\n    - scrolling into view if needed\n    - done scrolling\n    - <label>Q5. 부저로 원하는 음을 재생하는 코드를 작성할 수 있나요?</label> from <div id="modal">…</div> subtree intercepts pointer events\n  - retrying click action\n    - waiting for element to be visible, enabled and stable\n    - element is visible, enabled and stable\n    - scrolling into view if needed\n    - done scrolling\n    - <div id="modal">…</div> intercepts pointer events\n  - retrying click action\n    - waiting 20ms\n')
[2026-06-24 15:41:35] 수강신청 시도 2 name=김은결 id=mathematici3987
[2026-06-24 15:41:35] 수강신청 시작 name=김은결 sheet=PH day=화목
[2026-06-24 15:41:44] PH 과정 선택 완료 day=화목 course_id=2_62 label='' week_filter=True
[2026-06-24 15:41:44] 수강신청 요일 선택 완료 name=김은결 day=화목
[2026-06-24 15:41:46] 수강신청 1차 제출 완료 name=김은결
[2026-06-24 15:41:50] 수강신청 최종 제출 완료 name=김은결
김은결 신청 완료 / 총 34명, 오늘 34명 추가되었습니다.
[2026-06-24 15:41:51] 기록 저장 완료 name=김은결 total=34 today=34
[2026-06-24 15:41:53] 대상 완료 name=김은결 total=34/300 today=34/105
[2026-06-24 15:41:55] 다음 가입 예약: 2026-06-24 15:44:06까지 대기
[2026-06-24 15:44:06] 신규 대상 시작 plan={'sex': '여자', 'day': '화목'}
[2026-06-24 15:44:11] 회원가입 시도 1/4
[2026-06-24 15:44:11] 회원가입 시작 sheet=PH plan={'sex': '여자', 'day': '화목'}
[2026-06-24 15:44:18] 회원가입 폼 진입 완료
[2026-06-24 15:44:21] 우편번호 검색 query=경북 포항시 북구 흥해읍 도음로877번길 9
[2026-06-24 15:44:22] 우편번호 검색 실패 query=경북 포항시 북구 흥해읍 도음로877번길 9 error=Error('Locator.count: Execution context was destroyed, most likely because of a navigation')
[2026-06-24 15:44:23] 우편번호 검색 query=경북 포항시 북구 흥해읍 도음로877번길 9
[2026-06-24 15:44:24] 우편번호 입력 완료 zip=37562 addr=경북 포항시 북구 흥해읍 도음로877번길 9 (학천리, 학천삼도 미래타운1차)
[2026-06-24 15:44:25] 회원가입 제출 클릭 name=권채안 id=prismguitarp591 school=학천초등학교
[2026-06-24 15:44:26] 회원가입 알림 name=권채안 id=prismguitarp591 message=회원 가입하시겠습니까?
[2026-06-24 15:44:27] 회원가입 알림 name=권채안 id=prismguitarp591 message=회원 가입에 감사드립니다.
[2026-06-24 15:44:37] 회원가입 검증 완료 name=권채안 day=화목 dialogs=['회원 가입하시겠습니까?', '회원 가입에 감사드립니다.']
[2026-06-24 15:44:37] 수강신청 시도 1 name=권채안 id=prismguitarp591
[2026-06-24 15:44:37] 수강신청 시작 name=권채안 sheet=PH day=화목
[2026-06-24 15:44:46] PH 과정 선택 완료 day=화목 course_id=2_62 label='' week_filter=True
[2026-06-24 15:44:46] 수강신청 요일 선택 완료 name=권채안 day=화목
[2026-06-24 15:44:47] 수강신청 1차 제출 완료 name=권채안
[2026-06-24 15:44:51] 수강신청 최종 제출 완료 name=권채안
권채안 신청 완료 / 총 35명, 오늘 35명 추가되었습니다.
[2026-06-24 15:44:52] 기록 저장 완료 name=권채안 total=35 today=35
[2026-06-24 15:44:54] 대상 완료 name=권채안 total=35/300 today=35/105
[2026-06-24 15:44:56] 다음 가입 예약: 2026-06-24 15:49:52까지 대기
[2026-06-24 15:49:52] 신규 대상 시작 plan={'sex': '여자', 'day': '화목'}
[2026-06-24 15:49:55] 회원가입 시도 1/4
[2026-06-24 15:49:55] 회원가입 시작 sheet=PH plan={'sex': '여자', 'day': '화목'}
[2026-06-24 15:50:01] 회원가입 폼 진입 완료
[2026-06-24 15:50:05] 우편번호 검색 query=경북 포항시 북구 흥해읍 도음로827번길 9
[2026-06-24 15:50:05] 주소 지역 불일치 query=경북 포항시 북구 흥해읍 도음로827번길 9 result=대구 군위군 군위읍 경북대로 4157-9
[2026-06-24 15:50:06] 우편번호 검색 query=경북 포항시 북구 흥해읍 도음로827번길 9
[2026-06-24 15:50:06] 주소 지역 불일치 query=경북 포항시 북구 흥해읍 도음로827번길 9 result=대구 군위군 군위읍 경북대로 4157-9
[2026-06-24 15:50:06] 우편번호 검색 query=학천초등학교
[2026-06-24 15:50:07] 우편번호 입력 완료 zip=37564 addr=경북 포항시 북구 흥해읍 도음로856번길 17 (학천리, 학천초등학교)
[2026-06-24 15:50:08] 회원가입 제출 클릭 name=김이레 id=editorwittyn448 school=학천초등학교
[2026-06-24 15:50:10] 회원가입 알림 name=김이레 id=editorwittyn448 message=회원 가입하시겠습니까?
[2026-06-24 15:50:10] 회원가입 알림 name=김이레 id=editorwittyn448 message=회원 가입에 감사드립니다.
[2026-06-24 15:50:20] 회원가입 검증 완료 name=김이레 day=화목 dialogs=['회원 가입하시겠습니까?', '회원 가입에 감사드립니다.']
[2026-06-24 15:50:20] 수강신청 시도 1 name=김이레 id=editorwittyn448
[2026-06-24 15:50:20] 수강신청 시작 name=김이레 sheet=PH day=화목
[2026-06-24 15:50:29] PH 과정 선택 완료 day=화목 course_id=2_62 label='' week_filter=True
[2026-06-24 15:50:29] 수강신청 요일 선택 완료 name=김이레 day=화목
[2026-06-24 15:50:31] 수강신청 1차 제출 완료 name=김이레
[2026-06-24 15:50:35] 수강신청 최종 제출 완료 name=김이레
김이레 신청 완료 / 총 36명, 오늘 36명 추가되었습니다.
[2026-06-24 15:50:37] 기록 저장 완료 name=김이레 total=36 today=36
[2026-06-24 15:50:40] 대상 완료 name=김이레 total=36/300 today=36/105
[2026-06-24 15:50:45] 다음 가입 예약: 2026-06-24 15:53:01까지 대기
[2026-06-24 15:53:01] 신규 대상 시작 plan={'sex': '여자', 'day': '월수'}
[2026-06-24 15:53:04] 회원가입 시도 1/4
[2026-06-24 15:53:04] 회원가입 시작 sheet=PH plan={'sex': '여자', 'day': '월수'}
[2026-06-24 15:53:10] 회원가입 폼 진입 완료
[2026-06-24 15:53:14] 우편번호 검색 query=경북 포항시 북구 삼흥로88번길 10
[2026-06-24 15:53:16] 우편번호 입력 완료 zip=37607 addr=경북 포항시 북구 삼흥로88번길 10 (장성동, 장미아파트)
[2026-06-24 15:53:17] 회원가입 제출 클릭 name=배루나 id=flexfam89a school=장량초등학교
[2026-06-24 15:53:18] 회원가입 알림 name=배루나 id=flexfam89a message=회원 가입하시겠습니까?
[2026-06-24 15:53:19] 회원가입 알림 name=배루나 id=flexfam89a message=회원 가입에 감사드립니다.
[2026-06-24 15:53:29] 회원가입 검증 완료 name=배루나 day=월수 dialogs=['회원 가입하시겠습니까?', '회원 가입에 감사드립니다.']
[2026-06-24 15:53:29] 수강신청 시도 1 name=배루나 id=flexfam89a
[2026-06-24 15:53:29] 수강신청 시작 name=배루나 sheet=PH day=월수
[2026-06-24 15:53:37] PH 과정 선택 완료 day=월수 course_id=1_61 label='' week_filter=True
[2026-06-24 15:53:37] 수강신청 요일 선택 완료 name=배루나 day=월수
[2026-06-24 15:53:39] 수강신청 1차 제출 완료 name=배루나
[2026-06-24 15:53:43] 수강신청 최종 제출 완료 name=배루나
배루나 신청 완료 / 총 37명, 오늘 37명 추가되었습니다.
[2026-06-24 15:53:44] 기록 저장 완료 name=배루나 total=37 today=37
[2026-06-24 15:53:46] 대상 완료 name=배루나 total=37/300 today=37/105
[2026-06-24 15:53:49] 다음 가입 예약: 2026-06-24 15:58:14까지 대기
[2026-06-24 15:58:14] 신규 대상 시작 plan={'sex': '여자', 'day': '화목'}
[2026-06-24 15:58:18] 회원가입 시도 1/4
[2026-06-24 15:58:18] 회원가입 시작 sheet=PH plan={'sex': '여자', 'day': '화목'}
[2026-06-24 15:58:24] 회원가입 폼 진입 완료
[2026-06-24 15:58:27] 우편번호 검색 query=경북 포항시 북구 우창로 166 창포메트로시티2단지
[2026-06-24 15:58:28] 우편번호 입력 완료 zip=37627 addr=경북 포항시 북구 우창로 166 (창포동, 창포메트로시티2단지)
[2026-06-24 15:58:30] 회원가입 제출 클릭 name=박소율 id=tbhpassionaj645 school=창포초등학교
[2026-06-24 15:58:31] 회원가입 알림 name=박소율 id=tbhpassionaj645 message=회원 가입하시겠습니까?
[2026-06-24 15:58:32] 회원가입 알림 name=박소율 id=tbhpassionaj645 message=회원 가입에 감사드립니다.
[2026-06-24 15:58:43] 회원가입 검증 완료 name=박소율 day=화목 dialogs=['회원 가입하시겠습니까?', '회원 가입에 감사드립니다.']
[2026-06-24 15:58:43] 수강신청 시도 1 name=박소율 id=tbhpassionaj645
[2026-06-24 15:58:43] 수강신청 시작 name=박소율 sheet=PH day=화목
[2026-06-24 15:58:52] PH 과정 선택 완료 day=화목 course_id=2_62 label='' week_filter=True
[2026-06-24 15:58:52] 수강신청 요일 선택 완료 name=박소율 day=화목
[2026-06-24 15:58:54] 수강신청 1차 제출 완료 name=박소율
[2026-06-24 15:58:58] 수강신청 최종 제출 완료 name=박소율
박소율 신청 완료 / 총 38명, 오늘 38명 추가되었습니다.
[2026-06-24 15:58:59] 기록 저장 완료 name=박소율 total=38 today=38
[2026-06-24 15:59:01] 대상 완료 name=박소율 total=38/300 today=38/105
[2026-06-24 15:59:04] 다음 가입 예약: 2026-06-24 16:04:39까지 대기
[2026-06-24 16:04:39] 신규 대상 시작 plan={'sex': '여자', 'day': '월수'}
[2026-06-24 16:04:42] 회원가입 시도 1/4
[2026-06-24 16:04:42] 회원가입 시작 sheet=PH plan={'sex': '여자', 'day': '월수'}
[2026-06-24 16:04:48] 회원가입 폼 진입 완료
[2026-06-24 16:04:52] 우편번호 검색 query=경북 포항시 남구 오천읍 문덕로12번길 6
[2026-06-24 16:04:52] 우편번호 검색 실패 query=경북 포항시 남구 오천읍 문덕로12번길 6 error=Error('Locator.count: Execution context was destroyed, most likely because of a navigation')
[2026-06-24 16:04:53] 우편번호 검색 query=경북 포항시 남구 오천읍 문덕로12번길 6
[2026-06-24 16:04:53] 주소 지역 불일치 query=경북 포항시 남구 오천읍 문덕로12번길 6 result=경북 경주시 북천길12번길 6
[2026-06-24 16:04:53] 우편번호 검색 query=포항원동초등학교
[2026-06-24 16:04:54] 우편번호 입력 완료 zip=37883 addr=경북 포항시 남구 오천읍 냉천로340번길 64 (원리, 포항원동초등학교)
[2026-06-24 16:04:55] 회원가입 제출 클릭 name=신윤희 id=iyeseoxoxnit332 school=포항원동초등학교
[2026-06-24 16:04:56] 회원가입 알림 name=신윤희 id=iyeseoxoxnit332 message=회원 가입하시겠습니까?
[2026-06-24 16:04:57] 회원가입 알림 name=신윤희 id=iyeseoxoxnit332 message=회원 가입하시겠습니까?
[2026-06-24 16:04:57] 회원가입 알림 name=신윤희 id=iyeseoxoxnit332 message=회원 가입에 감사드립니다.
[2026-06-24 16:05:07] 회원가입 검증 완료 name=신윤희 day=월수 dialogs=['회원 가입하시겠습니까?', '회원 가입하시겠습니까?', '회원 가입에 감사드립니다.']
[2026-06-24 16:05:07] 수강신청 시도 1 name=신윤희 id=iyeseoxoxnit332
[2026-06-24 16:05:07] 수강신청 시작 name=신윤희 sheet=PH day=월수
[2026-06-24 16:05:15] PH 과정 선택 완료 day=월수 course_id=1_61 label='' week_filter=True
[2026-06-24 16:05:15] 수강신청 요일 선택 완료 name=신윤희 day=월수
[2026-06-24 16:05:18] 수강신청 1차 제출 완료 name=신윤희
[2026-06-24 16:05:22] 수강신청 최종 제출 완료 name=신윤희
신윤희 신청 완료 / 총 39명, 오늘 39명 추가되었습니다.
[2026-06-24 16:05:23] 기록 저장 완료 name=신윤희 total=39 today=39
[2026-06-24 16:05:24] 대상 완료 name=신윤희 total=39/300 today=39/105
[2026-06-24 16:05:27] 다음 가입 예약: 2026-06-24 16:09:02까지 대기
[2026-06-24 16:09:02] 신규 대상 시작 plan={'sex': '여자', 'day': '월수'}
[2026-06-24 16:09:05] 회원가입 시도 1/4
[2026-06-24 16:09:05] 회원가입 시작 sheet=PH plan={'sex': '여자', 'day': '월수'}
[2026-06-24 16:09:11] 회원가입 폼 진입 완료
[2026-06-24 16:09:14] 우편번호 검색 query=경북 포항시 북구 환호공원길 53-4
[2026-06-24 16:09:15] 주소 지역 불일치 query=경북 포항시 북구 환호공원길 53-4 result=대구 군위군 군위읍 무성2길 53-4
[2026-06-24 16:09:16] 우편번호 검색 query=경북 포항시 북구 환호공원길 53-4
[2026-06-24 16:09:16] 주소 지역 불일치 query=경북 포항시 북구 환호공원길 53-4 result=대구 군위군 군위읍 무성2길 53-4
[2026-06-24 16:09:17] 우편번호 검색 query=포항해맞이초등학교
[2026-06-24 16:09:18] 우편번호 입력 완료 zip=37604 addr=경북 포항시 북구 환호로 37 (환호동, 포항해맞이초등학교)
[2026-06-24 16:09:20] 회원가입 제출 클릭 name=이세아 id=bridgegucci6209 school=포항해맞이초등학교
[2026-06-24 16:09:21] 회원가입 알림 name=이세아 id=bridgegucci6209 message=회원 가입하시겠습니까?
[2026-06-24 16:09:22] 회원가입 알림 name=이세아 id=bridgegucci6209 message=회원 가입에 감사드립니다.
[2026-06-24 16:09:31] 회원가입 검증 완료 name=이세아 day=월수 dialogs=['회원 가입하시겠습니까?', '회원 가입에 감사드립니다.']
[2026-06-24 16:09:32] 수강신청 시도 1 name=이세아 id=bridgegucci6209
[2026-06-24 16:09:32] 수강신청 시작 name=이세아 sheet=PH day=월수
[2026-06-24 16:09:40] PH 과정 선택 완료 day=월수 course_id=1_61 label='' week_filter=True
[2026-06-24 16:09:40] 수강신청 요일 선택 완료 name=이세아 day=월수
[2026-06-24 16:09:42] 수강신청 1차 제출 완료 name=이세아
[2026-06-24 16:09:46] 수강신청 최종 제출 완료 name=이세아
이세아 신청 완료 / 총 40명, 오늘 40명 추가되었습니다.
[2026-06-24 16:09:46] 기록 저장 완료 name=이세아 total=40 today=40
[2026-06-24 16:09:48] 대상 완료 name=이세아 total=40/300 today=40/105
[2026-06-24 16:09:51] 다음 가입 예약: 2026-06-24 16:13:10까지 대기
[2026-06-24 16:13:10] 신규 대상 시작 plan={'sex': '여자', 'day': '월수'}
[2026-06-24 16:13:13] 회원가입 시도 1/4
[2026-06-24 16:13:13] 회원가입 시작 sheet=PH plan={'sex': '여자', 'day': '월수'}
[2026-06-24 16:13:18] 회원가입 폼 진입 완료
[2026-06-24 16:13:22] 우편번호 검색 query=경북 포항시 북구 삼호로 391
[2026-06-24 16:13:22] 우편번호 검색 실패 query=경북 포항시 북구 삼호로 391 error=Error('Locator.count: Execution context was destroyed, most likely because of a navigation')
[2026-06-24 16:13:23] 우편번호 검색 query=경북 포항시 북구 삼호로 391
[2026-06-24 16:13:24] 우편번호 입력 완료 zip=37604 addr=경북 포항시 북구 삼호로 391 (환호동, 환호해맞이그린빌)
[2026-06-24 16:13:25] 회원가입 제출 클릭 name=배가희 id=versatilene5673 school=포항해맞이초등학교
[2026-06-24 16:13:26] 회원가입 알림 name=배가희 id=versatilene5673 message=회원 가입하시겠습니까?
[2026-06-24 16:13:26] 회원가입 알림 name=배가희 id=versatilene5673 message=회원 가입에 감사드립니다.
[2026-06-24 16:13:36] 회원가입 검증 완료 name=배가희 day=월수 dialogs=['회원 가입하시겠습니까?', '회원 가입에 감사드립니다.']
[2026-06-24 16:13:36] 수강신청 시도 1 name=배가희 id=versatilene5673
[2026-06-24 16:13:36] 수강신청 시작 name=배가희 sheet=PH day=월수
[2026-06-24 16:13:44] PH 과정 선택 완료 day=월수 course_id=1_61 label='' week_filter=True
[2026-06-24 16:13:44] 수강신청 요일 선택 완료 name=배가희 day=월수
[2026-06-24 16:13:46] 수강신청 1차 제출 완료 name=배가희
[2026-06-24 16:13:50] 수강신청 최종 제출 완료 name=배가희
배가희 신청 완료 / 총 41명, 오늘 41명 추가되었습니다.
[2026-06-24 16:13:51] 기록 저장 완료 name=배가희 total=41 today=41
[2026-06-24 16:13:52] 대상 완료 name=배가희 total=41/300 today=41/105
[2026-06-24 16:13:55] 다음 가입 예약: 2026-06-24 16:17:00까지 대기
[2026-06-24 16:17:00] 신규 대상 시작 plan={'sex': '남자', 'day': '화목'}
[2026-06-24 16:17:03] 회원가입 시도 1/4
[2026-06-24 16:17:03] 회원가입 시작 sheet=PH plan={'sex': '남자', 'day': '화목'}
[2026-06-24 16:17:09] 회원가입 폼 진입 완료
[2026-06-24 16:17:11] 우편번호 검색 query=경북 포항시 남구 오천읍 문덕로12번길 29
[2026-06-24 16:17:14] 우편번호 입력 완료 zip=37887 addr=경북 포항시 남구 오천읍 문덕로12번길 29 (문덕리, 성우천마타운2차)
[2026-06-24 16:17:15] 회원가입 제출 클릭 name=심현우 id=legendfoodi1471 school=문덕초등학교
[2026-06-24 16:17:16] 회원가입 알림 name=심현우 id=legendfoodi1471 message=회원 가입하시겠습니까?
[2026-06-24 16:17:17] 회원가입 알림 name=심현우 id=legendfoodi1471 message=회원 가입에 감사드립니다.
[2026-06-24 16:17:27] 회원가입 검증 완료 name=심현우 day=화목 dialogs=['회원 가입하시겠습니까?', '회원 가입에 감사드립니다.']
[2026-06-24 16:17:27] 수강신청 시도 1 name=심현우 id=legendfoodi1471
[2026-06-24 16:17:27] 수강신청 시작 name=심현우 sheet=PH day=화목
[2026-06-24 16:17:35] PH 과정 선택 완료 day=화목 course_id=2_62 label='' week_filter=True
[2026-06-24 16:17:35] 수강신청 요일 선택 완료 name=심현우 day=화목
[2026-06-24 16:17:37] 수강신청 1차 제출 완료 name=심현우
[2026-06-24 16:17:41] 수강신청 최종 제출 완료 name=심현우
심현우 신청 완료 / 총 42명, 오늘 42명 추가되었습니다.
[2026-06-24 16:17:41] 기록 저장 완료 name=심현우 total=42 today=42
[2026-06-24 16:17:43] 대상 완료 name=심현우 total=42/300 today=42/105
[2026-06-24 16:17:46] 다음 가입 예약: 2026-06-24 16:21:42까지 대기
[2026-06-24 16:21:42] 신규 대상 시작 plan={'sex': '남자', 'day': '화목'}
[2026-06-24 16:21:45] 회원가입 시도 1/4
[2026-06-24 16:21:45] 회원가입 시작 sheet=PH plan={'sex': '남자', 'day': '화목'}
[2026-06-24 16:21:50] 회원가입 폼 진입 완료
[2026-06-24 16:21:53] 우편번호 검색 query=경북 포항시 남구 인덕로 71
[2026-06-24 16:21:56] 우편번호 입력 완료 zip=37878 addr=경북 포항시 남구 인덕로 71 (인덕동, 소망아파트)
[2026-06-24 16:21:56] 회원가입 제출 클릭 name=김지유 id=speakerthou9173 school=인덕초등학교
[2026-06-24 16:21:57] 회원가입 알림 name=김지유 id=speakerthou9173 message=회원 가입하시겠습니까?
[2026-06-24 16:21:58] 회원가입 알림 name=김지유 id=speakerthou9173 message=회원 가입에 감사드립니다.
[2026-06-24 16:22:08] 회원가입 검증 완료 name=김지유 day=화목 dialogs=['회원 가입하시겠습니까?', '회원 가입에 감사드립니다.']
[2026-06-24 16:22:08] 수강신청 시도 1 name=김지유 id=speakerthou9173
[2026-06-24 16:22:08] 수강신청 시작 name=김지유 sheet=PH day=화목
[2026-06-24 16:22:17] PH 과정 선택 완료 day=화목 course_id=2_62 label='' week_filter=True
[2026-06-24 16:22:17] 수강신청 요일 선택 완료 name=김지유 day=화목
[2026-06-24 16:22:19] 수강신청 1차 제출 완료 name=김지유
[2026-06-24 16:22:23] 수강신청 최종 제출 완료 name=김지유
김지유 신청 완료 / 총 43명, 오늘 43명 추가되었습니다.
[2026-06-24 16:22:24] 기록 저장 완료 name=김지유 total=43 today=43
[2026-06-24 16:22:26] 대상 완료 name=김지유 total=43/300 today=43/105
[2026-06-24 16:22:31] 다음 가입 예약: 2026-06-24 16:25:40까지 대기
[2026-06-24 16:25:40] 신규 대상 시작 plan={'sex': '남자', 'day': '월수'}
[2026-06-24 16:25:43] 회원가입 시도 1/4
[2026-06-24 16:25:43] 회원가입 시작 sheet=PH plan={'sex': '남자', 'day': '월수'}
[2026-06-24 16:25:49] 회원가입 폼 진입 완료
[2026-06-24 16:25:53] 우편번호 검색 query=경북 포항시 남구 오천읍 문덕로12번길 29
[2026-06-24 16:25:53] 우편번호 검색 실패 query=경북 포항시 남구 오천읍 문덕로12번길 29 error=Error('Locator.count: Execution context was destroyed, most likely because of a navigation')
[2026-06-24 16:25:54] 우편번호 검색 query=경북 포항시 남구 오천읍 문덕로12번길 29
[2026-06-24 16:25:54] 우편번호 입력 완료 zip=37887 addr=경북 포항시 남구 오천읍 문덕로12번길 29 (문덕리, 성우천마타운2차)
[2026-06-24 16:25:55] 회원가입 제출 클릭 name=연준원 id=promoternigm818 school=문덕초등학교
[2026-06-24 16:25:56] 회원가입 알림 name=연준원 id=promoternigm818 message=회원 가입하시겠습니까?
[2026-06-24 16:25:57] 회원가입 알림 name=연준원 id=promoternigm818 message=회원 가입에 감사드립니다.
[2026-06-24 16:26:07] 회원가입 검증 완료 name=연준원 day=월수 dialogs=['회원 가입하시겠습니까?', '회원 가입에 감사드립니다.']
[2026-06-24 16:26:07] 수강신청 시도 1 name=연준원 id=promoternigm818
[2026-06-24 16:26:07] 수강신청 시작 name=연준원 sheet=PH day=월수
[2026-06-24 16:26:16] PH 과정 선택 완료 day=월수 course_id=1_61 label='' week_filter=True
[2026-06-24 16:26:16] 수강신청 요일 선택 완료 name=연준원 day=월수
[2026-06-24 16:26:18] 수강신청 1차 제출 완료 name=연준원
[2026-06-24 16:26:22] 수강신청 최종 제출 완료 name=연준원
연준원 신청 완료 / 총 44명, 오늘 44명 추가되었습니다.
[2026-06-24 16:26:23] 기록 저장 완료 name=연준원 total=44 today=44
[2026-06-24 16:26:26] 대상 완료 name=연준원 total=44/300 today=44/105
[2026-06-24 16:26:30] 다음 가입 예약: 2026-06-24 16:30:43까지 대기
[2026-06-24 16:30:43] 신규 대상 시작 plan={'sex': '여자', 'day': '월수'}
[2026-06-24 16:30:46] 회원가입 시도 1/4
[2026-06-24 16:30:46] 회원가입 시작 sheet=PH plan={'sex': '여자', 'day': '월수'}
[2026-06-24 16:30:51] 회원가입 폼 진입 완료
[2026-06-24 16:30:55] 우편번호 검색 query=경북 포항시 북구 흥해읍 도음로877번길 9
[2026-06-24 16:30:55] 우편번호 검색 실패 query=경북 포항시 북구 흥해읍 도음로877번길 9 error=Error('Locator.count: Execution context was destroyed, most likely because of a navigation')
[2026-06-24 16:30:56] 우편번호 검색 query=경북 포항시 북구 흥해읍 도음로877번길 9
[2026-06-24 16:30:57] 우편번호 입력 완료 zip=37562 addr=경북 포항시 북구 흥해읍 도음로877번길 9 (학천리, 학천삼도 미래타운1차)
[2026-06-24 16:30:58] 회원가입 제출 클릭 name=김채현 id=advocateteec438 school=학천초등학교
[2026-06-24 16:30:59] 회원가입 알림 name=김채현 id=advocateteec438 message=회원 가입하시겠습니까?
[2026-06-24 16:31:00] 회원가입 알림 name=김채현 id=advocateteec438 message=회원 가입에 감사드립니다.
[2026-06-24 16:31:10] 회원가입 검증 완료 name=김채현 day=월수 dialogs=['회원 가입하시겠습니까?', '회원 가입에 감사드립니다.']
[2026-06-24 16:31:10] 수강신청 시도 1 name=김채현 id=advocateteec438
[2026-06-24 16:31:10] 수강신청 시작 name=김채현 sheet=PH day=월수
[2026-06-24 16:31:19] PH 과정 선택 완료 day=월수 course_id=1_61 label='' week_filter=True
[2026-06-24 16:31:19] 수강신청 요일 선택 완료 name=김채현 day=월수
[2026-06-24 16:31:21] 수강신청 1차 제출 완료 name=김채현
[2026-06-24 16:31:24] 수강신청 최종 제출 완료 name=김채현
김채현 신청 완료 / 총 45명, 오늘 45명 추가되었습니다.
[2026-06-24 16:31:25] 기록 저장 완료 name=김채현 total=45 today=45
[2026-06-24 16:31:27] 대상 완료 name=김채현 total=45/300 today=45/105
[2026-06-24 16:31:30] 다음 가입 예약: 2026-06-24 16:34:09까지 대기
[2026-06-24 16:34:09] 신규 대상 시작 plan={'sex': '남자', 'day': '월수'}
[2026-06-24 16:34:14] 회원가입 시도 1/4
[2026-06-24 16:34:14] 회원가입 시작 sheet=PH plan={'sex': '남자', 'day': '월수'}
[2026-06-24 16:34:22] 회원가입 폼 진입 완료
[2026-06-24 16:34:24] 우편번호 검색 query=경북 포항시 북구 성실로 66-11
[2026-06-24 16:34:26] 우편번호 입력 완료 zip=37615 addr=경북 포항시 북구 성실로 66-11 (장성동, 대방한양아파트)
[2026-06-24 16:34:27] 회원가입 제출 클릭 name=하리오 id=hobbiesrushd78s school=장성초등학교
[2026-06-24 16:34:28] 회원가입 알림 name=하리오 id=hobbiesrushd78s message=회원 가입하시겠습니까?
[2026-06-24 16:34:29] 회원가입 알림 name=하리오 id=hobbiesrushd78s message=회원 가입에 감사드립니다.
[2026-06-24 16:34:39] 회원가입 검증 완료 name=하리오 day=월수 dialogs=['회원 가입하시겠습니까?', '회원 가입에 감사드립니다.']
[2026-06-24 16:34:39] 수강신청 시도 1 name=하리오 id=hobbiesrushd78s
[2026-06-24 16:34:39] 수강신청 시작 name=하리오 sheet=PH day=월수
[2026-06-24 16:34:48] PH 과정 선택 완료 day=월수 course_id=1_61 label='' week_filter=True
[2026-06-24 16:34:48] 수강신청 요일 선택 완료 name=하리오 day=월수
[2026-06-24 16:34:50] 수강신청 1차 제출 완료 name=하리오
[2026-06-24 16:34:54] 수강신청 최종 제출 완료 name=하리오
하리오 신청 완료 / 총 46명, 오늘 46명 추가되었습니다.
[2026-06-24 16:34:55] 기록 저장 완료 name=하리오 total=46 today=46
[2026-06-24 16:34:57] 대상 완료 name=하리오 total=46/300 today=46/105
[2026-06-24 16:34:59] 다음 가입 예약: 2026-06-24 16:39:06까지 대기
[2026-06-24 16:39:06] 신규 대상 시작 plan={'sex': '여자', 'day': '월수'}
[2026-06-24 16:39:09] 회원가입 시도 1/4
[2026-06-24 16:39:09] 회원가입 시작 sheet=PH plan={'sex': '여자', 'day': '월수'}
[2026-06-24 16:39:15] 회원가입 폼 진입 완료
[2026-06-24 16:39:18] 우편번호 검색 query=경북 포항시 북구 흥해읍 도음로827번길 9
[2026-06-24 16:39:18] 우편번호 검색 실패 query=경북 포항시 북구 흥해읍 도음로827번길 9 error=Error('Locator.count: Execution context was destroyed, most likely because of a navigation')
[2026-06-24 16:39:19] 우편번호 검색 query=경북 포항시 북구 흥해읍 도음로827번길 9
[2026-06-24 16:39:20] 우편번호 입력 완료 zip=37562 addr=경북 포항시 북구 흥해읍 도음로827번길 9 (학천리)
[2026-06-24 16:39:22] 회원가입 제출 클릭 name=최다빈 id=kpopwisdom7451 school=학천초등학교
[2026-06-24 16:39:23] 회원가입 알림 name=최다빈 id=kpopwisdom7451 message=회원 가입하시겠습니까?
[2026-06-24 16:39:24] 회원가입 알림 name=최다빈 id=kpopwisdom7451 message=회원 가입에 감사드립니다.
[2026-06-24 16:39:34] 회원가입 검증 완료 name=최다빈 day=월수 dialogs=['회원 가입하시겠습니까?', '회원 가입에 감사드립니다.']
[2026-06-24 16:39:34] 수강신청 시도 1 name=최다빈 id=kpopwisdom7451
[2026-06-24 16:39:34] 수강신청 시작 name=최다빈 sheet=PH day=월수
[2026-06-24 16:39:42] PH 과정 선택 완료 day=월수 course_id=1_61 label='' week_filter=True
[2026-06-24 16:39:42] 수강신청 요일 선택 완료 name=최다빈 day=월수
[2026-06-24 16:39:44] 수강신청 1차 제출 완료 name=최다빈
[2026-06-24 16:39:48] 수강신청 최종 제출 완료 name=최다빈
최다빈 신청 완료 / 총 47명, 오늘 47명 추가되었습니다.
[2026-06-24 16:39:49] 기록 저장 완료 name=최다빈 total=47 today=47
[2026-06-24 16:39:50] 대상 완료 name=최다빈 total=47/300 today=47/105
[2026-06-24 16:39:53] 다음 가입 예약: 2026-06-24 16:44:40까지 대기
[2026-06-24 16:44:40] 신규 대상 시작 plan={'sex': '남자', 'day': '화목'}
[2026-06-24 16:44:43] 회원가입 시도 1/4
[2026-06-24 16:44:43] 회원가입 시작 sheet=PH plan={'sex': '남자', 'day': '화목'}
[2026-06-24 16:44:49] 회원가입 폼 진입 완료
[2026-06-24 16:44:53] 우편번호 검색 query=경북 포항시 남구 대해로79번길 14-10 성경빌라
[2026-06-24 16:44:54] 우편번호 입력 완료 zip=37779 addr=경북 포항시 남구 대해로79번길 14-10 (대도동, 성경빌라)
[2026-06-24 16:44:55] 회원가입 제출 클릭 name=김승환 id=seainspire66q school=상대초등학교
[2026-06-24 16:44:56] 회원가입 알림 name=김승환 id=seainspire66q message=회원 가입하시겠습니까?
[2026-06-24 16:44:56] 회원가입 알림 name=김승환 id=seainspire66q message=회원 가입에 감사드립니다.
[2026-06-24 16:45:06] 회원가입 검증 완료 name=김승환 day=화목 dialogs=['회원 가입하시겠습니까?', '회원 가입에 감사드립니다.']
[2026-06-24 16:45:06] 수강신청 시도 1 name=김승환 id=seainspire66q
[2026-06-24 16:45:06] 수강신청 시작 name=김승환 sheet=PH day=화목
[2026-06-24 16:45:15] PH 과정 선택 완료 day=화목 course_id=2_62 label='' week_filter=True
[2026-06-24 16:45:15] 수강신청 요일 선택 완료 name=김승환 day=화목
[2026-06-24 16:45:17] 수강신청 1차 제출 완료 name=김승환
[2026-06-24 16:45:21] 수강신청 최종 제출 완료 name=김승환
김승환 신청 완료 / 총 48명, 오늘 48명 추가되었습니다.
[2026-06-24 16:45:22] 기록 저장 완료 name=김승환 total=48 today=48
[2026-06-24 16:45:23] 대상 완료 name=김승환 total=48/300 today=48/105
[2026-06-24 16:45:26] 다음 가입 예약: 2026-06-24 16:47:20까지 대기
[2026-06-24 16:47:20] 신규 대상 시작 plan={'sex': '남자', 'day': '화목'}
[2026-06-24 16:47:23] 회원가입 시도 1/4
[2026-06-24 16:47:23] 회원가입 시작 sheet=PH plan={'sex': '남자', 'day': '화목'}
[2026-06-24 16:47:29] 회원가입 폼 진입 완료
[2026-06-24 16:47:32] 우편번호 검색 query=경북 포항시 북구 흥해읍 도음로827번길 9
[2026-06-24 16:47:34] 우편번호 입력 완료 zip=37562 addr=경북 포항시 북구 흥해읍 도음로827번길 9 (학천리)
[2026-06-24 16:47:35] 회원가입 제출 클릭 name=김민기 id=doctorsumme2069 school=학천초등학교
[2026-06-24 16:47:36] 회원가입 알림 name=김민기 id=doctorsumme2069 message=회원 가입하시겠습니까?
[2026-06-24 16:47:37] 회원가입 알림 name=김민기 id=doctorsumme2069 message=회원 가입에 감사드립니다.
[2026-06-24 16:47:47] 회원가입 검증 완료 name=김민기 day=화목 dialogs=['회원 가입하시겠습니까?', '회원 가입에 감사드립니다.']
[2026-06-24 16:47:47] 수강신청 시도 1 name=김민기 id=doctorsumme2069
[2026-06-24 16:47:47] 수강신청 시작 name=김민기 sheet=PH day=화목
[2026-06-24 16:47:55] PH 과정 선택 완료 day=화목 course_id=2_62 label='' week_filter=True
[2026-06-24 16:47:55] 수강신청 요일 선택 완료 name=김민기 day=화목
[2026-06-24 16:47:57] 수강신청 1차 제출 완료 name=김민기
[2026-06-24 16:48:01] 수강신청 최종 제출 완료 name=김민기
김민기 신청 완료 / 총 49명, 오늘 49명 추가되었습니다.
[2026-06-24 16:48:02] 기록 저장 완료 name=김민기 total=49 today=49
[2026-06-24 16:48:05] 대상 완료 name=김민기 total=49/300 today=49/105
[2026-06-24 16:48:10] 다음 가입 예약: 2026-06-24 16:51:52까지 대기
[2026-06-24 16:51:52] 신규 대상 시작 plan={'sex': '여자', 'day': '월수'}
[2026-06-24 16:51:55] 회원가입 시도 1/4
[2026-06-24 16:51:55] 회원가입 시작 sheet=PH plan={'sex': '여자', 'day': '월수'}
[2026-06-24 16:52:00] 회원가입 폼 진입 완료
[2026-06-24 16:52:03] 우편번호 검색 query=경북 포항시 북구 우창로 166 창포메트로시티2단지
[2026-06-24 16:52:17] 우편번호 검색 query=경북 포항시 북구 우창로 166 창포메트로시티2단지
[2026-06-24 16:52:18] 우편번호 입력 완료 zip=37627 addr=경북 포항시 북구 우창로 166 (창포동, 창포메트로시티2단지)
[2026-06-24 16:52:19] 회원가입 제출 클릭 name=김해원 id=dreamercriti87l school=창포초등학교
[2026-06-24 16:52:20] 회원가입 알림 name=김해원 id=dreamercriti87l message=회원 가입하시겠습니까?
[2026-06-24 16:52:20] 회원가입 알림 name=김해원 id=dreamercriti87l message=회원 가입에 감사드립니다.
[2026-06-24 16:52:30] 회원가입 검증 완료 name=김해원 day=월수 dialogs=['회원 가입하시겠습니까?', '회원 가입에 감사드립니다.']
[2026-06-24 16:52:30] 수강신청 시도 1 name=김해원 id=dreamercriti87l
[2026-06-24 16:52:30] 수강신청 시작 name=김해원 sheet=PH day=월수
[2026-06-24 16:52:39] PH 과정 선택 완료 day=월수 course_id=1_61 label='' week_filter=True
[2026-06-24 16:52:39] 수강신청 요일 선택 완료 name=김해원 day=월수
[2026-06-24 16:52:41] 수강신청 1차 제출 완료 name=김해원
[2026-06-24 16:52:45] 수강신청 최종 제출 완료 name=김해원
김해원 신청 완료 / 총 50명, 오늘 50명 추가되었습니다.
[2026-06-24 16:52:45] 기록 저장 완료 name=김해원 total=50 today=50
[2026-06-24 16:52:47] 대상 완료 name=김해원 total=50/300 today=50/105
[2026-06-24 16:52:50] 다음 가입 예약: 2026-06-24 16:55:31까지 대기
[2026-06-24 16:55:31] 신규 대상 시작 plan={'sex': '남자', 'day': '월수'}
[2026-06-24 16:55:35] 회원가입 시도 1/4
[2026-06-24 16:55:35] 회원가입 시작 sheet=PH plan={'sex': '남자', 'day': '월수'}
[2026-06-24 16:55:41] 회원가입 폼 진입 완료
[2026-06-24 16:55:44] 우편번호 검색 query=경북 포항시 북구 삼흥로88번길 10
[2026-06-24 16:55:44] 우편번호 검색 실패 query=경북 포항시 북구 삼흥로88번길 10 error=Error('Locator.count: Execution context was destroyed, most likely because of a navigation')
[2026-06-24 16:55:45] 우편번호 검색 query=경북 포항시 북구 삼흥로88번길 10
[2026-06-24 16:55:45] 주소 지역 불일치 query=경북 포항시 북구 삼흥로88번길 10 result=경북 영주시 부석면 부석사로88번길 10
[2026-06-24 16:55:46] 우편번호 검색 query=장량초등학교
[2026-06-24 16:55:46] 우편번호 입력 완료 zip=37574 addr=경북 포항시 북구 장량중앙로 27 (양덕동, 포항송곡초등학교)
[2026-06-24 16:55:47] 회원가입 제출 클릭 name=이준영 id=mathematicia346 school=장량초등학교
[2026-06-24 16:55:48] 회원가입 알림 name=이준영 id=mathematicia346 message=회원 가입하시겠습니까?
[2026-06-24 16:55:49] 회원가입 알림 name=이준영 id=mathematicia346 message=회원 가입에 감사드립니다.
[2026-06-24 16:55:59] 회원가입 검증 완료 name=이준영 day=월수 dialogs=['회원 가입하시겠습니까?', '회원 가입에 감사드립니다.']
[2026-06-24 16:55:59] 수강신청 시도 1 name=이준영 id=mathematicia346
[2026-06-24 16:55:59] 수강신청 시작 name=이준영 sheet=PH day=월수
[2026-06-24 16:56:07] PH 과정 선택 완료 day=월수 course_id=1_61 label='' week_filter=True
[2026-06-24 16:56:07] 수강신청 요일 선택 완료 name=이준영 day=월수
[2026-06-24 16:56:09] 수강신청 1차 제출 완료 name=이준영
[2026-06-24 16:56:14] 수강신청 최종 제출 완료 name=이준영
이준영 신청 완료 / 총 51명, 오늘 51명 추가되었습니다.
[2026-06-24 16:56:15] 기록 저장 완료 name=이준영 total=51 today=51
[2026-06-24 16:56:18] 대상 완료 name=이준영 total=51/300 today=51/105
[2026-06-24 16:56:21] 다음 가입 예약: 2026-06-24 17:00:26까지 대기
[2026-06-24 17:00:26] 신규 대상 시작 plan={'sex': '여자', 'day': '화목'}
[2026-06-24 17:00:30] 회원가입 시도 1/4
[2026-06-24 17:00:30] 회원가입 시작 sheet=PH plan={'sex': '여자', 'day': '화목'}
[2026-06-24 17:00:37] 회원가입 폼 진입 완료
[2026-06-24 17:00:41] 우편번호 검색 query=경북 포항시 남구 오천읍 냉천로 340
[2026-06-24 17:00:42] 주소 지역 불일치 query=경북 포항시 남구 오천읍 냉천로 340 result=대구 군위군 군위읍 내외량길 340
[2026-06-24 17:00:42] 우편번호 검색 query=경북 포항시 남구 오천읍 냉천로 340
[2026-06-24 17:00:42] 주소 지역 불일치 query=경북 포항시 남구 오천읍 냉천로 340 result=대구 군위군 군위읍 내외량길 340
[2026-06-24 17:00:42] 우편번호 검색 query=문덕초등학교
[2026-06-24 17:00:51] 우편번호 검색 query=문덕초등학교
[2026-06-24 17:01:03] 회원가입 실패 try=1 error=RuntimeError("우편번호/주소 입력 실패 queries=['경북 포항시 남구 오천읍 냉천로 340', '문덕초등학교'] required=포항 last_error=검색 결과 없음 query=문덕초등학교")
[2026-06-24 17:01:03] 회원가입 시도 2/4
[2026-06-24 17:01:03] 회원가입 시작 sheet=PH plan={'sex': '여자', 'day': '화목'}
[2026-06-24 17:01:07] 회원가입 폼 진입 완료
[2026-06-24 17:01:09] 우편번호 검색 query=경북 포항시 남구 오천읍 해병로 127
[2026-06-24 17:01:10] 우편번호 입력 완료 zip=37902 addr=경북 포항시 남구 오천읍 해병로 127 (구정리, 우방신세계타운2차)
[2026-06-24 17:01:11] 회원가입 제출 클릭 name=박세영 id=entrepreneu9295 school=구정초등학교
[2026-06-24 17:01:12] 회원가입 알림 name=박세영 id=entrepreneu9295 message=회원 가입하시겠습니까?
[2026-06-24 17:01:13] 회원가입 알림 name=박세영 id=entrepreneu9295 message=회원 가입에 감사드립니다.
[2026-06-24 17:01:23] 회원가입 검증 완료 name=박세영 day=화목 dialogs=['회원 가입하시겠습니까?', '회원 가입에 감사드립니다.']
[2026-06-24 17:01:23] 수강신청 시도 1 name=박세영 id=entrepreneu9295
[2026-06-24 17:01:23] 수강신청 시작 name=박세영 sheet=PH day=화목
[2026-06-24 17:01:31] PH 과정 선택 완료 day=화목 course_id=2_62 label='' week_filter=True
[2026-06-24 17:01:31] 수강신청 요일 선택 완료 name=박세영 day=화목
[2026-06-24 17:01:33] 수강신청 1차 제출 완료 name=박세영
[2026-06-24 17:01:37] 수강신청 최종 제출 완료 name=박세영
박세영 신청 완료 / 총 52명, 오늘 52명 추가되었습니다.
[2026-06-24 17:01:38] 기록 저장 완료 name=박세영 total=52 today=52
[2026-06-24 17:01:39] 대상 완료 name=박세영 total=52/300 today=52/105
[2026-06-24 17:01:42] 다음 가입 예약: 2026-06-24 17:06:52까지 대기
[2026-06-24 17:06:52] 신규 대상 시작 plan={'sex': '여자', 'day': '월수'}
[2026-06-24 17:06:55] 회원가입 시도 1/4
[2026-06-24 17:06:55] 회원가입 시작 sheet=PH plan={'sex': '여자', 'day': '월수'}
[2026-06-24 17:07:01] 회원가입 폼 진입 완료
[2026-06-24 17:07:05] 우편번호 검색 query=경북 포항시 북구 삼흥로88번길 10
[2026-06-24 17:07:06] 주소 지역 불일치 query=경북 포항시 북구 삼흥로88번길 10 result=경북 영주시 부석면 부석사로88번길 10
[2026-06-24 17:07:06] 우편번호 검색 query=경북 포항시 북구 삼흥로88번길 10
[2026-06-24 17:07:06] 주소 지역 불일치 query=경북 포항시 북구 삼흥로88번길 10 result=경북 영주시 부석면 부석사로88번길 10
[2026-06-24 17:07:06] 우편번호 검색 실패 query=장량초등학교 error=Error('Locator.count: Execution context was destroyed, most likely because of a navigation')
[2026-06-24 17:07:07] 우편번호 검색 query=장량초등학교
[2026-06-24 17:07:08] 우편번호 입력 완료 zip=37574 addr=경북 포항시 북구 장량중앙로 27 (양덕동, 포항송곡초등학교)
[2026-06-24 17:07:09] 회원가입 제출 클릭 name=성다솔 id=artmemoriesfe60 school=장량초등학교
[2026-06-24 17:07:10] 회원가입 알림 name=성다솔 id=artmemoriesfe60 message=회원 가입하시겠습니까?
[2026-06-24 17:07:10] 회원가입 알림 name=성다솔 id=artmemoriesfe60 message=회원 가입에 감사드립니다.
[2026-06-24 17:07:20] 회원가입 검증 완료 name=성다솔 day=월수 dialogs=['회원 가입하시겠습니까?', '회원 가입에 감사드립니다.']
[2026-06-24 17:07:20] 수강신청 시도 1 name=성다솔 id=artmemoriesfe60
[2026-06-24 17:07:20] 수강신청 시작 name=성다솔 sheet=PH day=월수
[2026-06-24 17:07:29] PH 과정 선택 완료 day=월수 course_id=1_61 label='' week_filter=True
[2026-06-24 17:07:29] 수강신청 요일 선택 완료 name=성다솔 day=월수
[2026-06-24 17:07:30] 수강신청 1차 제출 완료 name=성다솔
[2026-06-24 17:07:34] 수강신청 최종 제출 완료 name=성다솔
성다솔 신청 완료 / 총 53명, 오늘 53명 추가되었습니다.
[2026-06-24 17:07:35] 기록 저장 완료 name=성다솔 total=53 today=53
[2026-06-24 17:07:37] 대상 완료 name=성다솔 total=53/300 today=53/105
[2026-06-24 17:07:40] 다음 가입 예약: 2026-06-24 17:09:10까지 대기
[2026-06-24 17:09:10] 신규 대상 시작 plan={'sex': '여자', 'day': '월수'}
[2026-06-24 17:09:13] 회원가입 시도 1/4
[2026-06-24 17:09:13] 회원가입 시작 sheet=PH plan={'sex': '여자', 'day': '월수'}
[2026-06-24 17:09:19] 회원가입 폼 진입 완료
[2026-06-24 17:09:22] 우편번호 검색 query=경북 포항시 북구 흥해읍 남성리 587-1
[2026-06-24 17:09:23] 주소 지역 불일치 query=경북 포항시 북구 흥해읍 남성리 587-1 result=경북 구미시 무을면 상무로 587-1
[2026-06-24 17:09:24] 우편번호 검색 query=경북 포항시 북구 흥해읍 남성리 587-1
[2026-06-24 17:09:24] 주소 지역 불일치 query=경북 포항시 북구 흥해읍 남성리 587-1 result=경북 구미시 무을면 상무로 587-1
[2026-06-24 17:09:25] 우편번호 검색 query=흥해남산초등학교
[2026-06-24 17:09:26] 우편번호 입력 완료 zip=37546 addr=경북 포항시 북구 흥해읍 남미질로 26 (남성리, 흥해남산초등학교)
[2026-06-24 17:09:27] 회원가입 제출 클릭 name=조다솜 id=allytranslat18h school=흥해남산초등학교
[2026-06-24 17:09:28] 회원가입 알림 name=조다솜 id=allytranslat18h message=회원 가입하시겠습니까?
[2026-06-24 17:09:29] 회원가입 알림 name=조다솜 id=allytranslat18h message=회원 가입에 감사드립니다.
[2026-06-24 17:09:38] 회원가입 검증 완료 name=조다솜 day=월수 dialogs=['회원 가입하시겠습니까?', '회원 가입에 감사드립니다.']
[2026-06-24 17:09:38] 수강신청 시도 1 name=조다솜 id=allytranslat18h
[2026-06-24 17:09:38] 수강신청 시작 name=조다솜 sheet=PH day=월수
[2026-06-24 17:09:47] PH 과정 선택 완료 day=월수 course_id=1_61 label='' week_filter=True
[2026-06-24 17:09:47] 수강신청 요일 선택 완료 name=조다솜 day=월수
[2026-06-24 17:09:49] 수강신청 1차 제출 완료 name=조다솜
[2026-06-24 17:09:53] 수강신청 최종 제출 완료 name=조다솜
조다솜 신청 완료 / 총 54명, 오늘 54명 추가되었습니다.
[2026-06-24 17:09:53] 기록 저장 완료 name=조다솜 total=54 today=54
[2026-06-24 17:09:55] 대상 완료 name=조다솜 total=54/300 today=54/105
[2026-06-24 17:09:58] 다음 가입 예약: 2026-06-24 17:14:05까지 대기
[2026-06-24 17:14:05] 신규 대상 시작 plan={'sex': '여자', 'day': '화목'}
[2026-06-24 17:14:10] 회원가입 시도 1/4
[2026-06-24 17:14:10] 회원가입 시작 sheet=PH plan={'sex': '여자', 'day': '화목'}
[2026-06-24 17:14:18] 회원가입 폼 진입 완료
[2026-06-24 17:14:22] 우편번호 검색 query=경북 포항시 남구 오천읍 냉천로 340
[2026-06-24 17:14:23] 우편번호 입력 완료 zip=37886 addr=경북 포항시 남구 오천읍 냉천로 340 (문덕리, 대궁꿈마을아파트)
[2026-06-24 17:14:25] 회원가입 제출 클릭 name=양다경 id=minecraftdisu54 school=문덕초등학교
[2026-06-24 17:14:26] 회원가입 알림 name=양다경 id=minecraftdisu54 message=회원 가입하시겠습니까?
[2026-06-24 17:14:27] 회원가입 알림 name=양다경 id=minecraftdisu54 message=회원 가입에 감사드립니다.
[2026-06-24 17:14:36] 회원가입 검증 완료 name=양다경 day=화목 dialogs=['회원 가입하시겠습니까?', '회원 가입에 감사드립니다.']
[2026-06-24 17:14:36] 수강신청 시도 1 name=양다경 id=minecraftdisu54
[2026-06-24 17:14:36] 수강신청 시작 name=양다경 sheet=PH day=화목
[2026-06-24 17:14:45] PH 과정 선택 완료 day=화목 course_id=2_62 label='' week_filter=True
[2026-06-24 17:14:45] 수강신청 요일 선택 완료 name=양다경 day=화목
[2026-06-24 17:14:47] 수강신청 1차 제출 완료 name=양다경
[2026-06-24 17:14:51] 수강신청 최종 제출 완료 name=양다경
양다경 신청 완료 / 총 55명, 오늘 55명 추가되었습니다.
[2026-06-24 17:14:52] 기록 저장 완료 name=양다경 total=55 today=55
[2026-06-24 17:14:54] 대상 완료 name=양다경 total=55/300 today=55/105
[2026-06-24 17:14:56] 다음 가입 예약: 2026-06-24 17:19:06까지 대기
[2026-06-24 17:19:06] 신규 대상 시작 plan={'sex': '여자', 'day': '화목'}
[2026-06-24 17:19:09] 회원가입 시도 1/4
[2026-06-24 17:19:09] 회원가입 시작 sheet=PH plan={'sex': '여자', 'day': '화목'}
[2026-06-24 17:19:15] 회원가입 폼 진입 완료
[2026-06-24 17:19:18] 우편번호 검색 query=경북 포항시 북구 우창로 20
[2026-06-24 17:19:20] 우편번호 입력 완료 zip=37639 addr=경북 포항시 북구 우창로 20 (우현동, 신동아베르디1차)
[2026-06-24 17:19:21] 회원가입 제출 클릭 name=황나엘 id=marblewellne38k school=포항중앙초등학교
[2026-06-24 17:19:22] 회원가입 알림 name=황나엘 id=marblewellne38k message=회원 가입하시겠습니까?
[2026-06-24 17:19:22] 회원가입 알림 name=황나엘 id=marblewellne38k message=회원 가입에 감사드립니다.
[2026-06-24 17:19:32] 회원가입 검증 완료 name=황나엘 day=화목 dialogs=['회원 가입하시겠습니까?', '회원 가입에 감사드립니다.']
[2026-06-24 17:19:32] 수강신청 시도 1 name=황나엘 id=marblewellne38k
[2026-06-24 17:19:32] 수강신청 시작 name=황나엘 sheet=PH day=화목
[2026-06-24 17:19:41] PH 과정 선택 완료 day=화목 course_id=2_62 label='' week_filter=True
[2026-06-24 17:19:41] 수강신청 요일 선택 완료 name=황나엘 day=화목
[2026-06-24 17:19:42] 수강신청 1차 제출 완료 name=황나엘
[2026-06-24 17:19:46] 수강신청 최종 제출 완료 name=황나엘
황나엘 신청 완료 / 총 56명, 오늘 56명 추가되었습니다.
[2026-06-24 17:19:47] 기록 저장 완료 name=황나엘 total=56 today=56
[2026-06-24 17:19:49] 대상 완료 name=황나엘 total=56/300 today=56/105
[2026-06-24 17:19:52] 다음 가입 예약: 2026-06-24 17:23:16까지 대기
[2026-06-24 17:23:16] 신규 대상 시작 plan={'sex': '남자', 'day': '월수'}
[2026-06-24 17:23:19] 회원가입 시도 1/4
[2026-06-24 17:23:19] 회원가입 시작 sheet=PH plan={'sex': '남자', 'day': '월수'}
[2026-06-24 17:23:24] 회원가입 폼 진입 완료
[2026-06-24 17:23:27] 우편번호 검색 query=경북 포항시 북구 삼호로 391
[2026-06-24 17:23:27] 우편번호 검색 실패 query=경북 포항시 북구 삼호로 391 error=Error('Locator.count: Execution context was destroyed, most likely because of a navigation')
[2026-06-24 17:23:28] 우편번호 검색 query=경북 포항시 북구 삼호로 391
[2026-06-24 17:23:28] 주소 지역 불일치 query=경북 포항시 북구 삼호로 391 result=대구 남구 앞산순환로 391
[2026-06-24 17:23:28] 우편번호 검색 실패 query=포항해맞이초등학교 error=Error('Locator.count: Execution context was destroyed, most likely because of a navigation')
[2026-06-24 17:23:29] 우편번호 검색 query=포항해맞이초등학교
[2026-06-24 17:23:30] 우편번호 입력 완료 zip=37604 addr=경북 포항시 북구 환호로 37 (환호동, 포항해맞이초등학교)
[2026-06-24 17:23:31] 회원가입 제출 클릭 name=문윤호 id=memorieshea5574 school=포항해맞이초등학교
[2026-06-24 17:23:32] 회원가입 알림 name=문윤호 id=memorieshea5574 message=회원 가입하시겠습니까?
[2026-06-24 17:23:32] 회원가입 알림 name=문윤호 id=memorieshea5574 message=회원 가입에 감사드립니다.
[2026-06-24 17:23:42] 회원가입 검증 완료 name=문윤호 day=월수 dialogs=['회원 가입하시겠습니까?', '회원 가입에 감사드립니다.']
[2026-06-24 17:23:42] 수강신청 시도 1 name=문윤호 id=memorieshea5574
[2026-06-24 17:23:42] 수강신청 시작 name=문윤호 sheet=PH day=월수
[2026-06-24 17:23:51] PH 과정 선택 완료 day=월수 course_id=1_61 label='' week_filter=True
[2026-06-24 17:23:51] 수강신청 요일 선택 완료 name=문윤호 day=월수
[2026-06-24 17:23:53] 수강신청 1차 제출 완료 name=문윤호
[2026-06-24 17:23:56] 수강신청 최종 제출 완료 name=문윤호
문윤호 신청 완료 / 총 57명, 오늘 57명 추가되었습니다.
[2026-06-24 17:23:57] 기록 저장 완료 name=문윤호 total=57 today=57
[2026-06-24 17:23:59] 대상 완료 name=문윤호 total=57/300 today=57/105
[2026-06-24 17:24:01] 다음 가입 예약: 2026-06-24 17:28:30까지 대기
[2026-06-24 17:28:30] 신규 대상 시작 plan={'sex': '여자', 'day': '월수'}
[2026-06-24 17:28:34] 회원가입 시도 1/4
[2026-06-24 17:28:34] 회원가입 시작 sheet=PH plan={'sex': '여자', 'day': '월수'}
[2026-06-24 17:28:40] 회원가입 폼 진입 완료
[2026-06-24 17:28:43] 우편번호 검색 query=경북 포항시 남구 대해로79번길 14-10 성경빌라
[2026-06-24 17:28:45] 우편번호 입력 완료 zip=37779 addr=경북 포항시 남구 대해로79번길 14-10 (대도동, 성경빌라)
[2026-06-24 17:28:46] 회원가입 제출 클릭 name=최채율 id=moderatorbra32a school=상대초등학교
[2026-06-24 17:28:47] 회원가입 알림 name=최채율 id=moderatorbra32a message=회원 가입하시겠습니까?
[2026-06-24 17:28:48] 회원가입 알림 name=최채율 id=moderatorbra32a message=회원 가입에 감사드립니다.
[2026-06-24 17:28:58] 회원가입 검증 완료 name=최채율 day=월수 dialogs=['회원 가입하시겠습니까?', '회원 가입에 감사드립니다.']
[2026-06-24 17:28:58] 수강신청 시도 1 name=최채율 id=moderatorbra32a
[2026-06-24 17:28:58] 수강신청 시작 name=최채율 sheet=PH day=월수
[2026-06-24 17:29:06] PH 과정 선택 완료 day=월수 course_id=1_61 label='' week_filter=True
[2026-06-24 17:29:06] 수강신청 요일 선택 완료 name=최채율 day=월수
[2026-06-24 17:29:08] 수강신청 1차 제출 완료 name=최채율
[2026-06-24 17:29:12] 수강신청 최종 제출 완료 name=최채율
최채율 신청 완료 / 총 58명, 오늘 58명 추가되었습니다.
[2026-06-24 17:29:13] 기록 저장 완료 name=최채율 total=58 today=58
[2026-06-24 17:29:15] 대상 완료 name=최채율 total=58/300 today=58/105
[2026-06-24 17:29:18] 다음 가입 예약: 2026-06-24 17:32:21까지 대기
[2026-06-24 17:32:21] 신규 대상 시작 plan={'sex': '남자', 'day': '화목'}
[2026-06-24 17:32:25] 회원가입 시도 1/4
[2026-06-24 17:32:25] 회원가입 시작 sheet=PH plan={'sex': '남자', 'day': '화목'}
[2026-06-24 17:32:32] 회원가입 폼 진입 완료
[2026-06-24 17:32:35] 우편번호 검색 query=경북 포항시 북구 우미길 90
[2026-06-24 17:32:36] 주소 지역 불일치 query=경북 포항시 북구 우미길 90 result=대구 군위군 군위읍 개봉길 90-2
[2026-06-24 17:32:37] 우편번호 검색 query=경북 포항시 북구 우미길 90
[2026-06-24 17:32:37] 주소 지역 불일치 query=경북 포항시 북구 우미길 90 result=대구 군위군 군위읍 개봉길 90-2
[2026-06-24 17:32:37] 우편번호 검색 query=포항대흥초등학교
[2026-06-24 17:32:38] 우편번호 입력 완료 zip=37647 addr=경북 포항시 북구 우미길 90 (용흥동, 해원하나로타운)
[2026-06-24 17:32:39] 회원가입 제출 클릭 name=박동건 id=therapistpam595 school=포항대흥초등학교
[2026-06-24 17:32:40] 회원가입 알림 name=박동건 id=therapistpam595 message=회원 가입하시겠습니까?
[2026-06-24 17:32:41] 회원가입 알림 name=박동건 id=therapistpam595 message=회원 가입에 감사드립니다.
[2026-06-24 17:32:51] 회원가입 검증 완료 name=박동건 day=화목 dialogs=['회원 가입하시겠습니까?', '회원 가입에 감사드립니다.']
[2026-06-24 17:32:51] 수강신청 시도 1 name=박동건 id=therapistpam595
[2026-06-24 17:32:51] 수강신청 시작 name=박동건 sheet=PH day=화목
[2026-06-24 17:33:00] PH 과정 선택 완료 day=화목 course_id=2_62 label='' week_filter=True
[2026-06-24 17:33:00] 수강신청 요일 선택 완료 name=박동건 day=화목
[2026-06-24 17:33:01] 수강신청 1차 제출 완료 name=박동건
[2026-06-24 17:33:05] 수강신청 최종 제출 완료 name=박동건
박동건 신청 완료 / 총 59명, 오늘 59명 추가되었습니다.
[2026-06-24 17:33:06] 기록 저장 완료 name=박동건 total=59 today=59
[2026-06-24 17:33:08] 대상 완료 name=박동건 total=59/300 today=59/105
[2026-06-24 17:33:11] 다음 가입 예약: 2026-06-24 17:35:51까지 대기
[2026-06-24 17:35:51] 신규 대상 시작 plan={'sex': '여자', 'day': '월수'}
[2026-06-24 17:35:54] 회원가입 시도 1/4
[2026-06-24 17:35:54] 회원가입 시작 sheet=PH plan={'sex': '여자', 'day': '월수'}
[2026-06-24 17:35:59] 회원가입 폼 진입 완료
[2026-06-24 17:36:02] 우편번호 검색 query=경북 포항시 남구 오천읍 냉천로 340
[2026-06-24 17:36:03] 우편번호 입력 완료 zip=37886 addr=경북 포항시 남구 오천읍 냉천로 340 (문덕리, 대궁꿈마을아파트)
[2026-06-24 17:36:07] 회원가입 제출 클릭 name=김다정 id=signalpeppe9114 school=문덕초등학교
[2026-06-24 17:36:09] 회원가입 알림 name=김다정 id=signalpeppe9114 message=회원 가입하시겠습니까?
[2026-06-24 17:36:10] 회원가입 알림 name=김다정 id=signalpeppe9114 message=회원 가입에 감사드립니다.
[2026-06-24 17:36:20] 회원가입 검증 완료 name=김다정 day=월수 dialogs=['회원 가입하시겠습니까?', '회원 가입에 감사드립니다.']
[2026-06-24 17:36:20] 수강신청 시도 1 name=김다정 id=signalpeppe9114
[2026-06-24 17:36:20] 수강신청 시작 name=김다정 sheet=PH day=월수
[2026-06-24 17:36:30] PH 과정 선택 완료 day=월수 course_id=1_61 label='' week_filter=True
[2026-06-24 17:36:30] 수강신청 요일 선택 완료 name=김다정 day=월수
[2026-06-24 17:36:32] 수강신청 1차 제출 완료 name=김다정
[2026-06-24 17:36:36] 수강신청 최종 제출 완료 name=김다정
김다정 신청 완료 / 총 60명, 오늘 60명 추가되었습니다.
[2026-06-24 17:36:37] 기록 저장 완료 name=김다정 total=60 today=60
[2026-06-24 17:36:39] 대상 완료 name=김다정 total=60/300 today=60/105
[2026-06-24 17:36:42] 다음 가입 예약: 2026-06-24 17:41:08까지 대기
[2026-06-24 17:41:08] 신규 대상 시작 plan={'sex': '여자', 'day': '월수'}
[2026-06-24 17:41:11] 회원가입 시도 1/4
[2026-06-24 17:41:11] 회원가입 시작 sheet=PH plan={'sex': '여자', 'day': '월수'}
[2026-06-24 17:41:16] 회원가입 폼 진입 완료
[2026-06-24 17:41:19] 우편번호 검색 query=경북 포항시 남구 지곡로 294
[2026-06-24 17:41:21] 우편번호 입력 완료 zip=37669 addr=경북 포항시 남구 지곡로 294 (지곡동, 효자그린아파트)
[2026-06-24 17:41:22] 회원가입 제출 클릭 name=황민지 id=lifemegan340 school=달전초등학교
[2026-06-24 17:41:23] 회원가입 알림 name=황민지 id=lifemegan340 message=회원 가입하시겠습니까?
[2026-06-24 17:41:23] 회원가입 알림 name=황민지 id=lifemegan340 message=회원 가입에 감사드립니다.
[2026-06-24 17:41:33] 회원가입 검증 완료 name=황민지 day=월수 dialogs=['회원 가입하시겠습니까?', '회원 가입에 감사드립니다.']
[2026-06-24 17:41:33] 수강신청 시도 1 name=황민지 id=lifemegan340
[2026-06-24 17:41:33] 수강신청 시작 name=황민지 sheet=PH day=월수
[2026-06-24 17:41:42] PH 과정 선택 완료 day=월수 course_id=1_61 label='' week_filter=True
[2026-06-24 17:41:42] 수강신청 요일 선택 완료 name=황민지 day=월수
[2026-06-24 17:41:44] 수강신청 1차 제출 완료 name=황민지
[2026-06-24 17:41:47] 수강신청 최종 제출 완료 name=황민지
황민지 신청 완료 / 총 61명, 오늘 61명 추가되었습니다.
[2026-06-24 17:41:48] 기록 저장 완료 name=황민지 total=61 today=61
[2026-06-24 17:41:50] 대상 완료 name=황민지 total=61/300 today=61/105
[2026-06-24 17:41:53] 다음 가입 예약: 2026-06-24 17:45:16까지 대기
[2026-06-24 17:45:16] 신규 대상 시작 plan={'sex': '여자', 'day': '월수'}
[2026-06-24 17:45:19] 회원가입 시도 1/4
[2026-06-24 17:45:19] 회원가입 시작 sheet=PH plan={'sex': '여자', 'day': '월수'}
[2026-06-24 17:45:24] 회원가입 폼 진입 완료
[2026-06-24 17:45:28] 우편번호 검색 query=경북 포항시 북구 중흥로161번길 24-8 경동하이츠13차
[2026-06-24 17:45:28] 우편번호 검색 실패 query=경북 포항시 북구 중흥로161번길 24-8 경동하이츠13차 error=Error('Locator.count: Execution context was destroyed, most likely because of a navigation')
[2026-06-24 17:45:29] 우편번호 검색 query=경북 포항시 북구 중흥로161번길 24-8 경동하이츠13차
[2026-06-24 17:45:30] 우편번호 입력 완료 zip=37756 addr=경북 포항시 북구 중흥로161번길 24-8 (죽도동, 경동하이츠13차)
[2026-06-24 17:45:31] 회원가입 제출 클릭 name=임서린 id=dreamorganiq631 school=상대초등학교
[2026-06-24 17:45:32] 회원가입 알림 name=임서린 id=dreamorganiq631 message=회원 가입하시겠습니까?
[2026-06-24 17:45:33] 회원가입 알림 name=임서린 id=dreamorganiq631 message=회원 가입에 감사드립니다.
[2026-06-24 17:45:43] 회원가입 검증 완료 name=임서린 day=월수 dialogs=['회원 가입하시겠습니까?', '회원 가입에 감사드립니다.']
[2026-06-24 17:45:43] 수강신청 시도 1 name=임서린 id=dreamorganiq631
[2026-06-24 17:45:43] 수강신청 시작 name=임서린 sheet=PH day=월수
[2026-06-24 17:45:51] PH 과정 선택 완료 day=월수 course_id=1_61 label='' week_filter=True
[2026-06-24 17:45:51] 수강신청 요일 선택 완료 name=임서린 day=월수
[2026-06-24 17:45:53] 수강신청 1차 제출 완료 name=임서린
[2026-06-24 17:45:57] 수강신청 최종 제출 완료 name=임서린
임서린 신청 완료 / 총 62명, 오늘 62명 추가되었습니다.
[2026-06-24 17:45:58] 기록 저장 완료 name=임서린 total=62 today=62
[2026-06-24 17:46:00] 대상 완료 name=임서린 total=62/300 today=62/105
[2026-06-24 17:46:03] 다음 가입 예약: 2026-06-24 17:51:16까지 대기
[2026-06-24 17:51:16] 신규 대상 시작 plan={'sex': '여자', 'day': '화목'}
[2026-06-24 17:51:19] 회원가입 시도 1/4
[2026-06-24 17:51:19] 회원가입 시작 sheet=PH plan={'sex': '여자', 'day': '화목'}
[2026-06-24 17:51:24] 회원가입 폼 진입 완료
[2026-06-24 17:51:27] 우편번호 검색 query=경북 포항시 북구 우미길 90
[2026-06-24 17:51:30] 우편번호 입력 완료 zip=37647 addr=경북 포항시 북구 우미길 90 (용흥동, 해원하나로타운)
[2026-06-24 17:51:31] 회원가입 제출 클릭 name=강도희 id=alphagenius1435 school=포항대흥초등학교
[2026-06-24 17:51:32] 회원가입 알림 name=강도희 id=alphagenius1435 message=회원 가입하시겠습니까?
[2026-06-24 17:51:32] 회원가입 알림 name=강도희 id=alphagenius1435 message=회원 가입에 감사드립니다.
[2026-06-24 17:51:42] 회원가입 검증 완료 name=강도희 day=화목 dialogs=['회원 가입하시겠습니까?', '회원 가입에 감사드립니다.']
[2026-06-24 17:51:42] 수강신청 시도 1 name=강도희 id=alphagenius1435
[2026-06-24 17:51:42] 수강신청 시작 name=강도희 sheet=PH day=화목
[2026-06-24 17:51:51] PH 과정 선택 완료 day=화목 course_id=2_62 label='' week_filter=True
[2026-06-24 17:51:51] 수강신청 요일 선택 완료 name=강도희 day=화목
[2026-06-24 17:51:53] 수강신청 1차 제출 완료 name=강도희
[2026-06-24 17:51:57] 수강신청 최종 제출 완료 name=강도희
강도희 신청 완료 / 총 63명, 오늘 63명 추가되었습니다.
[2026-06-24 17:51:57] 기록 저장 완료 name=강도희 total=63 today=63
[2026-06-24 17:51:59] 대상 완료 name=강도희 total=63/300 today=63/105
[2026-06-24 17:52:02] 다음 가입 예약: 2026-06-24 17:54:18까지 대기
[2026-06-24 17:54:18] 신규 대상 시작 plan={'sex': '남자', 'day': '월수'}
[2026-06-24 17:54:23] 회원가입 시도 1/4
[2026-06-24 17:54:23] 회원가입 시작 sheet=PH plan={'sex': '남자', 'day': '월수'}
[2026-06-24 17:54:32] 회원가입 폼 진입 완료
[2026-06-24 17:54:36] 우편번호 검색 query=경북 포항시 남구 해병로 405 청호하이츠
[2026-06-24 17:54:37] 우편번호 입력 완료 zip=37916 addr=경북 포항시 남구 오천읍 해병로 405 (문덕리, 청호하이츠)
[2026-06-24 17:54:38] 회원가입 제출 클릭 name=윤혁 id=nightcuriou1239 school=문덕초등학교
[2026-06-24 17:54:39] 회원가입 알림 name=윤혁 id=nightcuriou1239 message=회원 가입하시겠습니까?
[2026-06-24 17:54:40] 회원가입 알림 name=윤혁 id=nightcuriou1239 message=회원 가입에 감사드립니다.
[2026-06-24 17:54:50] 회원가입 검증 완료 name=윤혁 day=월수 dialogs=['회원 가입하시겠습니까?', '회원 가입에 감사드립니다.']
[2026-06-24 17:54:50] 수강신청 시도 1 name=윤혁 id=nightcuriou1239
[2026-06-24 17:54:50] 수강신청 시작 name=윤혁 sheet=PH day=월수
[2026-06-24 17:54:58] PH 과정 선택 완료 day=월수 course_id=1_61 label='' week_filter=True
[2026-06-24 17:54:58] 수강신청 요일 선택 완료 name=윤혁 day=월수
[2026-06-24 17:55:00] 수강신청 1차 제출 완료 name=윤혁
[2026-06-24 17:55:04] 수강신청 최종 제출 완료 name=윤혁
윤혁 신청 완료 / 총 64명, 오늘 64명 추가되었습니다.
[2026-06-24 17:55:05] 기록 저장 완료 name=윤혁 total=64 today=64
[2026-06-24 17:55:07] 대상 완료 name=윤혁 total=64/300 today=64/105
[2026-06-24 17:55:09] 다음 가입 예약: 2026-06-24 18:00:05까지 대기
[2026-06-24 18:00:05] 신규 대상 시작 plan={'sex': '여자', 'day': '월수'}
[2026-06-24 18:00:10] 회원가입 시도 1/4
[2026-06-24 18:00:10] 회원가입 시작 sheet=PH plan={'sex': '여자', 'day': '월수'}
[2026-06-24 18:00:19] 회원가입 폼 진입 완료
[2026-06-24 18:00:22] 우편번호 검색 query=경북 포항시 북구 새천년대로1075번길 10
[2026-06-24 18:00:24] 우편번호 입력 완료 zip=37630 addr=경북 포항시 북구 새천년대로1075번길 10 (창포동, 창포주공1단지아파트)
[2026-06-24 18:00:24] 회원가입 제출 클릭 name=김윤솔 id=mathematici5497 school=창포초등학교
[2026-06-24 18:00:25] 회원가입 알림 name=김윤솔 id=mathematici5497 message=회원 가입하시겠습니까?
[2026-06-24 18:00:26] 회원가입 알림 name=김윤솔 id=mathematici5497 message=회원 가입에 감사드립니다.
[2026-06-24 18:00:36] 회원가입 검증 완료 name=김윤솔 day=월수 dialogs=['회원 가입하시겠습니까?', '회원 가입에 감사드립니다.']
[2026-06-24 18:00:36] 수강신청 시도 1 name=김윤솔 id=mathematici5497
[2026-06-24 18:00:36] 수강신청 시작 name=김윤솔 sheet=PH day=월수
[2026-06-24 18:00:45] PH 과정 선택 완료 day=월수 course_id=1_61 label='' week_filter=True
[2026-06-24 18:00:45] 수강신청 요일 선택 완료 name=김윤솔 day=월수
[2026-06-24 18:00:47] 수강신청 1차 제출 완료 name=김윤솔
[2026-06-24 18:00:52] 수강신청 최종 제출 완료 name=김윤솔
김윤솔 신청 완료 / 총 65명, 오늘 65명 추가되었습니다.
[2026-06-24 18:00:53] 기록 저장 완료 name=김윤솔 total=65 today=65
[2026-06-24 18:00:56] 대상 완료 name=김윤솔 total=65/300 today=65/105
[2026-06-24 18:00:59] 다음 가입 예약: 2026-06-24 18:03:06까지 대기
[2026-06-24 18:03:06] 신규 대상 시작 plan={'sex': '여자', 'day': '월수'}
[2026-06-24 18:03:09] 회원가입 시도 1/4
[2026-06-24 18:03:09] 회원가입 시작 sheet=PH plan={'sex': '여자', 'day': '월수'}
[2026-06-24 18:03:15] 회원가입 폼 진입 완료
[2026-06-24 18:03:17] 우편번호 검색 query=경북 포항시 북구 우미길 90
[2026-06-24 18:03:17] 우편번호 검색 실패 query=경북 포항시 북구 우미길 90 error=Error('Locator.count: Execution context was destroyed, most likely because of a navigation')
[2026-06-24 18:03:19] 우편번호 검색 query=경북 포항시 북구 우미길 90
[2026-06-24 18:03:20] 우편번호 입력 완료 zip=37647 addr=경북 포항시 북구 우미길 90 (용흥동, 해원하나로타운)
[2026-06-24 18:03:21] 회원가입 제출 클릭 name=이하나 id=happinesscht313 school=포항대흥초등학교
[2026-06-24 18:03:22] 회원가입 알림 name=이하나 id=happinesscht313 message=회원 가입하시겠습니까?
[2026-06-24 18:03:22] 회원가입 알림 name=이하나 id=happinesscht313 message=회원 가입에 감사드립니다.
[2026-06-24 18:03:32] 회원가입 검증 완료 name=이하나 day=월수 dialogs=['회원 가입하시겠습니까?', '회원 가입에 감사드립니다.']
[2026-06-24 18:03:32] 수강신청 시도 1 name=이하나 id=happinesscht313
[2026-06-24 18:03:32] 수강신청 시작 name=이하나 sheet=PH day=월수
[2026-06-24 18:03:41] PH 과정 선택 완료 day=월수 course_id=1_61 label='' week_filter=True
[2026-06-24 18:03:41] 수강신청 요일 선택 완료 name=이하나 day=월수
[2026-06-24 18:03:43] 수강신청 1차 제출 완료 name=이하나
[2026-06-24 18:03:47] 수강신청 최종 제출 완료 name=이하나
이하나 신청 완료 / 총 66명, 오늘 66명 추가되었습니다.
[2026-06-24 18:03:47] 기록 저장 완료 name=이하나 total=66 today=66
[2026-06-24 18:03:49] 대상 완료 name=이하나 total=66/300 today=66/105
[2026-06-24 18:03:52] 다음 가입 예약: 2026-06-24 18:07:09까지 대기
[2026-06-24 18:07:09] 신규 대상 시작 plan={'sex': '남자', 'day': '화목'}
[2026-06-24 18:07:12] 회원가입 시도 1/4
[2026-06-24 18:07:12] 회원가입 시작 sheet=PH plan={'sex': '남자', 'day': '화목'}
[2026-06-24 18:07:17] 회원가입 폼 진입 완료
[2026-06-24 18:07:21] 우편번호 검색 query=경북 포항시 남구 대해로79번길 14-10 성경빌라
[2026-06-24 18:07:22] 우편번호 입력 완료 zip=37779 addr=경북 포항시 남구 대해로79번길 14-10 (대도동, 성경빌라)
[2026-06-24 18:07:23] 회원가입 제출 클릭 name=김도율 id=adventurergi64v school=상대초등학교
[2026-06-24 18:07:24] 회원가입 알림 name=김도율 id=adventurergi64v message=회원 가입하시겠습니까?
[2026-06-24 18:07:25] 회원가입 알림 name=김도율 id=adventurergi64v message=회원 가입에 감사드립니다.
[2026-06-24 18:07:35] 회원가입 검증 완료 name=김도율 day=화목 dialogs=['회원 가입하시겠습니까?', '회원 가입에 감사드립니다.']
[2026-06-24 18:07:35] 수강신청 시도 1 name=김도율 id=adventurergi64v
[2026-06-24 18:07:35] 수강신청 시작 name=김도율 sheet=PH day=화목
[2026-06-24 18:07:43] PH 과정 선택 완료 day=화목 course_id=2_62 label='' week_filter=True
[2026-06-24 18:07:43] 수강신청 요일 선택 완료 name=김도율 day=화목
[2026-06-24 18:07:45] 수강신청 1차 제출 완료 name=김도율
[2026-06-24 18:07:49] 수강신청 최종 제출 완료 name=김도율
김도율 신청 완료 / 총 67명, 오늘 67명 추가되었습니다.
[2026-06-24 18:07:50] 기록 저장 완료 name=김도율 total=67 today=67
[2026-06-24 18:07:52] 대상 완료 name=김도율 total=67/300 today=67/105
[2026-06-24 18:07:54] 다음 가입 예약: 2026-06-24 18:12:26까지 대기
[2026-06-24 18:12:26] 신규 대상 시작 plan={'sex': '여자', 'day': '월수'}
[2026-06-24 18:12:31] 회원가입 시도 1/4
[2026-06-24 18:12:31] 회원가입 시작 sheet=PH plan={'sex': '여자', 'day': '월수'}
[2026-06-24 18:12:38] 회원가입 폼 진입 완료
[2026-06-24 18:12:40] 우편번호 검색 query=경북 포항시 북구 흥해읍 남성리 587-1
[2026-06-24 18:12:41] 주소 지역 불일치 query=경북 포항시 북구 흥해읍 남성리 587-1 result=경북 구미시 무을면 상무로 587-1
[2026-06-24 18:12:42] 우편번호 검색 query=경북 포항시 북구 흥해읍 남성리 587-1
[2026-06-24 18:12:42] 주소 지역 불일치 query=경북 포항시 북구 흥해읍 남성리 587-1 result=경북 구미시 무을면 상무로 587-1
[2026-06-24 18:12:42] 우편번호 검색 query=흥해남산초등학교
[2026-06-24 18:12:55] 우편번호 검색 query=흥해남산초등학교
[2026-06-24 18:12:56] 우편번호 입력 완료 zip=37546 addr=경북 포항시 북구 흥해읍 남미질로 26 (남성리, 흥해남산초등학교)
[2026-06-24 18:12:57] 회원가입 제출 클릭 name=이다인 id=englishdreaf426 school=흥해남산초등학교
[2026-06-24 18:12:58] 회원가입 알림 name=이다인 id=englishdreaf426 message=회원 가입하시겠습니까?
[2026-06-24 18:12:59] 회원가입 알림 name=이다인 id=englishdreaf426 message=회원 가입에 감사드립니다.
[2026-06-24 18:13:09] 회원가입 검증 완료 name=이다인 day=월수 dialogs=['회원 가입하시겠습니까?', '회원 가입에 감사드립니다.']
[2026-06-24 18:13:09] 수강신청 시도 1 name=이다인 id=englishdreaf426
[2026-06-24 18:13:09] 수강신청 시작 name=이다인 sheet=PH day=월수
[2026-06-24 18:13:17] PH 과정 선택 완료 day=월수 course_id=1_61 label='' week_filter=True
[2026-06-24 18:13:17] 수강신청 요일 선택 완료 name=이다인 day=월수
[2026-06-24 18:13:19] 수강신청 1차 제출 완료 name=이다인
[2026-06-24 18:13:23] 수강신청 최종 제출 완료 name=이다인
이다인 신청 완료 / 총 68명, 오늘 68명 추가되었습니다.
[2026-06-24 18:13:24] 기록 저장 완료 name=이다인 total=68 today=68
[2026-06-24 18:13:25] 대상 완료 name=이다인 total=68/300 today=68/105
[2026-06-24 18:13:28] 다음 가입 예약: 2026-06-24 18:17:28까지 대기
[2026-06-24 18:17:28] 신규 대상 시작 plan={'sex': '여자', 'day': '화목'}
[2026-06-24 18:17:31] 회원가입 시도 1/4
[2026-06-24 18:17:31] 회원가입 시작 sheet=PH plan={'sex': '여자', 'day': '화목'}
[2026-06-24 18:17:36] 회원가입 폼 진입 완료
[2026-06-24 18:17:39] 우편번호 검색 query=경북 포항시 북구 새천년대로1123번길 14
[2026-06-24 18:17:40] 우편번호 입력 완료 zip=37628 addr=경북 포항시 북구 새천년대로1123번길 14 (장성동, 창포청구타운)
[2026-06-24 18:17:42] 회원가입 제출 클릭 name=선윤주 id=minecraftcu5736 school=장성초등학교
[2026-06-24 18:17:43] 회원가입 알림 name=선윤주 id=minecraftcu5736 message=회원 가입하시겠습니까?
[2026-06-24 18:17:44] 회원가입 알림 name=선윤주 id=minecraftcu5736 message=회원 가입에 감사드립니다.
[2026-06-24 18:17:53] 회원가입 검증 완료 name=선윤주 day=화목 dialogs=['회원 가입하시겠습니까?', '회원 가입에 감사드립니다.']
[2026-06-24 18:17:53] 수강신청 시도 1 name=선윤주 id=minecraftcu5736
[2026-06-24 18:17:53] 수강신청 시작 name=선윤주 sheet=PH day=화목
[2026-06-24 18:18:02] PH 과정 선택 완료 day=화목 course_id=2_62 label='' week_filter=True
[2026-06-24 18:18:02] 수강신청 요일 선택 완료 name=선윤주 day=화목
[2026-06-24 18:18:04] 수강신청 1차 제출 완료 name=선윤주
[2026-06-24 18:18:25] 수강신청 실패. 같은 계정으로 재시도 name=선윤주 id=minecraftcu5736 try=1 error=TimeoutError('Page.click: Timeout 20000ms exceeded.\nCall log:\n  - waiting for locator("input#cbAddress")\n    - locator resolved to <input id="cbAddress" type="checkbox" name="cbAddress"/>\n  - attempting click action\n    - waiting for element to be visible, enabled and stable\n    - element is visible, enabled and stable\n    - scrolling into view if needed\n    - done scrolling\n    - <label>Q5. 부저로 원하는 음을 재생하는 코드를 작성할 수 있나요?</label> from <div id="modal">…</div> subtree intercepts pointer events\n  - retrying click action\n    - waiting for element to be visible, enabled and stable\n    - element is visible, enabled and stable\n    - scrolling into view if needed\n    - done scrolling\n    - <div id="modal">…</div> intercepts pointer events\n  - retrying click action\n    - waiting 20ms\n')
[2026-06-24 18:18:27] 수강신청 시도 2 name=선윤주 id=minecraftcu5736
[2026-06-24 18:18:27] 수강신청 시작 name=선윤주 sheet=PH day=화목
[2026-06-24 18:18:37] PH 과정 선택 완료 day=화목 course_id=2_62 label='' week_filter=True
[2026-06-24 18:18:37] 수강신청 요일 선택 완료 name=선윤주 day=화목
[2026-06-24 18:18:40] 수강신청 1차 제출 완료 name=선윤주
[2026-06-24 18:18:44] 수강신청 최종 제출 완료 name=선윤주
선윤주 신청 완료 / 총 69명, 오늘 69명 추가되었습니다.
[2026-06-24 18:18:45] 기록 저장 완료 name=선윤주 total=69 today=69
[2026-06-24 18:18:48] 대상 완료 name=선윤주 total=69/300 today=69/105
[2026-06-24 18:18:52] 다음 가입 예약: 2026-06-24 18:20:43까지 대기
[2026-06-24 18:20:43] 신규 대상 시작 plan={'sex': '여자', 'day': '화목'}
[2026-06-24 18:20:51] 회원가입 시도 1/4
[2026-06-24 18:20:51] 회원가입 시작 sheet=PH plan={'sex': '여자', 'day': '화목'}
[2026-06-24 18:21:03] 회원가입 폼 진입 완료
[2026-06-24 18:21:09] 우편번호 검색 query=경북 포항시 북구 우창동로 129 중해마루힐
[2026-06-24 18:21:11] 우편번호 입력 완료 zip=37636 addr=경북 포항시 북구 우창동로 129 (우현동, 중해마루힐)
[2026-06-24 18:21:12] 회원가입 제출 클릭 name=김지인 id=happinesscod57k school=포항중앙초등학교
[2026-06-24 18:21:14] 회원가입 알림 name=김지인 id=happinesscod57k message=회원 가입하시겠습니까?
[2026-06-24 18:21:15] 회원가입 알림 name=김지인 id=happinesscod57k message=회원 가입에 감사드립니다.
[2026-06-24 18:21:27] 회원가입 검증 완료 name=김지인 day=화목 dialogs=['회원 가입하시겠습니까?', '회원 가입에 감사드립니다.']
[2026-06-24 18:21:27] 수강신청 시도 1 name=김지인 id=happinesscod57k
[2026-06-24 18:21:27] 수강신청 시작 name=김지인 sheet=PH day=화목
[2026-06-24 18:21:37] PH 과정 선택 완료 day=화목 course_id=2_62 label='' week_filter=True
[2026-06-24 18:21:37] 수강신청 요일 선택 완료 name=김지인 day=화목
[2026-06-24 18:21:40] 수강신청 1차 제출 완료 name=김지인
[2026-06-24 18:21:46] 수강신청 최종 제출 완료 name=김지인
김지인 신청 완료 / 총 70명, 오늘 70명 추가되었습니다.
[2026-06-24 18:21:49] 기록 저장 완료 name=김지인 total=70 today=70
[2026-06-24 18:22:01] 대상 완료 name=김지인 total=70/300 today=70/105
[2026-06-24 18:22:12] 다음 가입 예약: 2026-06-24 18:26:15까지 대기
[2026-06-24 18:26:15] 신규 대상 시작 plan={'sex': '남자', 'day': '월수'}
[2026-06-24 18:26:27] 회원가입 시도 1/4
[2026-06-24 18:26:27] 회원가입 시작 sheet=PH plan={'sex': '남자', 'day': '월수'}
[2026-06-24 18:26:38] 회원가입 폼 진입 완료
[2026-06-24 18:26:43] 우편번호 검색 query=경북 포항시 남구 인덕로 71
[2026-06-24 18:26:45] 우편번호 입력 완료 zip=37878 addr=경북 포항시 남구 인덕로 71 (인덕동, 소망아파트)
[2026-06-24 18:26:46] 회원가입 제출 클릭 name=김연후 id=athletetea9238 school=인덕초등학교
[2026-06-24 18:26:47] 회원가입 알림 name=김연후 id=athletetea9238 message=회원 가입하시겠습니까?
[2026-06-24 18:26:48] 회원가입 알림 name=김연후 id=athletetea9238 message=회원 가입에 감사드립니다.
[2026-06-24 18:26:59] 회원가입 검증 완료 name=김연후 day=월수 dialogs=['회원 가입하시겠습니까?', '회원 가입에 감사드립니다.']
[2026-06-24 18:26:59] 수강신청 시도 1 name=김연후 id=athletetea9238
[2026-06-24 18:26:59] 수강신청 시작 name=김연후 sheet=PH day=월수
[2026-06-24 18:27:10] PH 과정 선택 완료 day=월수 course_id=1_61 label='' week_filter=True
[2026-06-24 18:27:10] 수강신청 요일 선택 완료 name=김연후 day=월수
[2026-06-24 18:27:12] 수강신청 1차 제출 완료 name=김연후
[2026-06-24 18:27:17] 수강신청 최종 제출 완료 name=김연후
김연후 신청 완료 / 총 71명, 오늘 71명 추가되었습니다.
[2026-06-24 18:27:18] 기록 저장 완료 name=김연후 total=71 today=71
[2026-06-24 18:27:23] 대상 완료 name=김연후 total=71/300 today=71/105
[2026-06-24 18:27:28] 다음 가입 예약: 2026-06-24 18:31:31까지 대기
[2026-06-24 18:31:31] 신규 대상 시작 plan={'sex': '남자', 'day': '월수'}
[2026-06-24 18:31:35] 회원가입 시도 1/4
[2026-06-24 18:31:35] 회원가입 시작 sheet=PH plan={'sex': '남자', 'day': '월수'}
[2026-06-24 18:31:42] 회원가입 폼 진입 완료
[2026-06-24 18:31:46] 우편번호 검색 query=경북 포항시 남구 지곡로 294
[2026-06-24 18:31:46] 우편번호 검색 실패 query=경북 포항시 남구 지곡로 294 error=Error('Locator.count: Execution context was destroyed, most likely because of a navigation')
[2026-06-24 18:31:47] 우편번호 검색 query=경북 포항시 남구 지곡로 294
[2026-06-24 18:31:47] 주소 지역 불일치 query=경북 포항시 남구 지곡로 294 result=대구 군위군 소보면 서금로 294
[2026-06-24 18:31:47] 우편번호 검색 query=달전초등학교
[2026-06-24 18:31:48] 우편번호 입력 완료 zip=37566 addr=경북 포항시 북구 흥해읍 달전로 215 (이인리, 달전초등학교)
[2026-06-24 18:31:49] 회원가입 제출 클릭 name=민주영 id=researchermi78g school=달전초등학교
[2026-06-24 18:31:50] 회원가입 알림 name=민주영 id=researchermi78g message=회원 가입하시겠습니까?
[2026-06-24 18:31:51] 회원가입 알림 name=민주영 id=researchermi78g message=회원 가입에 감사드립니다.
[2026-06-24 18:32:01] 회원가입 검증 완료 name=민주영 day=월수 dialogs=['회원 가입하시겠습니까?', '회원 가입에 감사드립니다.']
[2026-06-24 18:32:01] 수강신청 시도 1 name=민주영 id=researchermi78g
[2026-06-24 18:32:01] 수강신청 시작 name=민주영 sheet=PH day=월수
[2026-06-24 18:32:11] PH 과정 선택 완료 day=월수 course_id=1_61 label='' week_filter=True
[2026-06-24 18:32:11] 수강신청 요일 선택 완료 name=민주영 day=월수
[2026-06-24 18:32:14] 수강신청 1차 제출 완료 name=민주영
[2026-06-24 18:32:21] 수강신청 최종 제출 완료 name=민주영
민주영 신청 완료 / 총 72명, 오늘 72명 추가되었습니다.
[2026-06-24 18:32:22] 기록 저장 완료 name=민주영 total=72 today=72
[2026-06-24 18:32:30] 대상 완료 name=민주영 total=72/300 today=72/105
[2026-06-24 18:32:34] 다음 가입 예약: 2026-06-24 18:35:54까지 대기
[2026-06-24 18:35:54] 신규 대상 시작 plan={'sex': '남자', 'day': '화목'}
[2026-06-24 18:35:57] 회원가입 시도 1/4
[2026-06-24 18:35:57] 회원가입 시작 sheet=PH plan={'sex': '남자', 'day': '화목'}
[2026-06-24 18:36:03] 회원가입 폼 진입 완료
[2026-06-24 18:36:08] 우편번호 검색 query=경북 포항시 북구 흥해읍 중성로32번길 30-1
[2026-06-24 18:36:08] 우편번호 검색 실패 query=경북 포항시 북구 흥해읍 중성로32번길 30-1 error=Error('Locator.count: Execution context was destroyed, most likely because of a navigation')
[2026-06-24 18:36:09] 우편번호 검색 query=경북 포항시 북구 흥해읍 중성로32번길 30-1
[2026-06-24 18:36:10] 우편번호 입력 완료 zip=37545 addr=경북 포항시 북구 흥해읍 중성로32번길 30-1 (남성리, 대동빌라)
[2026-06-24 18:36:12] 회원가입 제출 클릭 name=연온유 id=kpoppeacecoo463 school=흥해남산초등학교
[2026-06-24 18:36:14] 회원가입 알림 name=연온유 id=kpoppeacecoo463 message=회원 가입하시겠습니까?
[2026-06-24 18:36:15] 회원가입 알림 name=연온유 id=kpoppeacecoo463 message=회원 가입에 감사드립니다.
[2026-06-24 18:36:24] 회원가입 검증 완료 name=연온유 day=화목 dialogs=['회원 가입하시겠습니까?', '회원 가입에 감사드립니다.']
[2026-06-24 18:36:24] 수강신청 시도 1 name=연온유 id=kpoppeacecoo463
[2026-06-24 18:36:24] 수강신청 시작 name=연온유 sheet=PH day=화목
[2026-06-24 18:36:33] PH 과정 선택 완료 day=화목 course_id=2_62 label='' week_filter=True
[2026-06-24 18:36:33] 수강신청 요일 선택 완료 name=연온유 day=화목
[2026-06-24 18:36:36] 수강신청 1차 제출 완료 name=연온유
[2026-06-24 18:36:42] 수강신청 최종 제출 완료 name=연온유
연온유 신청 완료 / 총 73명, 오늘 73명 추가되었습니다.
[2026-06-24 18:36:43] 기록 저장 완료 name=연온유 total=73 today=73
[2026-06-24 18:36:45] 대상 완료 name=연온유 total=73/300 today=73/105
[2026-06-24 18:36:49] 다음 가입 예약: 2026-06-24 18:38:15까지 대기
[2026-06-24 18:38:15] 신규 대상 시작 plan={'sex': '남자', 'day': '월수'}
[2026-06-24 18:38:19] 회원가입 시도 1/4
[2026-06-24 18:38:19] 회원가입 시작 sheet=PH plan={'sex': '남자', 'day': '월수'}
[2026-06-24 18:38:25] 회원가입 폼 진입 완료
[2026-06-24 18:38:28] 우편번호 검색 query=경북 포항시 북구 삼호로 391
[2026-06-24 18:38:29] 주소 지역 불일치 query=경북 포항시 북구 삼호로 391 result=대구 남구 앞산순환로 391
[2026-06-24 18:38:30] 우편번호 검색 query=경북 포항시 북구 삼호로 391
[2026-06-24 18:38:30] 주소 지역 불일치 query=경북 포항시 북구 삼호로 391 result=대구 남구 앞산순환로 391
[2026-06-24 18:38:32] 우편번호 검색 query=포항해맞이초등학교
[2026-06-24 18:38:33] 우편번호 입력 완료 zip=37604 addr=경북 포항시 북구 환호로 37 (환호동, 포항해맞이초등학교)
[2026-06-24 18:38:35] 회원가입 제출 클릭 name=천재윤 id=masterliquid949 school=포항해맞이초등학교
[2026-06-24 18:38:36] 회원가입 알림 name=천재윤 id=masterliquid949 message=회원 가입하시겠습니까?
[2026-06-24 18:38:37] 회원가입 알림 name=천재윤 id=masterliquid949 message=회원 가입에 감사드립니다.
[2026-06-24 18:38:47] 회원가입 검증 완료 name=천재윤 day=월수 dialogs=['회원 가입하시겠습니까?', '회원 가입에 감사드립니다.']
[2026-06-24 18:38:47] 수강신청 시도 1 name=천재윤 id=masterliquid949
[2026-06-24 18:38:47] 수강신청 시작 name=천재윤 sheet=PH day=월수
[2026-06-24 18:38:56] PH 과정 선택 완료 day=월수 course_id=1_61 label='' week_filter=True
[2026-06-24 18:38:56] 수강신청 요일 선택 완료 name=천재윤 day=월수
[2026-06-24 18:38:58] 수강신청 1차 제출 완료 name=천재윤
[2026-06-24 18:39:02] 수강신청 최종 제출 완료 name=천재윤
천재윤 신청 완료 / 총 74명, 오늘 74명 추가되었습니다.
[2026-06-24 18:39:03] 기록 저장 완료 name=천재윤 total=74 today=74
[2026-06-24 18:39:09] 대상 완료 name=천재윤 total=74/300 today=74/105
[2026-06-24 18:39:12] 다음 가입 예약: 2026-06-24 18:45:06까지 대기
[2026-06-24 18:45:06] 신규 대상 시작 plan={'sex': '여자', 'day': '월수'}
[2026-06-24 18:45:10] 회원가입 시도 1/4
[2026-06-24 18:45:10] 회원가입 시작 sheet=PH plan={'sex': '여자', 'day': '월수'}
[2026-06-24 18:45:15] 회원가입 폼 진입 완료
[2026-06-24 18:45:19] 우편번호 검색 query=경북 포항시 북구 대곡로 21 창포아이파크2차아파트
[2026-06-24 18:45:21] 우편번호 입력 완료 zip=37618 addr=경북 포항시 북구 대곡로 21 (두호동, 창포2차아이파크)
[2026-06-24 18:45:23] 회원가입 제출 클릭 name=송라엘 id=epicsuccess81d school=창포초등학교
[2026-06-24 18:45:24] 회원가입 알림 name=송라엘 id=epicsuccess81d message=회원 가입하시겠습니까?
[2026-06-24 18:45:25] 회원가입 알림 name=송라엘 id=epicsuccess81d message=회원 가입에 감사드립니다.
[2026-06-24 18:45:35] 회원가입 검증 완료 name=송라엘 day=월수 dialogs=['회원 가입하시겠습니까?', '회원 가입에 감사드립니다.']
[2026-06-24 18:45:35] 수강신청 시도 1 name=송라엘 id=epicsuccess81d
[2026-06-24 18:45:35] 수강신청 시작 name=송라엘 sheet=PH day=월수
[2026-06-24 18:45:44] PH 과정 선택 완료 day=월수 course_id=1_61 label='' week_filter=True
[2026-06-24 18:45:44] 수강신청 요일 선택 완료 name=송라엘 day=월수
[2026-06-24 18:45:46] 수강신청 1차 제출 완료 name=송라엘
[2026-06-24 18:45:50] 수강신청 최종 제출 완료 name=송라엘
송라엘 신청 완료 / 총 75명, 오늘 75명 추가되었습니다.
[2026-06-24 18:45:51] 기록 저장 완료 name=송라엘 total=75 today=75
[2026-06-24 18:45:53] 대상 완료 name=송라엘 total=75/300 today=75/105
[2026-06-24 18:45:56] 다음 가입 예약: 2026-06-24 18:48:09까지 대기
[2026-06-24 18:48:09] 신규 대상 시작 plan={'sex': '여자', 'day': '화목'}
[2026-06-24 18:48:15] 회원가입 시도 1/4
[2026-06-24 18:48:15] 회원가입 시작 sheet=PH plan={'sex': '여자', 'day': '화목'}
[2026-06-24 18:48:22] 회원가입 폼 진입 완료
[2026-06-24 18:48:25] 우편번호 검색 query=경북 포항시 북구 삼흥로88번길 10
[2026-06-24 18:48:26] 주소 지역 불일치 query=경북 포항시 북구 삼흥로88번길 10 result=경북 영주시 부석면 부석사로88번길 10
[2026-06-24 18:48:27] 우편번호 검색 query=경북 포항시 북구 삼흥로88번길 10
[2026-06-24 18:48:27] 주소 지역 불일치 query=경북 포항시 북구 삼흥로88번길 10 result=경북 영주시 부석면 부석사로88번길 10
[2026-06-24 18:48:28] 우편번호 검색 query=장량초등학교
[2026-06-24 18:48:29] 우편번호 입력 완료 zip=37574 addr=경북 포항시 북구 장량중앙로 27 (양덕동, 포항송곡초등학교)
[2026-06-24 18:48:31] 회원가입 제출 클릭 name=김민영 id=pixeldreamlo723 school=장량초등학교
[2026-06-24 18:48:32] 회원가입 알림 name=김민영 id=pixeldreamlo723 message=회원 가입하시겠습니까?
[2026-06-24 18:48:33] 회원가입 알림 name=김민영 id=pixeldreamlo723 message=회원 가입에 감사드립니다.
[2026-06-24 18:48:43] 회원가입 검증 완료 name=김민영 day=화목 dialogs=['회원 가입하시겠습니까?', '회원 가입에 감사드립니다.']
[2026-06-24 18:48:43] 수강신청 시도 1 name=김민영 id=pixeldreamlo723
[2026-06-24 18:48:43] 수강신청 시작 name=김민영 sheet=PH day=화목
[2026-06-24 18:48:53] PH 과정 선택 완료 day=화목 course_id=2_62 label='' week_filter=True
[2026-06-24 18:48:53] 수강신청 요일 선택 완료 name=김민영 day=화목
[2026-06-24 18:48:55] 수강신청 1차 제출 완료 name=김민영
[2026-06-24 18:49:00] 수강신청 최종 제출 완료 name=김민영
김민영 신청 완료 / 총 76명, 오늘 76명 추가되었습니다.
[2026-06-24 18:49:01] 기록 저장 완료 name=김민영 total=76 today=76
[2026-06-24 18:49:03] 대상 완료 name=김민영 total=76/300 today=76/105
[2026-06-24 18:49:06] 다음 가입 예약: 2026-06-24 18:51:24까지 대기
[2026-06-24 18:51:24] 신규 대상 시작 plan={'sex': '여자', 'day': '월수'}
[2026-06-24 18:51:27] 회원가입 시도 1/4
[2026-06-24 18:51:27] 회원가입 시작 sheet=PH plan={'sex': '여자', 'day': '월수'}
[2026-06-24 18:51:33] 회원가입 폼 진입 완료
[2026-06-24 18:51:36] 우편번호 검색 query=경북 포항시 북구 삼흥로32번길 5
[2026-06-24 18:51:38] 우편번호 입력 완료 zip=37609 addr=경북 포항시 북구 삼흥로32번길 5 (장성동, 럭키장성아파트)
[2026-06-24 18:51:41] 회원가입 제출 클릭 name=도슬 id=motivatedgub864 school=포항동부초등학교
[2026-06-24 18:51:42] 회원가입 알림 name=도슬 id=motivatedgub864 message=회원 가입하시겠습니까?
[2026-06-24 18:51:42] 회원가입 알림 name=도슬 id=motivatedgub864 message=회원 가입에 감사드립니다.
[2026-06-24 18:51:52] 회원가입 검증 완료 name=도슬 day=월수 dialogs=['회원 가입하시겠습니까?', '회원 가입에 감사드립니다.']
[2026-06-24 18:51:52] 수강신청 시도 1 name=도슬 id=motivatedgub864
[2026-06-24 18:51:52] 수강신청 시작 name=도슬 sheet=PH day=월수
[2026-06-24 18:52:01] PH 과정 선택 완료 day=월수 course_id=1_61 label='' week_filter=True
[2026-06-24 18:52:01] 수강신청 요일 선택 완료 name=도슬 day=월수
[2026-06-24 18:52:03] 수강신청 1차 제출 완료 name=도슬
[2026-06-24 18:52:07] 수강신청 최종 제출 완료 name=도슬
도슬 신청 완료 / 총 77명, 오늘 77명 추가되었습니다.
[2026-06-24 18:52:09] 기록 저장 완료 name=도슬 total=77 today=77
[2026-06-24 18:52:13] 대상 완료 name=도슬 total=77/300 today=77/105
[2026-06-24 18:52:19] 다음 가입 예약: 2026-06-24 18:58:52까지 대기
[2026-06-24 18:58:52] 신규 대상 시작 plan={'sex': '남자', 'day': '화목'}
[2026-06-24 18:58:55] 회원가입 시도 1/4
[2026-06-24 18:58:55] 회원가입 시작 sheet=PH plan={'sex': '남자', 'day': '화목'}
[2026-06-24 18:59:01] 회원가입 폼 진입 완료
[2026-06-24 18:59:05] 우편번호 검색 query=경북 포항시 남구 지곡로 294
[2026-06-24 18:59:05] 우편번호 검색 실패 query=경북 포항시 남구 지곡로 294 error=Error('Locator.count: Execution context was destroyed, most likely because of a navigation')
[2026-06-24 18:59:07] 우편번호 검색 query=경북 포항시 남구 지곡로 294
[2026-06-24 18:59:08] 우편번호 입력 완료 zip=37669 addr=경북 포항시 남구 지곡로 294 (지곡동, 효자그린아파트)
[2026-06-24 18:59:09] 회원가입 제출 클릭 name=이현 id=honestydeltu231 school=달전초등학교
[2026-06-24 18:59:10] 회원가입 알림 name=이현 id=honestydeltu231 message=회원 가입하시겠습니까?
[2026-06-24 18:59:11] 회원가입 알림 name=이현 id=honestydeltu231 message=회원 가입에 감사드립니다.
[2026-06-24 18:59:21] 회원가입 검증 완료 name=이현 day=화목 dialogs=['회원 가입하시겠습니까?', '회원 가입에 감사드립니다.']
[2026-06-24 18:59:21] 수강신청 시도 1 name=이현 id=honestydeltu231
[2026-06-24 18:59:21] 수강신청 시작 name=이현 sheet=PH day=화목
[2026-06-24 18:59:29] PH 과정 선택 완료 day=화목 course_id=2_62 label='' week_filter=True
[2026-06-24 18:59:29] 수강신청 요일 선택 완료 name=이현 day=화목
[2026-06-24 18:59:31] 수강신청 1차 제출 완료 name=이현
[2026-06-24 18:59:35] 수강신청 최종 제출 완료 name=이현
이현 신청 완료 / 총 78명, 오늘 78명 추가되었습니다.
[2026-06-24 18:59:37] 기록 저장 완료 name=이현 total=78 today=78
[2026-06-24 18:59:39] 대상 완료 name=이현 total=78/300 today=78/105
[2026-06-24 18:59:42] 다음 가입 예약: 2026-06-24 19:02:28까지 대기
[2026-06-24 19:02:28] 신규 대상 시작 plan={'sex': '여자', 'day': '화목'}
[2026-06-24 19:02:36] 회원가입 시도 1/4
[2026-06-24 19:02:36] 회원가입 시작 sheet=PH plan={'sex': '여자', 'day': '화목'}
[2026-06-24 19:02:47] 회원가입 폼 진입 완료
[2026-06-24 19:02:53] 우편번호 검색 query=경북 포항시 북구 환호공원길 53-4
[2026-06-24 19:02:54] 우편번호 검색 실패 query=경북 포항시 북구 환호공원길 53-4 error=Error('Locator.count: Execution context was destroyed, most likely because of a navigation')
[2026-06-24 19:02:55] 우편번호 검색 query=경북 포항시 북구 환호공원길 53-4
[2026-06-24 19:02:56] 우편번호 입력 완료 zip=37600 addr=경북 포항시 북구 환호공원길 53-4 (환호동, 해변타운)
[2026-06-24 19:02:57] 회원가입 제출 클릭 name=이예하 id=whizstrategi10g school=포항해맞이초등학교
[2026-06-24 19:02:59] 회원가입 알림 name=이예하 id=whizstrategi10g message=회원 가입하시겠습니까?
[2026-06-24 19:02:59] 회원가입 알림 name=이예하 id=whizstrategi10g message=회원 가입에 감사드립니다.
[2026-06-24 19:03:11] 회원가입 검증 완료 name=이예하 day=화목 dialogs=['회원 가입하시겠습니까?', '회원 가입에 감사드립니다.']
[2026-06-24 19:03:11] 수강신청 시도 1 name=이예하 id=whizstrategi10g
[2026-06-24 19:03:11] 수강신청 시작 name=이예하 sheet=PH day=화목
[2026-06-24 19:03:19] PH 과정 선택 완료 day=화목 course_id=2_62 label='' week_filter=True
[2026-06-24 19:03:19] 수강신청 요일 선택 완료 name=이예하 day=화목
[2026-06-24 19:03:21] 수강신청 1차 제출 완료 name=이예하
[2026-06-24 19:03:26] 수강신청 최종 제출 완료 name=이예하
이예하 신청 완료 / 총 79명, 오늘 79명 추가되었습니다.
[2026-06-24 19:03:27] 기록 저장 완료 name=이예하 total=79 today=79
[2026-06-24 19:03:30] 대상 완료 name=이예하 total=79/300 today=79/105
[2026-06-24 19:03:34] 다음 가입 예약: 2026-06-24 19:05:40까지 대기
[2026-06-24 19:05:40] 신규 대상 시작 plan={'sex': '여자', 'day': '월수'}
[2026-06-24 19:05:43] 회원가입 시도 1/4
[2026-06-24 19:05:43] 회원가입 시작 sheet=PH plan={'sex': '여자', 'day': '월수'}
[2026-06-24 19:05:49] 회원가입 폼 진입 완료
[2026-06-24 19:05:52] 우편번호 검색 query=경북 포항시 북구 삼흥로18번길 6
[2026-06-24 19:05:55] 우편번호 입력 완료 zip=37611 addr=경북 포항시 북구 삼흥로18번길 6 (두호동, 산호그린맨션1차)
[2026-06-24 19:05:56] 회원가입 제출 클릭 name=남현주 id=twitterhealti72 school=포항동부초등학교
[2026-06-24 19:05:57] 회원가입 알림 name=남현주 id=twitterhealti72 message=회원 가입하시겠습니까?
[2026-06-24 19:05:57] 회원가입 알림 name=남현주 id=twitterhealti72 message=회원 가입하시겠습니까?
[2026-06-24 19:05:58] 회원가입 알림 name=남현주 id=twitterhealti72 message=회원 가입에 감사드립니다.
[2026-06-24 19:06:08] 회원가입 검증 완료 name=남현주 day=월수 dialogs=['회원 가입하시겠습니까?', '회원 가입하시겠습니까?', '회원 가입에 감사드립니다.']
[2026-06-24 19:06:08] 수강신청 시도 1 name=남현주 id=twitterhealti72
[2026-06-24 19:06:08] 수강신청 시작 name=남현주 sheet=PH day=월수
[2026-06-24 19:06:17] PH 과정 선택 완료 day=월수 course_id=1_61 label='' week_filter=True
[2026-06-24 19:06:17] 수강신청 요일 선택 완료 name=남현주 day=월수
[2026-06-24 19:06:19] 수강신청 1차 제출 완료 name=남현주
[2026-06-24 19:06:24] 수강신청 최종 제출 완료 name=남현주
남현주 신청 완료 / 총 80명, 오늘 80명 추가되었습니다.
[2026-06-24 19:06:26] 기록 저장 완료 name=남현주 total=80 today=80
[2026-06-24 19:06:28] 대상 완료 name=남현주 total=80/300 today=80/105
[2026-06-24 19:06:32] 다음 가입 예약: 2026-06-24 19:10:37까지 대기
[2026-06-24 19:10:37] 신규 대상 시작 plan={'sex': '여자', 'day': '월수'}
[2026-06-24 19:10:41] 회원가입 시도 1/4
[2026-06-24 19:10:41] 회원가입 시작 sheet=PH plan={'sex': '여자', 'day': '월수'}
[2026-06-24 19:10:48] 회원가입 폼 진입 완료
[2026-06-24 19:10:51] 우편번호 검색 query=경북 포항시 북구 흥해읍 남성리 587-1
[2026-06-24 19:10:52] 주소 지역 불일치 query=경북 포항시 북구 흥해읍 남성리 587-1 result=경북 구미시 무을면 상무로 587-1
[2026-06-24 19:10:52] 우편번호 검색 query=경북 포항시 북구 흥해읍 남성리 587-1
[2026-06-24 19:10:52] 주소 지역 불일치 query=경북 포항시 북구 흥해읍 남성리 587-1 result=경북 구미시 무을면 상무로 587-1
[2026-06-24 19:10:53] 우편번호 검색 query=흥해남산초등학교
[2026-06-24 19:11:06] 우편번호 검색 query=흥해남산초등학교
[2026-06-24 19:11:07] 우편번호 입력 완료 zip=37546 addr=경북 포항시 북구 흥해읍 남미질로 26 (남성리, 흥해남산초등학교)
[2026-06-24 19:11:08] 회원가입 제출 클릭 name=서도아 id=champzombiei12n school=흥해남산초등학교
[2026-06-24 19:11:10] 회원가입 알림 name=서도아 id=champzombiei12n message=회원 가입하시겠습니까?
[2026-06-24 19:11:10] 회원가입 알림 name=서도아 id=champzombiei12n message=회원 가입하시겠습니까?
[2026-06-24 19:11:11] 회원가입 알림 name=서도아 id=champzombiei12n message=회원 가입하시겠습니까?
[2026-06-24 19:11:12] 회원가입 알림 name=서도아 id=champzombiei12n message=회원 가입에 감사드립니다.
[2026-06-24 19:11:21] 회원가입 검증 완료 name=서도아 day=월수 dialogs=['회원 가입하시겠습니까?', '회원 가입하시겠습니까?', '회원 가입하시겠습니까?', '회원 가입에 감사드립니다.']
[2026-06-24 19:11:21] 수강신청 시도 1 name=서도아 id=champzombiei12n
[2026-06-24 19:11:21] 수강신청 시작 name=서도아 sheet=PH day=월수
[2026-06-24 19:11:29] PH 과정 선택 완료 day=월수 course_id=1_61 label='' week_filter=True
[2026-06-24 19:11:29] 수강신청 요일 선택 완료 name=서도아 day=월수
[2026-06-24 19:11:31] 수강신청 1차 제출 완료 name=서도아
[2026-06-24 19:11:35] 수강신청 최종 제출 완료 name=서도아
서도아 신청 완료 / 총 81명, 오늘 81명 추가되었습니다.
[2026-06-24 19:11:36] 기록 저장 완료 name=서도아 total=81 today=81
[2026-06-24 19:11:39] 대상 완료 name=서도아 total=81/300 today=81/105
[2026-06-24 19:11:42] 다음 가입 예약: 2026-06-24 19:14:43까지 대기
[2026-06-24 19:14:43] 신규 대상 시작 plan={'sex': '남자', 'day': '월수'}
[2026-06-24 19:14:47] 회원가입 시도 1/4
[2026-06-24 19:14:47] 회원가입 시작 sheet=PH plan={'sex': '남자', 'day': '월수'}
[2026-06-24 19:14:53] 회원가입 폼 진입 완료
[2026-06-24 19:14:56] 우편번호 검색 query=경북 포항시 북구 이인로 56 포항역삼구트리니엔
[2026-06-24 19:14:56] 우편번호 검색 실패 query=경북 포항시 북구 이인로 56 포항역삼구트리니엔 error=Error('Locator.count: Execution context was destroyed, most likely because of a navigation')
[2026-06-24 19:14:58] 우편번호 검색 query=경북 포항시 북구 이인로 56 포항역삼구트리니엔
[2026-06-24 19:14:59] 우편번호 입력 완료 zip=37566 addr=경북 포항시 북구 흥해읍 이인로 56 (이인리, 포항역삼구트리니엔)
[2026-06-24 19:15:00] 회원가입 제출 클릭 name=노유한 id=logicwriter70r school=학천초등학교
[2026-06-24 19:15:01] 회원가입 알림 name=노유한 id=logicwriter70r message=회원 가입하시겠습니까?
[2026-06-24 19:15:02] 회원가입 알림 name=노유한 id=logicwriter70r message=회원 가입에 감사드립니다.
[2026-06-24 19:15:12] 회원가입 검증 완료 name=노유한 day=월수 dialogs=['회원 가입하시겠습니까?', '회원 가입에 감사드립니다.']
[2026-06-24 19:15:12] 수강신청 시도 1 name=노유한 id=logicwriter70r
[2026-06-24 19:15:12] 수강신청 시작 name=노유한 sheet=PH day=월수
[2026-06-24 19:15:20] PH 과정 선택 완료 day=월수 course_id=1_61 label='' week_filter=True
[2026-06-24 19:15:20] 수강신청 요일 선택 완료 name=노유한 day=월수
[2026-06-24 19:15:22] 수강신청 1차 제출 완료 name=노유한
[2026-06-24 19:15:26] 수강신청 최종 제출 완료 name=노유한
노유한 신청 완료 / 총 82명, 오늘 82명 추가되었습니다.
[2026-06-24 19:15:27] 기록 저장 완료 name=노유한 total=82 today=82
[2026-06-24 19:15:29] 대상 완료 name=노유한 total=82/300 today=82/105
[2026-06-24 19:15:32] 다음 가입 예약: 2026-06-24 19:18:29까지 대기
[2026-06-24 19:18:29] 신규 대상 시작 plan={'sex': '남자', 'day': '화목'}
[2026-06-24 19:18:34] 회원가입 시도 1/4
[2026-06-24 19:18:34] 회원가입 시작 sheet=PH plan={'sex': '남자', 'day': '화목'}
[2026-06-24 19:18:44] 회원가입 폼 진입 완료
[2026-06-24 19:18:54] 우편번호 검색 query=경북 포항시 북구 삼흥로88번길 10
[2026-06-24 19:19:09] 우편번호 검색 query=경북 포항시 북구 삼흥로88번길 10
[2026-06-24 19:19:10] 우편번호 입력 완료 zip=37607 addr=경북 포항시 북구 삼흥로88번길 10 (장성동, 장미아파트)
[2026-06-24 19:19:11] 회원가입 제출 클릭 name=이호진 id=animekpopmar93t school=장량초등학교
[2026-06-24 19:19:12] 회원가입 알림 name=이호진 id=animekpopmar93t message=회원 가입하시겠습니까?
[2026-06-24 19:19:13] 회원가입 알림 name=이호진 id=animekpopmar93t message=회원 가입에 감사드립니다.
[2026-06-24 19:19:23] 회원가입 검증 완료 name=이호진 day=화목 dialogs=['회원 가입하시겠습니까?', '회원 가입에 감사드립니다.']
[2026-06-24 19:19:23] 수강신청 시도 1 name=이호진 id=animekpopmar93t
[2026-06-24 19:19:23] 수강신청 시작 name=이호진 sheet=PH day=화목
[2026-06-24 19:19:31] PH 과정 선택 완료 day=화목 course_id=2_62 label='' week_filter=True
[2026-06-24 19:19:31] 수강신청 요일 선택 완료 name=이호진 day=화목
[2026-06-24 19:19:33] 수강신청 1차 제출 완료 name=이호진
[2026-06-24 19:19:37] 수강신청 최종 제출 완료 name=이호진
이호진 신청 완료 / 총 83명, 오늘 83명 추가되었습니다.
[2026-06-24 19:19:39] 기록 저장 완료 name=이호진 total=83 today=83
[2026-06-24 19:19:41] 대상 완료 name=이호진 total=83/300 today=83/105
[2026-06-24 19:19:44] 다음 가입 예약: 2026-06-24 19:23:53까지 대기
[2026-06-24 19:23:53] 신규 대상 시작 plan={'sex': '여자', 'day': '월수'}
[2026-06-24 19:23:57] 회원가입 시도 1/4
[2026-06-24 19:23:57] 회원가입 시작 sheet=PH plan={'sex': '여자', 'day': '월수'}
[2026-06-24 19:24:07] 회원가입 폼 진입 완료
[2026-06-24 19:24:22] 우편번호 검색 query=경북 포항시 북구 창흥로 67
[2026-06-24 19:24:25] 우편번호 입력 완료 zip=37632 addr=경북 포항시 북구 창흥로 67 (창포동, 두호주공2차아파트)
[2026-06-24 19:24:26] 회원가입 제출 클릭 name=김율리 id=dopenovasci7566 school=포항중앙초등학교
[2026-06-24 19:24:28] 회원가입 알림 name=김율리 id=dopenovasci7566 message=회원 가입하시겠습니까?
[2026-06-24 19:24:28] 회원가입 알림 name=김율리 id=dopenovasci7566 message=회원 가입에 감사드립니다.
[2026-06-24 19:24:40] 회원가입 검증 완료 name=김율리 day=월수 dialogs=['회원 가입하시겠습니까?', '회원 가입에 감사드립니다.']
[2026-06-24 19:24:40] 수강신청 시도 1 name=김율리 id=dopenovasci7566
[2026-06-24 19:24:40] 수강신청 시작 name=김율리 sheet=PH day=월수
[2026-06-24 19:24:50] PH 과정 선택 완료 day=월수 course_id=1_61 label='' week_filter=True
[2026-06-24 19:24:50] 수강신청 요일 선택 완료 name=김율리 day=월수
[2026-06-24 19:24:53] 수강신청 1차 제출 완료 name=김율리
[2026-06-24 19:24:59] 수강신청 최종 제출 완료 name=김율리
김율리 신청 완료 / 총 84명, 오늘 84명 추가되었습니다.
[2026-06-24 19:25:02] 기록 저장 완료 name=김율리 total=84 today=84
[2026-06-24 19:25:10] 대상 완료 name=김율리 total=84/300 today=84/105
[2026-06-24 19:25:21] 다음 가입 예약: 2026-06-24 19:28:01까지 대기
[2026-06-24 19:28:01] 신규 대상 시작 plan={'sex': '남자', 'day': '화목'}
[2026-06-24 19:28:33] 회원가입 시도 1/4
[2026-06-24 19:28:33] 회원가입 시작 sheet=PH plan={'sex': '남자', 'day': '화목'}
[2026-06-24 19:28:56] 회원가입 폼 진입 완료
[2026-06-24 19:29:13] 우편번호 검색 query=경북 포항시 북구 흥해읍 중성로32번길 30-1
[2026-06-24 19:29:14] 우편번호 검색 실패 query=경북 포항시 북구 흥해읍 중성로32번길 30-1 error=Error('Locator.count: Execution context was destroyed, most likely because of a navigation')
[2026-06-24 19:29:19] 우편번호 검색 query=경북 포항시 북구 흥해읍 중성로32번길 30-1
[2026-06-24 19:29:21] 우편번호 입력 완료 zip=37545 addr=경북 포항시 북구 흥해읍 중성로32번길 30-1 (남성리, 대동빌라)
[2026-06-24 19:29:26] 회원가입 제출 클릭 name=윤성훈 id=nightwritin5276 school=흥해남산초등학교
[2026-06-24 19:29:30] 회원가입 알림 name=윤성훈 id=nightwritin5276 message=회원 가입하시겠습니까?
[2026-06-24 19:29:32] 회원가입 알림 name=윤성훈 id=nightwritin5276 message=회원 가입에 감사드립니다.
[2026-06-24 19:29:44] 회원가입 검증 완료 name=윤성훈 day=화목 dialogs=['회원 가입하시겠습니까?', '회원 가입에 감사드립니다.']
[2026-06-24 19:29:44] 수강신청 시도 1 name=윤성훈 id=nightwritin5276
[2026-06-24 19:29:44] 수강신청 시작 name=윤성훈 sheet=PH day=화목
[2026-06-24 19:29:57] PH 과정 선택 완료 day=화목 course_id=2_62 label='' week_filter=True
[2026-06-24 19:29:57] 수강신청 요일 선택 완료 name=윤성훈 day=화목
[2026-06-24 19:30:01] 수강신청 1차 제출 완료 name=윤성훈
[2026-06-24 19:30:11] 수강신청 최종 제출 완료 name=윤성훈
윤성훈 신청 완료 / 총 85명, 오늘 85명 추가되었습니다.
[2026-06-24 19:30:18] 기록 저장 완료 name=윤성훈 total=85 today=85
[2026-06-24 19:30:41] 대상 완료 name=윤성훈 total=85/300 today=85/105
[2026-06-24 19:30:54] 다음 가입 예약: 2026-06-24 19:32:30까지 대기
[2026-06-24 19:32:30] 신규 대상 시작 plan={'sex': '여자', 'day': '화목'}
[2026-06-24 19:32:41] 회원가입 시도 1/4
[2026-06-24 19:32:41] 회원가입 시작 sheet=PH plan={'sex': '여자', 'day': '화목'}
[2026-06-24 19:32:52] 회원가입 폼 진입 완료
[2026-06-24 19:32:59] 우편번호 검색 query=경북 포항시 북구 우미길 90
[2026-06-24 19:33:13] 우편번호 검색 query=경북 포항시 북구 우미길 90
[2026-06-24 19:33:14] 우편번호 입력 완료 zip=37647 addr=경북 포항시 북구 우미길 90 (용흥동, 해원하나로타운)
[2026-06-24 19:33:15] 회원가입 제출 클릭 name=박은비 id=bakermega61b school=포항대흥초등학교
[2026-06-24 19:33:17] 회원가입 알림 name=박은비 id=bakermega61b message=회원 가입하시겠습니까?
[2026-06-24 19:33:17] 회원가입 알림 name=박은비 id=bakermega61b message=회원 가입에 감사드립니다.
[2026-06-24 19:33:29] 회원가입 검증 완료 name=박은비 day=화목 dialogs=['회원 가입하시겠습니까?', '회원 가입에 감사드립니다.']
[2026-06-24 19:33:29] 수강신청 시도 1 name=박은비 id=bakermega61b
[2026-06-24 19:33:29] 수강신청 시작 name=박은비 sheet=PH day=화목
[2026-06-24 19:33:40] PH 과정 선택 완료 day=화목 course_id=2_62 label='' week_filter=True
[2026-06-24 19:33:40] 수강신청 요일 선택 완료 name=박은비 day=화목
[2026-06-24 19:33:42] 수강신청 1차 제출 완료 name=박은비
[2026-06-24 19:33:47] 수강신청 최종 제출 완료 name=박은비
박은비 신청 완료 / 총 86명, 오늘 86명 추가되었습니다.
[2026-06-24 19:33:49] 기록 저장 완료 name=박은비 total=86 today=86
[2026-06-24 19:34:00] 대상 완료 name=박은비 total=86/300 today=86/105
[2026-06-24 19:34:06] 다음 가입 예약: 2026-06-24 19:39:00까지 대기
[2026-06-24 19:39:00] 신규 대상 시작 plan={'sex': '남자', 'day': '화목'}
[2026-06-24 19:39:04] 회원가입 시도 1/4
[2026-06-24 19:39:04] 회원가입 시작 sheet=PH plan={'sex': '남자', 'day': '화목'}
[2026-06-24 19:39:13] 회원가입 폼 진입 완료
[2026-06-24 19:39:17] 우편번호 검색 query=경북 포항시 북구 이인로 56 포항역삼구트리니엔
[2026-06-24 19:39:17] 우편번호 검색 실패 query=경북 포항시 북구 이인로 56 포항역삼구트리니엔 error=Error('Locator.count: Execution context was destroyed, most likely because of a navigation')
[2026-06-24 19:39:18] 우편번호 검색 query=경북 포항시 북구 이인로 56 포항역삼구트리니엔
[2026-06-24 19:39:19] 우편번호 입력 완료 zip=37566 addr=경북 포항시 북구 흥해읍 이인로 56 (이인리, 포항역삼구트리니엔)
[2026-06-24 19:39:20] 회원가입 제출 클릭 name=이리한 id=minecraftmi8665 school=학천초등학교
[2026-06-24 19:39:22] 회원가입 알림 name=이리한 id=minecraftmi8665 message=회원 가입하시겠습니까?
[2026-06-24 19:39:23] 회원가입 알림 name=이리한 id=minecraftmi8665 message=회원 가입에 감사드립니다.
[2026-06-24 19:39:34] 회원가입 검증 완료 name=이리한 day=화목 dialogs=['회원 가입하시겠습니까?', '회원 가입에 감사드립니다.']
[2026-06-24 19:39:34] 수강신청 시도 1 name=이리한 id=minecraftmi8665
[2026-06-24 19:39:34] 수강신청 시작 name=이리한 sheet=PH day=화목
[2026-06-24 19:39:43] PH 과정 선택 완료 day=화목 course_id=2_62 label='' week_filter=True
[2026-06-24 19:39:43] 수강신청 요일 선택 완료 name=이리한 day=화목
[2026-06-24 19:39:46] 수강신청 1차 제출 완료 name=이리한
[2026-06-24 19:39:50] 수강신청 최종 제출 완료 name=이리한
이리한 신청 완료 / 총 87명, 오늘 87명 추가되었습니다.
[2026-06-24 19:39:51] 기록 저장 완료 name=이리한 total=87 today=87
[2026-06-24 19:39:54] 대상 완료 name=이리한 total=87/300 today=87/105
[2026-06-24 19:39:59] 다음 가입 예약: 2026-06-24 19:42:40까지 대기
[2026-06-24 19:42:40] 신규 대상 시작 plan={'sex': '여자', 'day': '월수'}
[2026-06-24 19:42:54] 회원가입 시도 1/4
[2026-06-24 19:42:54] 회원가입 시작 sheet=PH plan={'sex': '여자', 'day': '월수'}
[2026-06-24 19:43:03] 회원가입 폼 진입 완료
[2026-06-24 19:43:08] 우편번호 검색 query=경북 포항시 북구 삼호로 391
[2026-06-24 19:43:08] 우편번호 검색 실패 query=경북 포항시 북구 삼호로 391 error=Error('Locator.count: Execution context was destroyed, most likely because of a navigation')
[2026-06-24 19:43:10] 우편번호 검색 query=경북 포항시 북구 삼호로 391
[2026-06-24 19:43:11] 우편번호 입력 완료 zip=37604 addr=경북 포항시 북구 삼호로 391 (환호동, 환호해맞이그린빌)
[2026-06-24 19:43:13] 회원가입 제출 클릭 name=장소희 id=equalityroc3829 school=포항해맞이초등학교
[2026-06-24 19:43:14] 회원가입 알림 name=장소희 id=equalityroc3829 message=회원 가입하시겠습니까?
[2026-06-24 19:43:16] 회원가입 알림 name=장소희 id=equalityroc3829 message=회원 가입에 감사드립니다.
[2026-06-24 19:43:28] 회원가입 검증 완료 name=장소희 day=월수 dialogs=['회원 가입하시겠습니까?', '회원 가입에 감사드립니다.']
[2026-06-24 19:43:28] 수강신청 시도 1 name=장소희 id=equalityroc3829
[2026-06-24 19:43:28] 수강신청 시작 name=장소희 sheet=PH day=월수
[2026-06-24 19:43:37] PH 과정 선택 완료 day=월수 course_id=1_61 label='' week_filter=True
[2026-06-24 19:43:37] 수강신청 요일 선택 완료 name=장소희 day=월수
[2026-06-24 19:43:39] 수강신청 1차 제출 완료 name=장소희
[2026-06-24 19:43:44] 수강신청 최종 제출 완료 name=장소희
장소희 신청 완료 / 총 88명, 오늘 88명 추가되었습니다.
[2026-06-24 19:43:46] 기록 저장 완료 name=장소희 total=88 today=88
[2026-06-24 19:43:49] 대상 완료 name=장소희 total=88/300 today=88/105
[2026-06-24 19:43:53] 다음 가입 예약: 2026-06-24 19:45:00까지 대기
[2026-06-24 19:45:00] 신규 대상 시작 plan={'sex': '여자', 'day': '화목'}
[2026-06-24 19:45:04] 회원가입 시도 1/4
[2026-06-24 19:45:04] 회원가입 시작 sheet=PH plan={'sex': '여자', 'day': '화목'}
[2026-06-24 19:45:12] 회원가입 폼 진입 완료
[2026-06-24 19:45:18] 우편번호 검색 query=경북 포항시 북구 삼흥로18번길 6
[2026-06-24 19:45:20] 우편번호 입력 완료 zip=37611 addr=경북 포항시 북구 삼흥로18번길 6 (두호동, 산호그린맨션1차)
[2026-06-24 19:45:21] 회원가입 제출 클릭 name=채예온 id=maxsuper706 school=포항동부초등학교
[2026-06-24 19:45:22] 회원가입 알림 name=채예온 id=maxsuper706 message=아이디를 입력해 주세요.
[2026-06-24 19:45:23] 회원가입 알림 name=채예온 id=maxsuper706 message=아이디를 입력해 주세요.
[2026-06-24 19:45:27] 회원가입 실패 try=1 error=RuntimeError("회원가입 성공 확인 실패 name=채예온 id=maxsuper706 dialogs=['아이디를 입력해 주세요.', '아이디를 입력해 주세요.']")
[2026-06-24 19:45:28] 회원가입 시도 2/4
[2026-06-24 19:45:28] 회원가입 시작 sheet=PH plan={'sex': '여자', 'day': '화목'}
[2026-06-24 19:45:33] 회원가입 폼 진입 완료
[2026-06-24 19:45:36] 우편번호 검색 query=경북 포항시 북구 삼흥로88번길 10
[2026-06-24 19:45:38] 우편번호 입력 완료 zip=37607 addr=경북 포항시 북구 삼흥로88번길 10 (장성동, 장미아파트)
[2026-06-24 19:45:39] 회원가입 제출 클릭 name=조유아 id=gamerhealthl471 school=장량초등학교
[2026-06-24 19:45:40] 회원가입 알림 name=조유아 id=gamerhealthl471 message=회원 가입하시겠습니까?
[2026-06-24 19:45:41] 회원가입 알림 name=조유아 id=gamerhealthl471 message=회원 가입에 감사드립니다.
[2026-06-24 19:45:51] 회원가입 검증 완료 name=조유아 day=화목 dialogs=['회원 가입하시겠습니까?', '회원 가입에 감사드립니다.']
[2026-06-24 19:45:51] 수강신청 시도 1 name=조유아 id=gamerhealthl471
[2026-06-24 19:45:51] 수강신청 시작 name=조유아 sheet=PH day=화목
[2026-06-24 19:46:00] PH 과정 선택 완료 day=화목 course_id=2_62 label='' week_filter=True
[2026-06-24 19:46:00] 수강신청 요일 선택 완료 name=조유아 day=화목
[2026-06-24 19:46:03] 수강신청 1차 제출 완료 name=조유아
[2026-06-24 19:46:07] 수강신청 최종 제출 완료 name=조유아
조유아 신청 완료 / 총 89명, 오늘 89명 추가되었습니다.
[2026-06-24 19:46:10] 기록 저장 완료 name=조유아 total=89 today=89
[2026-06-24 19:46:21] 대상 완료 name=조유아 total=89/300 today=89/105
[2026-06-24 19:46:25] 다음 가입 예약: 2026-06-24 19:49:27까지 대기
[2026-06-24 19:49:27] 신규 대상 시작 plan={'sex': '남자', 'day': '월수'}
[2026-06-24 19:49:32] 회원가입 시도 1/4
[2026-06-24 19:49:32] 회원가입 시작 sheet=PH plan={'sex': '남자', 'day': '월수'}
[2026-06-24 19:49:40] 회원가입 폼 진입 완료
[2026-06-24 19:49:45] 우편번호 검색 query=경북 포항시 북구 성실로 50
[2026-06-24 19:49:45] 주소 지역 불일치 query=경북 포항시 북구 성실로 50 result=대구 군위군 군위읍 군청로 168-50
[2026-06-24 19:49:46] 우편번호 검색 query=경북 포항시 북구 성실로 50
[2026-06-24 19:49:46] 주소 지역 불일치 query=경북 포항시 북구 성실로 50 result=대구 군위군 군위읍 군청로 168-50
[2026-06-24 19:49:46] 우편번호 검색 query=장량초등학교
[2026-06-24 19:49:47] 우편번호 입력 완료 zip=37574 addr=경북 포항시 북구 장량중앙로 27 (양덕동, 포항송곡초등학교)
[2026-06-24 19:49:48] 회원가입 제출 클릭 name=이찬민 id=silverdoctow208 school=장량초등학교
[2026-06-24 19:49:49] 회원가입 알림 name=이찬민 id=silverdoctow208 message=회원 가입하시겠습니까?
[2026-06-24 19:49:50] 회원가입 알림 name=이찬민 id=silverdoctow208 message=회원 가입에 감사드립니다.
[2026-06-24 19:50:01] 회원가입 검증 완료 name=이찬민 day=월수 dialogs=['회원 가입하시겠습니까?', '회원 가입에 감사드립니다.']
[2026-06-24 19:50:01] 수강신청 시도 1 name=이찬민 id=silverdoctow208
[2026-06-24 19:50:01] 수강신청 시작 name=이찬민 sheet=PH day=월수
[2026-06-24 19:50:11] PH 과정 선택 완료 day=월수 course_id=1_61 label='' week_filter=True
[2026-06-24 19:50:11] 수강신청 요일 선택 완료 name=이찬민 day=월수
[2026-06-24 19:50:14] 수강신청 1차 제출 완료 name=이찬민
[2026-06-24 19:50:21] 수강신청 최종 제출 완료 name=이찬민
이찬민 신청 완료 / 총 90명, 오늘 90명 추가되었습니다.
[2026-06-24 19:50:23] 기록 저장 완료 name=이찬민 total=90 today=90
[2026-06-24 19:50:26] 대상 완료 name=이찬민 total=90/300 today=90/105
[2026-06-24 19:50:33] 다음 가입 예약: 2026-06-24 19:56:34까지 대기
[2026-06-24 19:56:34] 신규 대상 시작 plan={'sex': '남자', 'day': '화목'}
[2026-06-24 19:56:38] 회원가입 시도 1/4
[2026-06-24 19:56:38] 회원가입 시작 sheet=PH plan={'sex': '남자', 'day': '화목'}
[2026-06-24 19:56:45] 회원가입 폼 진입 완료
[2026-06-24 19:56:49] 우편번호 검색 query=경북 포항시 북구 삼흥로32번길 5
[2026-06-24 19:56:49] 우편번호 검색 실패 query=경북 포항시 북구 삼흥로32번길 5 error=Error('Locator.count: Execution context was destroyed, most likely because of a navigation')
[2026-06-24 19:56:51] 우편번호 검색 query=경북 포항시 북구 삼흥로32번길 5
[2026-06-24 19:56:52] 우편번호 입력 완료 zip=37609 addr=경북 포항시 북구 삼흥로32번길 5 (장성동, 럭키장성아파트)
[2026-06-24 19:56:53] 회원가입 제출 클릭 name=김리호 id=ghostingcol3372 school=포항동부초등학교
[2026-06-24 19:56:54] 회원가입 알림 name=김리호 id=ghostingcol3372 message=회원 가입하시겠습니까?
[2026-06-24 19:56:55] 회원가입 알림 name=김리호 id=ghostingcol3372 message=회원 가입에 감사드립니다.
[2026-06-24 19:57:05] 회원가입 검증 완료 name=김리호 day=화목 dialogs=['회원 가입하시겠습니까?', '회원 가입에 감사드립니다.']
[2026-06-24 19:57:05] 수강신청 시도 1 name=김리호 id=ghostingcol3372
[2026-06-24 19:57:05] 수강신청 시작 name=김리호 sheet=PH day=화목
[2026-06-24 19:57:14] PH 과정 선택 완료 day=화목 course_id=2_62 label='' week_filter=True
[2026-06-24 19:57:14] 수강신청 요일 선택 완료 name=김리호 day=화목
[2026-06-24 19:57:16] 수강신청 1차 제출 완료 name=김리호
[2026-06-24 19:57:20] 수강신청 최종 제출 완료 name=김리호
김리호 신청 완료 / 총 91명, 오늘 91명 추가되었습니다.
[2026-06-24 19:57:21] 기록 저장 완료 name=김리호 total=91 today=91
[2026-06-24 19:57:23] 대상 완료 name=김리호 total=91/300 today=91/105
[2026-06-24 19:57:26] 다음 가입 예약: 2026-06-24 20:00:16까지 대기
[2026-06-24 20:00:16] 신규 대상 시작 plan={'sex': '여자', 'day': '화목'}
[2026-06-24 20:00:21] 회원가입 시도 1/4
[2026-06-24 20:00:21] 회원가입 시작 sheet=PH plan={'sex': '여자', 'day': '화목'}
[2026-06-24 20:00:28] 회원가입 폼 진입 완료
[2026-06-24 20:00:33] 우편번호 검색 query=경북 포항시 남구 오천읍 문덕로12번길 6
[2026-06-24 20:00:33] 우편번호 검색 실패 query=경북 포항시 남구 오천읍 문덕로12번길 6 error=Error('Locator.count: Execution context was destroyed, most likely because of a navigation')
[2026-06-24 20:00:34] 우편번호 검색 query=경북 포항시 남구 오천읍 문덕로12번길 6
[2026-06-24 20:00:35] 우편번호 입력 완료 zip=37887 addr=경북 포항시 남구 오천읍 문덕로12번길 6 (문덕리, 준양프리미엄3차)
[2026-06-24 20:00:36] 회원가입 제출 클릭 name=김유솔 id=silverkindnr354 school=포항원동초등학교
[2026-06-24 20:00:37] 회원가입 알림 name=김유솔 id=silverkindnr354 message=회원 가입하시겠습니까?
[2026-06-24 20:00:38] 회원가입 알림 name=김유솔 id=silverkindnr354 message=회원 가입에 감사드립니다.
[2026-06-24 20:00:49] 회원가입 검증 완료 name=김유솔 day=화목 dialogs=['회원 가입하시겠습니까?', '회원 가입에 감사드립니다.']
[2026-06-24 20:00:49] 수강신청 시도 1 name=김유솔 id=silverkindnr354
[2026-06-24 20:00:49] 수강신청 시작 name=김유솔 sheet=PH day=화목
[2026-06-24 20:00:58] PH 과정 선택 완료 day=화목 course_id=2_62 label='' week_filter=True
[2026-06-24 20:00:58] 수강신청 요일 선택 완료 name=김유솔 day=화목
[2026-06-24 20:01:01] 수강신청 1차 제출 완료 name=김유솔
[2026-06-24 20:01:04] 수강신청 최종 제출 완료 name=김유솔
김유솔 신청 완료 / 총 92명, 오늘 92명 추가되었습니다.
[2026-06-24 20:01:06] 기록 저장 완료 name=김유솔 total=92 today=92
[2026-06-24 20:01:08] 대상 완료 name=김유솔 total=92/300 today=92/105
[2026-06-24 20:01:11] 다음 가입 예약: 2026-06-24 20:04:40까지 대기
[2026-06-24 20:04:40] 신규 대상 시작 plan={'sex': '여자', 'day': '화목'}
[2026-06-24 20:04:44] 회원가입 시도 1/4
[2026-06-24 20:04:44] 회원가입 시작 sheet=PH plan={'sex': '여자', 'day': '화목'}
[2026-06-24 20:04:51] 회원가입 폼 진입 완료
[2026-06-24 20:04:56] 우편번호 검색 query=경북 포항시 남구 지곡로 294
[2026-06-24 20:05:09] 우편번호 검색 query=경북 포항시 남구 지곡로 294
[2026-06-24 20:05:10] 우편번호 입력 완료 zip=37669 addr=경북 포항시 남구 지곡로 294 (지곡동, 효자그린아파트)
[2026-06-24 20:05:11] 회원가입 제출 클릭 name=오세리 id=crazypiano9102 school=달전초등학교
[2026-06-24 20:05:12] 회원가입 알림 name=오세리 id=crazypiano9102 message=회원 가입하시겠습니까?
[2026-06-24 20:05:13] 회원가입 알림 name=오세리 id=crazypiano9102 message=회원 가입하시겠습니까?
[2026-06-24 20:05:13] 회원가입 알림 name=오세리 id=crazypiano9102 message=회원 가입에 감사드립니다.
[2026-06-24 20:05:23] 회원가입 검증 완료 name=오세리 day=화목 dialogs=['회원 가입하시겠습니까?', '회원 가입하시겠습니까?', '회원 가입에 감사드립니다.']
[2026-06-24 20:05:23] 수강신청 시도 1 name=오세리 id=crazypiano9102
[2026-06-24 20:05:23] 수강신청 시작 name=오세리 sheet=PH day=화목
[2026-06-24 20:05:33] PH 과정 선택 완료 day=화목 course_id=2_62 label='' week_filter=True
[2026-06-24 20:05:33] 수강신청 요일 선택 완료 name=오세리 day=화목
[2026-06-24 20:05:35] 수강신청 1차 제출 완료 name=오세리
[2026-06-24 20:05:57] 수강신청 실패. 같은 계정으로 재시도 name=오세리 id=crazypiano9102 try=1 error=TimeoutError('Page.click: Timeout 20000ms exceeded.\nCall log:\n  - waiting for locator("input#cbAddress")\n    - locator resolved to <input id="cbAddress" type="checkbox" name="cbAddress"/>\n  - attempting click action\n    - waiting for element to be visible, enabled and stable\n    - element is visible, enabled and stable\n    - scrolling into view if needed\n    - done scrolling\n    - <label>Q5. 부저로 원하는 음을 재생하는 코드를 작성할 수 있나요?</label> from <div id="modal">…</div> subtree intercepts pointer events\n  - retrying click action\n    - waiting for element to be visible, enabled and stable\n    - element is visible, enabled and stable\n    - scrolling into view if needed\n    - done scrolling\n    - <div id="modal">…</div> intercepts pointer events\n  - retrying click action\n    - waiting 20ms\n')
[2026-06-24 20:05:58] 수강신청 시도 2 name=오세리 id=crazypiano9102
[2026-06-24 20:05:58] 수강신청 시작 name=오세리 sheet=PH day=화목
[2026-06-24 20:06:09] PH 과정 선택 완료 day=화목 course_id=2_62 label='' week_filter=True
[2026-06-24 20:06:09] 수강신청 요일 선택 완료 name=오세리 day=화목
[2026-06-24 20:06:11] 수강신청 1차 제출 완료 name=오세리
[2026-06-24 20:06:17] 수강신청 최종 제출 완료 name=오세리
오세리 신청 완료 / 총 93명, 오늘 93명 추가되었습니다.
[2026-06-24 20:06:19] 기록 저장 완료 name=오세리 total=93 today=93
[2026-06-24 20:06:22] 대상 완료 name=오세리 total=93/300 today=93/105
[2026-06-24 20:06:28] 다음 가입 예약: 2026-06-24 20:08:05까지 대기
[2026-06-24 20:08:05] 신규 대상 시작 plan={'sex': '여자', 'day': '화목'}
[2026-06-24 20:08:13] 회원가입 시도 1/4
[2026-06-24 20:08:13] 회원가입 시작 sheet=PH plan={'sex': '여자', 'day': '화목'}
[2026-06-24 20:08:21] 회원가입 폼 진입 완료
[2026-06-24 20:08:25] 우편번호 검색 query=경북 포항시 북구 성실로 66-11
[2026-06-24 20:08:25] 우편번호 검색 실패 query=경북 포항시 북구 성실로 66-11 error=Error('Locator.count: Execution context was destroyed, most likely because of a navigation')
[2026-06-24 20:08:26] 우편번호 검색 query=경북 포항시 북구 성실로 66-11
[2026-06-24 20:08:26] 주소 지역 불일치 query=경북 포항시 북구 성실로 66-11 result=대구 군위군 군위읍 무성1길 66-11
[2026-06-24 20:08:27] 우편번호 검색 query=장성초등학교
[2026-06-24 20:08:27] 우편번호 입력 완료 zip=37583 addr=경북 포항시 북구 법원로63번길 10 (장성동, 장원초등학교)
[2026-06-24 20:08:30] 회원가입 제출 클릭 name=노설하 id=equalityinsl733 school=장성초등학교
[2026-06-24 20:08:31] 회원가입 알림 name=노설하 id=equalityinsl733 message=회원 가입하시겠습니까?
[2026-06-24 20:08:32] 회원가입 알림 name=노설하 id=equalityinsl733 message=회원 가입에 감사드립니다.
[2026-06-24 20:08:43] 회원가입 검증 완료 name=노설하 day=화목 dialogs=['회원 가입하시겠습니까?', '회원 가입에 감사드립니다.']
[2026-06-24 20:08:43] 수강신청 시도 1 name=노설하 id=equalityinsl733
[2026-06-24 20:08:43] 수강신청 시작 name=노설하 sheet=PH day=화목
[2026-06-24 20:08:53] PH 과정 선택 완료 day=화목 course_id=2_62 label='' week_filter=True
[2026-06-24 20:08:53] 수강신청 요일 선택 완료 name=노설하 day=화목
[2026-06-24 20:08:55] 수강신청 1차 제출 완료 name=노설하
[2026-06-24 20:08:59] 수강신청 최종 제출 완료 name=노설하
노설하 신청 완료 / 총 94명, 오늘 94명 추가되었습니다.
[2026-06-24 20:09:00] 기록 저장 완료 name=노설하 total=94 today=94
[2026-06-24 20:09:02] 대상 완료 name=노설하 total=94/300 today=94/105
[2026-06-24 20:09:05] 다음 가입 예약: 2026-06-24 20:12:37까지 대기
[2026-06-24 20:12:37] 신규 대상 시작 plan={'sex': '남자', 'day': '화목'}
[2026-06-24 20:12:40] 회원가입 시도 1/4
[2026-06-24 20:12:40] 회원가입 시작 sheet=PH plan={'sex': '남자', 'day': '화목'}
[2026-06-24 20:12:47] 회원가입 폼 진입 완료
[2026-06-24 20:12:51] 우편번호 검색 query=경북 포항시 남구 오천읍 정몽주로 702
[2026-06-24 20:12:52] 주소 지역 불일치 query=경북 포항시 남구 오천읍 정몽주로 702 result=대구 남구 앞산순환로 702
[2026-06-24 20:12:53] 우편번호 검색 query=경북 포항시 남구 오천읍 정몽주로 702
[2026-06-24 20:12:53] 주소 지역 불일치 query=경북 포항시 남구 오천읍 정몽주로 702 result=대구 남구 앞산순환로 702
[2026-06-24 20:12:54] 우편번호 검색 query=구정초등학교
[2026-06-24 20:13:02] 우편번호 검색 query=구정초등학교
[2026-06-24 20:13:14] 회원가입 실패 try=1 error=RuntimeError("우편번호/주소 입력 실패 queries=['경북 포항시 남구 오천읍 정몽주로 702', '구정초등학교'] required=포항 last_error=검색 결과 없음 query=구정초등학교")
[2026-06-24 20:13:15] 회원가입 시도 2/4
[2026-06-24 20:13:15] 회원가입 시작 sheet=PH plan={'sex': '남자', 'day': '화목'}
[2026-06-24 20:13:18] 회원가입 폼 진입 완료
[2026-06-24 20:13:21] 우편번호 검색 query=경북 포항시 북구 새마을로 2
[2026-06-24 20:13:21] 우편번호 검색 실패 query=경북 포항시 북구 새마을로 2 error=Error('Locator.count: Execution context was destroyed, most likely because of a navigation')
[2026-06-24 20:13:22] 우편번호 검색 query=경북 포항시 북구 새마을로 2
[2026-06-24 20:13:23] 우편번호 입력 완료 zip=37652 addr=경북 포항시 북구 새마을로 2 (용흥동, 용흥현대1차타워아파트)
[2026-06-24 20:13:24] 회원가입 제출 클릭 name=도규민 id=promoterhype52s school=포항대흥초등학교
[2026-06-24 20:13:25] 회원가입 알림 name=도규민 id=promoterhype52s message=회원 가입하시겠습니까?
[2026-06-24 20:13:26] 회원가입 알림 name=도규민 id=promoterhype52s message=회원 가입에 감사드립니다.
[2026-06-24 20:13:36] 회원가입 검증 완료 name=도규민 day=화목 dialogs=['회원 가입하시겠습니까?', '회원 가입에 감사드립니다.']
[2026-06-24 20:13:36] 수강신청 시도 1 name=도규민 id=promoterhype52s
[2026-06-24 20:13:36] 수강신청 시작 name=도규민 sheet=PH day=화목
[2026-06-24 20:13:45] PH 과정 선택 완료 day=화목 course_id=2_62 label='' week_filter=True
[2026-06-24 20:13:45] 수강신청 요일 선택 완료 name=도규민 day=화목
[2026-06-24 20:13:47] 수강신청 1차 제출 완료 name=도규민
[2026-06-24 20:13:51] 수강신청 최종 제출 완료 name=도규민
도규민 신청 완료 / 총 95명, 오늘 95명 추가되었습니다.
[2026-06-24 20:13:52] 기록 저장 완료 name=도규민 total=95 today=95
[2026-06-24 20:13:54] 대상 완료 name=도규민 total=95/300 today=95/105
[2026-06-24 20:13:57] 다음 가입 예약: 2026-06-24 20:18:17까지 대기
[2026-06-24 20:18:17] 신규 대상 시작 plan={'sex': '남자', 'day': '월수'}
[2026-06-24 20:18:21] 회원가입 시도 1/4
[2026-06-24 20:18:21] 회원가입 시작 sheet=PH plan={'sex': '남자', 'day': '월수'}
[2026-06-24 20:18:32] 회원가입 폼 진입 완료
[2026-06-24 20:18:37] 우편번호 검색 query=경북 포항시 북구 새천년대로1123번길 14
[2026-06-24 20:18:39] 우편번호 입력 완료 zip=37628 addr=경북 포항시 북구 새천년대로1123번길 14 (장성동, 창포청구타운)
[2026-06-24 20:18:41] 회원가입 제출 클릭 name=방선율 id=hangrybruht5335 school=장성초등학교
[2026-06-24 20:18:42] 회원가입 알림 name=방선율 id=hangrybruht5335 message=회원 가입하시겠습니까?
[2026-06-24 20:18:43] 회원가입 알림 name=방선율 id=hangrybruht5335 message=회원 가입에 감사드립니다.
[2026-06-24 20:18:53] 회원가입 검증 완료 name=방선율 day=월수 dialogs=['회원 가입하시겠습니까?', '회원 가입에 감사드립니다.']
[2026-06-24 20:18:53] 수강신청 시도 1 name=방선율 id=hangrybruht5335
[2026-06-24 20:18:53] 수강신청 시작 name=방선율 sheet=PH day=월수
[2026-06-24 20:19:02] PH 과정 선택 완료 day=월수 course_id=1_61 label='' week_filter=True
[2026-06-24 20:19:02] 수강신청 요일 선택 완료 name=방선율 day=월수
[2026-06-24 20:19:04] 수강신청 1차 제출 완료 name=방선율
[2026-06-24 20:19:08] 수강신청 최종 제출 완료 name=방선율
방선율 신청 완료 / 총 96명, 오늘 96명 추가되었습니다.
[2026-06-24 20:19:09] 기록 저장 완료 name=방선율 total=96 today=96
[2026-06-24 20:19:11] 대상 완료 name=방선율 total=96/300 today=96/105
[2026-06-24 20:19:15] 다음 가입 예약: 2026-06-24 20:21:31까지 대기
[2026-06-24 20:21:31] 신규 대상 시작 plan={'sex': '여자', 'day': '화목'}
[2026-06-24 20:21:34] 회원가입 시도 1/4
[2026-06-24 20:21:34] 회원가입 시작 sheet=PH plan={'sex': '여자', 'day': '화목'}
[2026-06-24 20:21:41] 회원가입 폼 진입 완료
[2026-06-24 20:21:44] 우편번호 검색 query=경북 포항시 북구 흥해읍 도음로827번길 9
[2026-06-24 20:21:46] 우편번호 입력 완료 zip=37562 addr=경북 포항시 북구 흥해읍 도음로827번길 9 (학천리)
[2026-06-24 20:21:47] 회원가입 제출 클릭 name=김새론 id=directorres7369 school=학천초등학교
[2026-06-24 20:21:48] 회원가입 알림 name=김새론 id=directorres7369 message=회원 가입하시겠습니까?
[2026-06-24 20:21:49] 회원가입 알림 name=김새론 id=directorres7369 message=회원 가입에 감사드립니다.
[2026-06-24 20:21:59] 회원가입 검증 완료 name=김새론 day=화목 dialogs=['회원 가입하시겠습니까?', '회원 가입에 감사드립니다.']
[2026-06-24 20:21:59] 수강신청 시도 1 name=김새론 id=directorres7369
[2026-06-24 20:21:59] 수강신청 시작 name=김새론 sheet=PH day=화목
[2026-06-24 20:22:08] PH 과정 선택 완료 day=화목 course_id=2_62 label='' week_filter=True
[2026-06-24 20:22:08] 수강신청 요일 선택 완료 name=김새론 day=화목
[2026-06-24 20:22:11] 수강신청 1차 제출 완료 name=김새론
[2026-06-24 20:22:17] 수강신청 최종 제출 완료 name=김새론
김새론 신청 완료 / 총 97명, 오늘 97명 추가되었습니다.
[2026-06-24 20:22:19] 기록 저장 완료 name=김새론 total=97 today=97
[2026-06-24 20:22:21] 대상 완료 name=김새론 total=97/300 today=97/105
[2026-06-24 20:22:26] 다음 가입 예약: 2026-06-24 20:26:57까지 대기
[2026-06-24 20:26:57] 신규 대상 시작 plan={'sex': '남자', 'day': '화목'}
[2026-06-24 20:27:00] 회원가입 시도 1/4
[2026-06-24 20:27:00] 회원가입 시작 sheet=PH plan={'sex': '남자', 'day': '화목'}
[2026-06-24 20:27:06] 회원가입 폼 진입 완료
[2026-06-24 20:27:10] 우편번호 검색 query=경북 포항시 북구 용두산길 62
[2026-06-24 20:27:10] 우편번호 검색 실패 query=경북 포항시 북구 용두산길 62 error=Error('Locator.count: Execution context was destroyed, most likely because of a navigation')
[2026-06-24 20:27:12] 우편번호 검색 query=경북 포항시 북구 용두산길 62
[2026-06-24 20:27:13] 우편번호 입력 완료 zip=37608 addr=경북 포항시 북구 용두산길 62 (두호동, 청우대림2차아파트)
[2026-06-24 20:27:14] 회원가입 제출 클릭 name=라정원 id=guitarsilvec173 school=장량초등학교
[2026-06-24 20:27:15] 회원가입 알림 name=라정원 id=guitarsilvec173 message=회원 가입하시겠습니까?
[2026-06-24 20:27:16] 회원가입 알림 name=라정원 id=guitarsilvec173 message=회원 가입에 감사드립니다.
[2026-06-24 20:27:26] 회원가입 검증 완료 name=라정원 day=화목 dialogs=['회원 가입하시겠습니까?', '회원 가입에 감사드립니다.']
[2026-06-24 20:27:26] 수강신청 시도 1 name=라정원 id=guitarsilvec173
[2026-06-24 20:27:26] 수강신청 시작 name=라정원 sheet=PH day=화목
[2026-06-24 20:27:34] PH 과정 선택 완료 day=화목 course_id=2_62 label='' week_filter=True
[2026-06-24 20:27:34] 수강신청 요일 선택 완료 name=라정원 day=화목
[2026-06-24 20:27:36] 수강신청 1차 제출 완료 name=라정원
[2026-06-24 20:27:40] 수강신청 최종 제출 완료 name=라정원
라정원 신청 완료 / 총 98명, 오늘 98명 추가되었습니다.
[2026-06-24 20:27:42] 기록 저장 완료 name=라정원 total=98 today=98
[2026-06-24 20:27:44] 대상 완료 name=라정원 total=98/300 today=98/105
[2026-06-24 20:27:48] 다음 가입 예약: 2026-06-24 20:31:54까지 대기
[2026-06-24 20:31:54] 신규 대상 시작 plan={'sex': '여자', 'day': '월수'}
[2026-06-24 20:31:56] 회원가입 시도 1/4
[2026-06-24 20:31:56] 회원가입 시작 sheet=PH plan={'sex': '여자', 'day': '월수'}
[2026-06-24 20:32:03] 회원가입 폼 진입 완료
[2026-06-24 20:32:05] 우편번호 검색 query=경북 포항시 남구 지곡로 294
[2026-06-24 20:32:08] 우편번호 입력 완료 zip=37669 addr=경북 포항시 남구 지곡로 294 (지곡동, 효자그린아파트)
[2026-06-24 20:32:09] 회원가입 제출 클릭 name=홍나린 id=novarobloxx210 school=달전초등학교
[2026-06-24 20:32:11] 회원가입 알림 name=홍나린 id=novarobloxx210 message=회원 가입하시겠습니까?
[2026-06-24 20:32:12] 회원가입 알림 name=홍나린 id=novarobloxx210 message=회원 가입에 감사드립니다.
[2026-06-24 20:32:24] 회원가입 검증 완료 name=홍나린 day=월수 dialogs=['회원 가입하시겠습니까?', '회원 가입에 감사드립니다.']
[2026-06-24 20:32:24] 수강신청 시도 1 name=홍나린 id=novarobloxx210
[2026-06-24 20:32:24] 수강신청 시작 name=홍나린 sheet=PH day=월수
[2026-06-24 20:32:33] PH 과정 선택 완료 day=월수 course_id=1_61 label='' week_filter=True
[2026-06-24 20:32:33] 수강신청 요일 선택 완료 name=홍나린 day=월수
[2026-06-24 20:32:36] 수강신청 1차 제출 완료 name=홍나린
[2026-06-24 20:32:40] 수강신청 최종 제출 완료 name=홍나린
홍나린 신청 완료 / 총 99명, 오늘 99명 추가되었습니다.
[2026-06-24 20:32:41] 기록 저장 완료 name=홍나린 total=99 today=99
[2026-06-24 20:32:42] 대상 완료 name=홍나린 total=99/300 today=99/105
[2026-06-24 20:32:46] 다음 가입 예약: 2026-06-24 20:34:32까지 대기
[2026-06-24 20:34:32] 신규 대상 시작 plan={'sex': '여자', 'day': '월수'}
[2026-06-24 20:34:50] 회원가입 시도 1/4
[2026-06-24 20:34:50] 회원가입 시작 sheet=PH plan={'sex': '여자', 'day': '월수'}
[2026-06-24 20:35:08] 회원가입 폼 진입 완료
[2026-06-24 20:35:21] 우편번호 검색 query=경북 포항시 북구 우창동로 129 중해마루힐
[2026-06-24 20:35:21] 우편번호 검색 실패 query=경북 포항시 북구 우창동로 129 중해마루힐 error=Error('Locator.count: Execution context was destroyed, most likely because of a navigation')
[2026-06-24 20:35:23] 우편번호 검색 query=경북 포항시 북구 우창동로 129 중해마루힐
[2026-06-24 20:35:25] 우편번호 입력 완료 zip=37636 addr=경북 포항시 북구 우창동로 129 (우현동, 중해마루힐)
[2026-06-24 20:35:27] 회원가입 제출 클릭 name=문소망 id=coolbaking526 school=포항중앙초등학교
[2026-06-24 20:35:29] 회원가입 알림 name=문소망 id=coolbaking526 message=회원 가입하시겠습니까?
[2026-06-24 20:35:30] 회원가입 알림 name=문소망 id=coolbaking526 message=회원 가입에 감사드립니다.
[2026-06-24 20:35:44] 회원가입 검증 완료 name=문소망 day=월수 dialogs=['회원 가입하시겠습니까?', '회원 가입에 감사드립니다.']
[2026-06-24 20:35:44] 수강신청 시도 1 name=문소망 id=coolbaking526
[2026-06-24 20:35:44] 수강신청 시작 name=문소망 sheet=PH day=월수
[2026-06-24 20:35:54] PH 과정 선택 완료 day=월수 course_id=1_61 label='' week_filter=True
[2026-06-24 20:35:54] 수강신청 요일 선택 완료 name=문소망 day=월수
[2026-06-24 20:35:56] 수강신청 1차 제출 완료 name=문소망
[2026-06-24 20:36:01] 수강신청 최종 제출 완료 name=문소망
문소망 신청 완료 / 총 100명, 오늘 100명 추가되었습니다.
[2026-06-24 20:36:03] 기록 저장 완료 name=문소망 total=100 today=100
[2026-06-24 20:36:20] 대상 완료 name=문소망 total=100/300 today=100/105
[2026-06-24 20:36:26] 다음 가입 예약: 2026-06-24 20:38:39까지 대기
[2026-06-24 20:38:39] 신규 대상 시작 plan={'sex': '남자', 'day': '월수'}
[2026-06-24 20:38:43] 회원가입 시도 1/4
[2026-06-24 20:38:43] 회원가입 시작 sheet=PH plan={'sex': '남자', 'day': '월수'}
[2026-06-24 20:39:00] 회원가입 폼 진입 완료
[2026-06-24 20:39:05] 우편번호 검색 query=경북 포항시 북구 우창동로 129 중해마루힐
[2026-06-24 20:39:07] 우편번호 입력 완료 zip=37636 addr=경북 포항시 북구 우창동로 129 (우현동, 중해마루힐)
[2026-06-24 20:39:08] 회원가입 제출 클릭 name=오시유 id=breadcrumbin413 school=포항중앙초등학교
[2026-06-24 20:39:09] 회원가입 알림 name=오시유 id=breadcrumbin413 message=회원 가입하시겠습니까?
[2026-06-24 20:39:10] 회원가입 알림 name=오시유 id=breadcrumbin413 message=회원 가입에 감사드립니다.
[2026-06-24 20:39:22] 회원가입 검증 완료 name=오시유 day=월수 dialogs=['회원 가입하시겠습니까?', '회원 가입에 감사드립니다.']
[2026-06-24 20:39:22] 수강신청 시도 1 name=오시유 id=breadcrumbin413
[2026-06-24 20:39:22] 수강신청 시작 name=오시유 sheet=PH day=월수
[2026-06-24 20:39:31] PH 과정 선택 완료 day=월수 course_id=1_61 label='' week_filter=True
[2026-06-24 20:39:31] 수강신청 요일 선택 완료 name=오시유 day=월수
[2026-06-24 20:39:33] 수강신청 1차 제출 완료 name=오시유
[2026-06-24 20:39:39] 수강신청 최종 제출 완료 name=오시유
오시유 신청 완료 / 총 101명, 오늘 101명 추가되었습니다.
[2026-06-24 20:39:42] 기록 저장 완료 name=오시유 total=101 today=101
[2026-06-24 20:39:54] 대상 완료 name=오시유 total=101/300 today=101/105
[2026-06-24 20:40:06] 다음 가입 예약: 2026-06-24 20:43:49까지 대기
[2026-06-24 20:43:49] 신규 대상 시작 plan={'sex': '남자', 'day': '월수'}
[2026-06-24 20:43:58] 회원가입 시도 1/4
[2026-06-24 20:43:58] 회원가입 시작 sheet=PH plan={'sex': '남자', 'day': '월수'}
[2026-06-24 20:44:12] 회원가입 폼 진입 완료
[2026-06-24 20:44:24] 우편번호 검색 query=경북 포항시 북구 흥해읍 도음로827번길 9
[2026-06-24 20:44:40] 우편번호 검색 query=경북 포항시 북구 흥해읍 도음로827번길 9
[2026-06-24 20:44:41] 우편번호 입력 완료 zip=37562 addr=경북 포항시 북구 흥해읍 도음로827번길 9 (학천리)
[2026-06-24 20:44:43] 회원가입 제출 클릭 name=이승훈 id=sunshinesocc72q school=학천초등학교
[2026-06-24 20:44:45] 회원가입 알림 name=이승훈 id=sunshinesocc72q message=회원 가입하시겠습니까?
[2026-06-24 20:44:46] 회원가입 알림 name=이승훈 id=sunshinesocc72q message=회원 가입에 감사드립니다.
[2026-06-24 20:45:00] 회원가입 검증 완료 name=이승훈 day=월수 dialogs=['회원 가입하시겠습니까?', '회원 가입에 감사드립니다.']
[2026-06-24 20:45:00] 수강신청 시도 1 name=이승훈 id=sunshinesocc72q
[2026-06-24 20:45:00] 수강신청 시작 name=이승훈 sheet=PH day=월수
[2026-06-24 20:45:12] PH 과정 선택 완료 day=월수 course_id=1_61 label='' week_filter=True
[2026-06-24 20:45:12] 수강신청 요일 선택 완료 name=이승훈 day=월수
[2026-06-24 20:45:15] 수강신청 1차 제출 완료 name=이승훈
[2026-06-24 20:45:25] 수강신청 최종 제출 완료 name=이승훈
이승훈 신청 완료 / 총 102명, 오늘 102명 추가되었습니다.
[2026-06-24 20:45:32] 기록 저장 완료 name=이승훈 total=102 today=102
[2026-06-24 20:45:45] 대상 완료 name=이승훈 total=102/300 today=102/105
[2026-06-24 20:45:55] 다음 가입 예약: 2026-06-24 20:49:36까지 대기
[2026-06-24 20:49:36] 신규 대상 시작 plan={'sex': '여자', 'day': '화목'}
[2026-06-24 20:49:39] 회원가입 시도 1/4
[2026-06-24 20:49:39] 회원가입 시작 sheet=PH plan={'sex': '여자', 'day': '화목'}
[2026-06-24 20:49:46] 회원가입 폼 진입 완료
[2026-06-24 20:49:50] 우편번호 검색 query=경북 포항시 남구 지곡로 294
[2026-06-24 20:49:52] 우편번호 입력 완료 zip=37669 addr=경북 포항시 남구 지곡로 294 (지곡동, 효자그린아파트)
[2026-06-24 20:49:53] 회원가입 제출 클릭 name=오아림 id=mediatorcha1587 school=달전초등학교
[2026-06-24 20:49:54] 회원가입 알림 name=오아림 id=mediatorcha1587 message=회원 가입하시겠습니까?
[2026-06-24 20:49:55] 회원가입 알림 name=오아림 id=mediatorcha1587 message=회원 가입에 감사드립니다.
[2026-06-24 20:50:05] 회원가입 검증 완료 name=오아림 day=화목 dialogs=['회원 가입하시겠습니까?', '회원 가입에 감사드립니다.']
[2026-06-24 20:50:05] 수강신청 시도 1 name=오아림 id=mediatorcha1587
[2026-06-24 20:50:05] 수강신청 시작 name=오아림 sheet=PH day=화목
[2026-06-24 20:50:14] PH 과정 선택 완료 day=화목 course_id=2_62 label='' week_filter=True
[2026-06-24 20:50:14] 수강신청 요일 선택 완료 name=오아림 day=화목
[2026-06-24 20:50:16] 수강신청 1차 제출 완료 name=오아림
[2026-06-24 20:50:37] 수강신청 실패. 같은 계정으로 재시도 name=오아림 id=mediatorcha1587 try=1 error=TimeoutError('Page.click: Timeout 20000ms exceeded.\nCall log:\n  - waiting for locator("input#cbAddress")\n    - locator resolved to <input id="cbAddress" type="checkbox" name="cbAddress"/>\n  - attempting click action\n    - waiting for element to be visible, enabled and stable\n    - element is visible, enabled and stable\n    - scrolling into view if needed\n    - done scrolling\n    - <label>Q5. 부저로 원하는 음을 재생하는 코드를 작성할 수 있나요?</label> from <div id="modal">…</div> subtree intercepts pointer events\n  - retrying click action\n    - waiting for element to be visible, enabled and stable\n    - element is visible, enabled and stable\n    - scrolling into view if needed\n    - done scrolling\n    - <div id="modal">…</div> intercepts pointer events\n  - retrying click action\n    - waiting 20ms\n')
[2026-06-24 20:50:39] 수강신청 시도 2 name=오아림 id=mediatorcha1587
[2026-06-24 20:50:39] 수강신청 시작 name=오아림 sheet=PH day=화목
[2026-06-24 20:50:48] PH 과정 선택 완료 day=화목 course_id=2_62 label='' week_filter=True
[2026-06-24 20:50:48] 수강신청 요일 선택 완료 name=오아림 day=화목
[2026-06-24 20:50:50] 수강신청 1차 제출 완료 name=오아림
[2026-06-24 20:50:54] 수강신청 최종 제출 완료 name=오아림
오아림 신청 완료 / 총 103명, 오늘 103명 추가되었습니다.
[2026-06-24 20:50:55] 기록 저장 완료 name=오아림 total=103 today=103
[2026-06-24 20:50:56] 대상 완료 name=오아림 total=103/300 today=103/105
[2026-06-24 20:50:59] 다음 가입 예약: 2026-06-24 20:53:56까지 대기
[2026-06-24 20:53:56] 신규 대상 시작 plan={'sex': '여자', 'day': '월수'}
[2026-06-24 20:53:59] 회원가입 시도 1/4
[2026-06-24 20:53:59] 회원가입 시작 sheet=PH plan={'sex': '여자', 'day': '월수'}
[2026-06-24 20:54:06] 회원가입 폼 진입 완료
[2026-06-24 20:54:10] 우편번호 검색 query=경북 포항시 북구 삼흥로32번길 5
[2026-06-24 20:54:10] 우편번호 검색 실패 query=경북 포항시 북구 삼흥로32번길 5 error=Error('Locator.count: Frame was detached')
[2026-06-24 20:54:11] 우편번호 검색 query=경북 포항시 북구 삼흥로32번길 5
[2026-06-24 20:54:11] 우편번호 검색 실패 query=경북 포항시 북구 삼흥로32번길 5 error=Error('Locator.count: Frame was detached')
[2026-06-24 20:54:11] 우편번호 검색 query=포항동부초등학교
[2026-06-24 20:54:25] 우편번호 검색 query=포항동부초등학교
[2026-06-24 20:54:27] 우편번호 입력 완료 zip=37620 addr=경북 포항시 북구 삼호로 273 (두호동, 포항동부초등학교)
[2026-06-24 20:54:28] 회원가입 제출 클릭 name=한민정 id=twitterintev905 school=포항동부초등학교
[2026-06-24 20:54:29] 회원가입 알림 name=한민정 id=twitterintev905 message=회원 가입하시겠습니까?
[2026-06-24 20:54:30] 회원가입 알림 name=한민정 id=twitterintev905 message=회원 가입에 감사드립니다.
[2026-06-24 20:54:41] 회원가입 검증 완료 name=한민정 day=월수 dialogs=['회원 가입하시겠습니까?', '회원 가입에 감사드립니다.']
[2026-06-24 20:54:41] 수강신청 시도 1 name=한민정 id=twitterintev905
[2026-06-24 20:54:41] 수강신청 시작 name=한민정 sheet=PH day=월수
[2026-06-24 20:54:50] PH 과정 선택 완료 day=월수 course_id=1_61 label='' week_filter=True
[2026-06-24 20:54:50] 수강신청 요일 선택 완료 name=한민정 day=월수
[2026-06-24 20:54:52] 수강신청 1차 제출 완료 name=한민정
[2026-06-24 20:54:55] 수강신청 최종 제출 완료 name=한민정
한민정 신청 완료 / 총 104명, 오늘 104명 추가되었습니다.
[2026-06-24 20:54:56] 기록 저장 완료 name=한민정 total=104 today=104
[2026-06-24 20:54:58] 대상 완료 name=한민정 total=104/300 today=104/105
[2026-06-24 20:55:01] 다음 가입 예약: 2026-06-24 20:57:05까지 대기
[2026-06-24 20:57:05] 신규 대상 시작 plan={'sex': '남자', 'day': '화목'}
[2026-06-24 20:57:08] 회원가입 시도 1/4
[2026-06-24 20:57:08] 회원가입 시작 sheet=PH plan={'sex': '남자', 'day': '화목'}
[2026-06-24 20:57:14] 회원가입 폼 진입 완료
[2026-06-24 20:57:17] 우편번호 검색 query=경북 포항시 북구 새마을로 2
[2026-06-24 20:57:17] 우편번호 검색 실패 query=경북 포항시 북구 새마을로 2 error=Error('Locator.count: Execution context was destroyed, most likely because of a navigation')
[2026-06-24 20:57:19] 우편번호 검색 query=경북 포항시 북구 새마을로 2
[2026-06-24 20:57:19] 우편번호 입력 완료 zip=37652 addr=경북 포항시 북구 새마을로 2 (용흥동, 용흥현대1차타워아파트)
[2026-06-24 20:57:20] 회원가입 제출 클릭 name=문재우 id=daygernova84q school=포항대흥초등학교
[2026-06-24 20:57:21] 회원가입 알림 name=문재우 id=daygernova84q message=회원 가입하시겠습니까?
[2026-06-24 20:57:22] 회원가입 알림 name=문재우 id=daygernova84q message=회원 가입에 감사드립니다.
[2026-06-24 20:57:32] 회원가입 검증 완료 name=문재우 day=화목 dialogs=['회원 가입하시겠습니까?', '회원 가입에 감사드립니다.']
[2026-06-24 20:57:32] 수강신청 시도 1 name=문재우 id=daygernova84q
[2026-06-24 20:57:32] 수강신청 시작 name=문재우 sheet=PH day=화목
[2026-06-24 20:57:40] PH 과정 선택 완료 day=화목 course_id=2_62 label='' week_filter=True
[2026-06-24 20:57:40] 수강신청 요일 선택 완료 name=문재우 day=화목
[2026-06-24 20:57:42] 수강신청 1차 제출 완료 name=문재우
[2026-06-24 20:57:46] 수강신청 최종 제출 완료 name=문재우
문재우 신청 완료 / 총 105명, 오늘 105명 추가되었습니다.
[2026-06-24 20:57:47] 기록 저장 완료 name=문재우 total=105 today=105
[2026-06-24 20:57:49] 대상 완료 name=문재우 total=105/300 today=105/105
[2026-06-24 20:57:51] 오늘 목표 달성 today=105/105
[2026-06-24 20:57:52] 오늘 목표 완료: 2026-06-25 09:00:00까지 대기
[2026-06-25 09:00:01] 오늘 목표 설정: 103명
[2026-06-25 09:00:04] 다음 가입 예약: 2026-06-25 09:02:10까지 대기
[2026-06-25 09:02:10] 신규 대상 시작 plan={'sex': '여자', 'day': '화목'}
[2026-06-25 09:02:16] 회원가입 시도 1/4
[2026-06-25 09:02:16] 회원가입 시작 sheet=PH plan={'sex': '여자', 'day': '화목'}
[2026-06-25 09:02:26] 회원가입 폼 진입 완료
[2026-06-25 09:02:33] 우편번호 검색 query=경북 포항시 남구 중원로 16
[2026-06-25 09:02:34] 주소 지역 불일치 query=경북 포항시 남구 중원로 16 result=대구 군위군 군위읍 경북대로 3076-16 (와우무인텔)
[2026-06-25 09:02:35] 우편번호 검색 query=경북 포항시 남구 중원로 16
[2026-06-25 09:02:35] 주소 지역 불일치 query=경북 포항시 남구 중원로 16 result=대구 군위군 군위읍 경북대로 3076-16 (와우무인텔)
[2026-06-25 09:02:37] 우편번호 검색 query=구정초등학교
[2026-06-25 09:02:45] 우편번호 검색 query=구정초등학교
[2026-06-25 09:02:57] 회원가입 실패 try=1 error=RuntimeError("우편번호/주소 입력 실패 queries=['경북 포항시 남구 중원로 16', '구정초등학교'] required=포항 last_error=검색 결과 없음 query=구정초등학교")
[2026-06-25 09:02:57] 회원가입 시도 2/4
[2026-06-25 09:02:57] 회원가입 시작 sheet=PH plan={'sex': '여자', 'day': '화목'}
[2026-06-25 09:03:00] 회원가입 폼 진입 완료
[2026-06-25 09:03:03] 우편번호 검색 query=경북 포항시 북구 성실로 50
[2026-06-25 09:03:04] 우편번호 입력 완료 zip=37615 addr=경북 포항시 북구 성실로 50 (장성동, 현진에버빌2단지아파트)
[2026-06-25 09:03:05] 회원가입 제출 클릭 name=한은솔 id=gamerchamp7968 school=장량초등학교
[2026-06-25 09:03:06] 회원가입 알림 name=한은솔 id=gamerchamp7968 message=회원 가입하시겠습니까?
[2026-06-25 09:03:07] 회원가입 알림 name=한은솔 id=gamerchamp7968 message=회원 가입에 감사드립니다.
[2026-06-25 09:03:17] 회원가입 검증 완료 name=한은솔 day=화목 dialogs=['회원 가입하시겠습니까?', '회원 가입에 감사드립니다.']
[2026-06-25 09:03:17] 수강신청 시도 1 name=한은솔 id=gamerchamp7968
[2026-06-25 09:03:17] 수강신청 시작 name=한은솔 sheet=PH day=화목
[2026-06-25 09:03:25] PH 과정 선택 완료 day=화목 course_id=2_62 label='' week_filter=True
[2026-06-25 09:03:25] 수강신청 요일 선택 완료 name=한은솔 day=화목
[2026-06-25 09:03:28] 수강신청 1차 제출 완료 name=한은솔
[2026-06-25 09:03:31] 수강신청 최종 제출 완료 name=한은솔
한은솔 신청 완료 / 총 106명, 오늘 1명 추가되었습니다.
[2026-06-25 09:03:32] 기록 저장 완료 name=한은솔 total=106 today=1
[2026-06-25 09:03:34] 대상 완료 name=한은솔 total=106/300 today=1/103
[2026-06-25 09:03:36] 다음 가입 예약: 2026-06-25 09:08:39까지 대기
[2026-06-25 09:08:39] 신규 대상 시작 plan={'sex': '남자', 'day': '월수'}
[2026-06-25 09:08:42] 회원가입 시도 1/4
[2026-06-25 09:08:42] 회원가입 시작 sheet=PH plan={'sex': '남자', 'day': '월수'}
[2026-06-25 09:08:48] 회원가입 폼 진입 완료
[2026-06-25 09:08:50] 우편번호 검색 query=경북 포항시 남구 중원로 16
[2026-06-25 09:08:51] 우편번호 검색 실패 query=경북 포항시 남구 중원로 16 error=Error('Locator.count: Execution context was destroyed, most likely because of a navigation')
[2026-06-25 09:08:52] 우편번호 검색 query=경북 포항시 남구 중원로 16
[2026-06-25 09:08:53] 우편번호 입력 완료 zip=37879 addr=경북 포항시 남구 오천읍 중원로 16 (원리, 힐스테이트 포항)
[2026-06-25 09:08:54] 회원가입 제출 클릭 name=최하성 id=learnerexper21u school=구정초등학교
[2026-06-25 09:08:55] 회원가입 알림 name=최하성 id=learnerexper21u message=회원 가입하시겠습니까?
[2026-06-25 09:08:56] 회원가입 알림 name=최하성 id=learnerexper21u message=회원 가입에 감사드립니다.
[2026-06-25 09:09:06] 회원가입 검증 완료 name=최하성 day=월수 dialogs=['회원 가입하시겠습니까?', '회원 가입에 감사드립니다.']
[2026-06-25 09:09:06] 수강신청 시도 1 name=최하성 id=learnerexper21u
[2026-06-25 09:09:06] 수강신청 시작 name=최하성 sheet=PH day=월수
[2026-06-25 09:09:14] PH 과정 선택 완료 day=월수 course_id=1_61 label='' week_filter=True
[2026-06-25 09:09:14] 수강신청 요일 선택 완료 name=최하성 day=월수
[2026-06-25 09:09:16] 수강신청 1차 제출 완료 name=최하성
[2026-06-25 09:09:20] 수강신청 최종 제출 완료 name=최하성
최하성 신청 완료 / 총 107명, 오늘 2명 추가되었습니다.
[2026-06-25 09:09:20] 기록 저장 완료 name=최하성 total=107 today=2
[2026-06-25 09:09:23] 대상 완료 name=최하성 total=107/300 today=2/103
[2026-06-25 09:09:26] 다음 가입 예약: 2026-06-25 09:17:22까지 대기
[2026-06-25 09:17:22] 신규 대상 시작 plan={'sex': '여자', 'day': '월수'}
[2026-06-25 09:17:25] 회원가입 시도 1/4
[2026-06-25 09:17:25] 회원가입 시작 sheet=PH plan={'sex': '여자', 'day': '월수'}
[2026-06-25 09:17:32] 회원가입 폼 진입 완료
[2026-06-25 09:17:36] 우편번호 검색 query=경북 포항시 남구 지곡로 294
[2026-06-25 09:17:36] 우편번호 검색 실패 query=경북 포항시 남구 지곡로 294 error=Error('Locator.count: Execution context was destroyed, most likely because of a navigation')
[2026-06-25 09:17:37] 우편번호 검색 query=경북 포항시 남구 지곡로 294
[2026-06-25 09:17:38] 우편번호 입력 완료 zip=37669 addr=경북 포항시 남구 지곡로 294 (지곡동, 효자그린아파트)
[2026-06-25 09:17:38] 회원가입 제출 클릭 name=송하선 id=maxinfluencw396 school=달전초등학교
[2026-06-25 09:17:39] 회원가입 알림 name=송하선 id=maxinfluencw396 message=회원 가입하시겠습니까?
[2026-06-25 09:17:40] 회원가입 알림 name=송하선 id=maxinfluencw396 message=회원 가입에 감사드립니다.
[2026-06-25 09:17:50] 회원가입 검증 완료 name=송하선 day=월수 dialogs=['회원 가입하시겠습니까?', '회원 가입에 감사드립니다.']
[2026-06-25 09:17:50] 수강신청 시도 1 name=송하선 id=maxinfluencw396
[2026-06-25 09:17:50] 수강신청 시작 name=송하선 sheet=PH day=월수
[2026-06-25 09:17:59] PH 과정 선택 완료 day=월수 course_id=1_61 label='' week_filter=True
[2026-06-25 09:17:59] 수강신청 요일 선택 완료 name=송하선 day=월수
[2026-06-25 09:18:01] 수강신청 1차 제출 완료 name=송하선
[2026-06-25 09:18:05] 수강신청 최종 제출 완료 name=송하선
송하선 신청 완료 / 총 108명, 오늘 3명 추가되었습니다.
[2026-06-25 09:18:06] 기록 저장 완료 name=송하선 total=108 today=3
[2026-06-25 09:18:09] 대상 완료 name=송하선 total=108/300 today=3/103
[2026-06-25 09:18:13] 다음 가입 예약: 2026-06-25 09:24:59까지 대기
[2026-06-25 09:24:59] 신규 대상 시작 plan={'sex': '여자', 'day': '화목'}
[2026-06-25 09:25:02] 회원가입 시도 1/4
[2026-06-25 09:25:02] 회원가입 시작 sheet=PH plan={'sex': '여자', 'day': '화목'}
[2026-06-25 09:25:08] 회원가입 폼 진입 완료
[2026-06-25 09:25:12] 우편번호 검색 query=경북 포항시 남구 지곡로 294
[2026-06-25 09:25:12] 우편번호 검색 실패 query=경북 포항시 남구 지곡로 294 error=Error('Locator.count: Execution context was destroyed, most likely because of a navigation')
[2026-06-25 09:25:13] 우편번호 검색 query=경북 포항시 남구 지곡로 294
[2026-06-25 09:25:14] 우편번호 입력 완료 zip=37669 addr=경북 포항시 남구 지곡로 294 (지곡동, 효자그린아파트)
[2026-06-25 09:25:14] 회원가입 제출 클릭 name=김예지 id=versatilema9523 school=달전초등학교
[2026-06-25 09:25:15] 회원가입 알림 name=김예지 id=versatilema9523 message=회원 가입하시겠습니까?
[2026-06-25 09:25:16] 회원가입 알림 name=김예지 id=versatilema9523 message=회원 가입에 감사드립니다.
[2026-06-25 09:25:26] 회원가입 검증 완료 name=김예지 day=화목 dialogs=['회원 가입하시겠습니까?', '회원 가입에 감사드립니다.']
[2026-06-25 09:25:26] 수강신청 시도 1 name=김예지 id=versatilema9523
[2026-06-25 09:25:26] 수강신청 시작 name=김예지 sheet=PH day=화목
[2026-06-25 09:25:35] PH 과정 선택 완료 day=화목 course_id=2_62 label='' week_filter=True
[2026-06-25 09:25:35] 수강신청 요일 선택 완료 name=김예지 day=화목
[2026-06-25 09:25:37] 수강신청 1차 제출 완료 name=김예지
[2026-06-25 09:25:40] 수강신청 최종 제출 완료 name=김예지
김예지 신청 완료 / 총 109명, 오늘 4명 추가되었습니다.
[2026-06-25 09:25:41] 기록 저장 완료 name=김예지 total=109 today=4
[2026-06-25 09:25:43] 대상 완료 name=김예지 total=109/300 today=4/103
[2026-06-25 09:25:46] 다음 가입 예약: 2026-06-25 09:29:17까지 대기
[2026-06-25 09:29:17] 신규 대상 시작 plan={'sex': '여자', 'day': '화목'}
[2026-06-25 09:29:20] 회원가입 시도 1/4
[2026-06-25 09:29:20] 회원가입 시작 sheet=PH plan={'sex': '여자', 'day': '화목'}
[2026-06-25 09:29:26] 회원가입 폼 진입 완료
[2026-06-25 09:29:28] 우편번호 검색 query=경북 포항시 북구 창흥로 67
[2026-06-25 09:29:29] 주소 지역 불일치 query=경북 포항시 북구 창흥로 67 result=대구 군위군 군위읍 군위공단길 67
[2026-06-25 09:29:30] 우편번호 검색 query=경북 포항시 북구 창흥로 67
[2026-06-25 09:29:30] 주소 지역 불일치 query=경북 포항시 북구 창흥로 67 result=대구 군위군 군위읍 군위공단길 67
[2026-06-25 09:29:30] 우편번호 검색 query=포항중앙초등학교
[2026-06-25 09:29:31] 우편번호 입력 완료 zip=37636 addr=경북 포항시 북구 우창동로 73 (우현동, 포항중앙초등학교)
[2026-06-25 09:29:33] 회원가입 제출 클릭 name=양정연 id=discoverylea31n school=포항중앙초등학교
[2026-06-25 09:29:34] 회원가입 알림 name=양정연 id=discoverylea31n message=회원 가입하시겠습니까?
[2026-06-25 09:29:35] 회원가입 알림 name=양정연 id=discoverylea31n message=회원 가입에 감사드립니다.
[2026-06-25 09:29:45] 회원가입 검증 완료 name=양정연 day=화목 dialogs=['회원 가입하시겠습니까?', '회원 가입에 감사드립니다.']
[2026-06-25 09:29:45] 수강신청 시도 1 name=양정연 id=discoverylea31n
[2026-06-25 09:29:45] 수강신청 시작 name=양정연 sheet=PH day=화목
[2026-06-25 09:29:53] PH 과정 선택 완료 day=화목 course_id=2_62 label='' week_filter=True
[2026-06-25 09:29:53] 수강신청 요일 선택 완료 name=양정연 day=화목
[2026-06-25 09:29:55] 수강신청 1차 제출 완료 name=양정연
[2026-06-25 09:29:59] 수강신청 최종 제출 완료 name=양정연
양정연 신청 완료 / 총 110명, 오늘 5명 추가되었습니다.
[2026-06-25 09:30:00] 기록 저장 완료 name=양정연 total=110 today=5
[2026-06-25 09:30:04] 대상 완료 name=양정연 total=110/300 today=5/103
[2026-06-25 09:30:09] 다음 가입 예약: 2026-06-25 09:40:41까지 대기
[2026-06-25 09:40:41] 신규 대상 시작 plan={'sex': '여자', 'day': '월수'}
[2026-06-25 09:40:45] 회원가입 시도 1/4
[2026-06-25 09:40:45] 회원가입 시작 sheet=PH plan={'sex': '여자', 'day': '월수'}
[2026-06-25 09:40:51] 회원가입 폼 진입 완료
[2026-06-25 09:40:56] 우편번호 검색 query=경북 포항시 북구 흥해읍 이인리 927-61
[2026-06-25 09:40:57] 우편번호 입력 완료 zip=37566 addr=경북 포항시 북구 흥해읍 달전로 365 (이인리, 삼도드림파크)
[2026-06-25 09:40:58] 회원가입 제출 클릭 name=명유정 id=bolddevelope27h school=달전초등학교
[2026-06-25 09:40:59] 회원가입 알림 name=명유정 id=bolddevelope27h message=회원 가입하시겠습니까?
[2026-06-25 09:41:00] 회원가입 알림 name=명유정 id=bolddevelope27h message=회원 가입에 감사드립니다.
[2026-06-25 09:41:10] 회원가입 검증 완료 name=명유정 day=월수 dialogs=['회원 가입하시겠습니까?', '회원 가입에 감사드립니다.']
[2026-06-25 09:41:10] 수강신청 시도 1 name=명유정 id=bolddevelope27h
[2026-06-25 09:41:10] 수강신청 시작 name=명유정 sheet=PH day=월수
[2026-06-25 09:41:18] PH 과정 선택 완료 day=월수 course_id=1_61 label='' week_filter=True
[2026-06-25 09:41:18] 수강신청 요일 선택 완료 name=명유정 day=월수
[2026-06-25 09:41:20] 수강신청 1차 제출 완료 name=명유정
[2026-06-25 09:41:24] 수강신청 최종 제출 완료 name=명유정
명유정 신청 완료 / 총 111명, 오늘 6명 추가되었습니다.
[2026-06-25 09:41:25] 기록 저장 완료 name=명유정 total=111 today=6
[2026-06-25 09:41:28] 대상 완료 name=명유정 total=111/300 today=6/103
[2026-06-25 09:41:31] 다음 가입 예약: 2026-06-25 09:45:32까지 대기
[2026-06-25 09:45:32] 신규 대상 시작 plan={'sex': '여자', 'day': '화목'}
[2026-06-25 09:45:34] 회원가입 시도 1/4
[2026-06-25 09:45:34] 회원가입 시작 sheet=PH plan={'sex': '여자', 'day': '화목'}
[2026-06-25 09:45:40] 회원가입 폼 진입 완료
[2026-06-25 09:45:44] 우편번호 검색 query=경북 포항시 북구 삼흥로32번길 5
[2026-06-25 09:45:46] 우편번호 입력 완료 zip=37609 addr=경북 포항시 북구 삼흥로32번길 5 (장성동, 럭키장성아파트)
[2026-06-25 09:45:47] 회원가입 제출 클릭 name=윤세나 id=readingpeppt218 school=포항동부초등학교
[2026-06-25 09:45:47] 회원가입 알림 name=윤세나 id=readingpeppt218 message=회원 가입하시겠습니까?
[2026-06-25 09:45:48] 회원가입 알림 name=윤세나 id=readingpeppt218 message=회원 가입에 감사드립니다.
[2026-06-25 09:45:58] 회원가입 검증 완료 name=윤세나 day=화목 dialogs=['회원 가입하시겠습니까?', '회원 가입에 감사드립니다.']
[2026-06-25 09:45:58] 수강신청 시도 1 name=윤세나 id=readingpeppt218
[2026-06-25 09:45:58] 수강신청 시작 name=윤세나 sheet=PH day=화목
[2026-06-25 09:46:07] PH 과정 선택 완료 day=화목 course_id=2_62 label='' week_filter=True
[2026-06-25 09:46:07] 수강신청 요일 선택 완료 name=윤세나 day=화목
[2026-06-25 09:46:09] 수강신청 1차 제출 완료 name=윤세나
[2026-06-25 09:46:14] 수강신청 최종 제출 완료 name=윤세나
윤세나 신청 완료 / 총 112명, 오늘 7명 추가되었습니다.
[2026-06-25 09:46:16] 기록 저장 완료 name=윤세나 total=112 today=7
[2026-06-25 09:46:18] 대상 완료 name=윤세나 total=112/300 today=7/103
[2026-06-25 09:46:23] 다음 가입 예약: 2026-06-25 09:52:43까지 대기
[2026-06-25 09:52:43] 신규 대상 시작 plan={'sex': '여자', 'day': '월수'}
[2026-06-25 09:52:46] 회원가입 시도 1/4
[2026-06-25 09:52:46] 회원가입 시작 sheet=PH plan={'sex': '여자', 'day': '월수'}
[2026-06-25 09:52:52] 회원가입 폼 진입 완료
[2026-06-25 09:52:56] 우편번호 검색 query=경북 포항시 북구 새천년대로1123번길 14
[2026-06-25 09:52:56] 우편번호 검색 실패 query=경북 포항시 북구 새천년대로1123번길 14 error=Error('Locator.count: Execution context was destroyed, most likely because of a navigation')
[2026-06-25 09:52:57] 우편번호 검색 query=경북 포항시 북구 새천년대로1123번길 14
[2026-06-25 09:52:58] 우편번호 입력 완료 zip=37628 addr=경북 포항시 북구 새천년대로1123번길 14 (장성동, 창포청구타운)
[2026-06-25 09:52:59] 회원가입 제출 클릭 name=이지아 id=forestleader21i school=장성초등학교
[2026-06-25 09:53:00] 회원가입 알림 name=이지아 id=forestleader21i message=회원 가입하시겠습니까?
[2026-06-25 09:53:01] 회원가입 알림 name=이지아 id=forestleader21i message=회원 가입에 감사드립니다.
[2026-06-25 09:53:11] 회원가입 검증 완료 name=이지아 day=월수 dialogs=['회원 가입하시겠습니까?', '회원 가입에 감사드립니다.']
[2026-06-25 09:53:11] 수강신청 시도 1 name=이지아 id=forestleader21i
[2026-06-25 09:53:11] 수강신청 시작 name=이지아 sheet=PH day=월수
[2026-06-25 09:53:19] PH 과정 선택 완료 day=월수 course_id=1_61 label='' week_filter=True
[2026-06-25 09:53:19] 수강신청 요일 선택 완료 name=이지아 day=월수
[2026-06-25 09:53:21] 수강신청 1차 제출 완료 name=이지아
[2026-06-25 09:53:25] 수강신청 최종 제출 완료 name=이지아
이지아 신청 완료 / 총 113명, 오늘 8명 추가되었습니다.
[2026-06-25 09:53:26] 기록 저장 완료 name=이지아 total=113 today=8
[2026-06-25 09:53:28] 대상 완료 name=이지아 total=113/300 today=8/103
[2026-06-25 09:53:30] 다음 가입 예약: 2026-06-25 09:59:41까지 대기
[2026-06-25 09:59:41] 신규 대상 시작 plan={'sex': '남자', 'day': '화목'}
[2026-06-25 09:59:44] 회원가입 시도 1/4
[2026-06-25 09:59:44] 회원가입 시작 sheet=PH plan={'sex': '남자', 'day': '화목'}
[2026-06-25 09:59:49] 회원가입 폼 진입 완료
[2026-06-25 09:59:53] 우편번호 검색 query=경북 포항시 북구 성실로 66-11
[2026-06-25 09:59:53] 우편번호 검색 실패 query=경북 포항시 북구 성실로 66-11 error=Error('Locator.count: Execution context was destroyed, most likely because of a navigation')
[2026-06-25 09:59:54] 우편번호 검색 query=경북 포항시 북구 성실로 66-11
[2026-06-25 09:59:55] 우편번호 입력 완료 zip=37615 addr=경북 포항시 북구 성실로 66-11 (장성동, 대방한양아파트)
[2026-06-25 09:59:56] 회원가입 제출 클릭 name=임동현 id=prismplanetk948 school=장성초등학교
[2026-06-25 09:59:57] 회원가입 알림 name=임동현 id=prismplanetk948 message=회원 가입하시겠습니까?
[2026-06-25 09:59:58] 회원가입 알림 name=임동현 id=prismplanetk948 message=회원 가입에 감사드립니다.
[2026-06-25 10:00:08] 회원가입 검증 완료 name=임동현 day=화목 dialogs=['회원 가입하시겠습니까?', '회원 가입에 감사드립니다.']
[2026-06-25 10:00:08] 수강신청 시도 1 name=임동현 id=prismplanetk948
[2026-06-25 10:00:08] 수강신청 시작 name=임동현 sheet=PH day=화목
[2026-06-25 10:00:18] PH 과정 선택 완료 day=화목 course_id=2_62 label='' week_filter=True
[2026-06-25 10:00:18] 수강신청 요일 선택 완료 name=임동현 day=화목
[2026-06-25 10:00:20] 수강신청 1차 제출 완료 name=임동현
[2026-06-25 10:00:24] 수강신청 최종 제출 완료 name=임동현
임동현 신청 완료 / 총 114명, 오늘 9명 추가되었습니다.
[2026-06-25 10:00:25] 기록 저장 완료 name=임동현 total=114 today=9
[2026-06-25 10:00:35] 대상 완료 name=임동현 total=114/300 today=9/103
[2026-06-25 10:00:40] 다음 가입 예약: 2026-06-25 10:07:16까지 대기
