[2026-06-25 15:06:28] 현황 저장 시트 결정: PH + 2기 -> PH2
[2026-06-25 15:06:29] 동작 시작 sheet=PH total=114/300 today=9 active=9:00-21:00
[2026-06-25 15:07:33] 다음 가입 예약: 2026-06-25 15:09:48까지 대기
[2026-06-25 15:09:48] 신규 대상 시작 plan={'sex': '남자', 'day': '화목'}
[2026-06-25 15:10:17] 회원가입 시도 1/4
[2026-06-25 15:10:17] 회원가입 시작 sheet=PH plan={'sex': '남자', 'day': '화목'}
[2026-06-25 15:10:36] 회원가입 폼 진입 완료
[2026-06-25 15:10:49] 우편번호 검색 query=경북 포항시 남구 오천읍 해병로489번길 9
[2026-06-25 15:10:50] 주소 지역 불일치 query=경북 포항시 남구 오천읍 해병로489번길 9 result=경북 경주시 동문로89번길 9
[2026-06-25 15:10:51] 우편번호 검색 query=경북 포항시 남구 오천읍 해병로489번길 9
[2026-06-25 15:10:51] 주소 지역 불일치 query=경북 포항시 남구 오천읍 해병로489번길 9 result=경북 경주시 동문로89번길 9
[2026-06-25 15:10:52] 우편번호 검색 query=포항원동초등학교
[2026-06-25 15:10:54] 우편번호 입력 완료 zip=37883 addr=경북 포항시 남구 오천읍 냉천로340번길 64 (원리, 포항원동초등학교)
[2026-06-25 15:10:56] 회원가입 제출 클릭 name=정우리 id=sloshedsocc8555 school=포항원동초등학교
[2026-06-25 15:10:57] 회원가입 알림 name=정우리 id=sloshedsocc8555 message=회원 가입하시겠습니까?
[2026-06-25 15:10:59] 회원가입 알림 name=정우리 id=sloshedsocc8555 message=회원 가입하시겠습니까?
[2026-06-25 15:11:01] 회원가입 알림 name=정우리 id=sloshedsocc8555 message=회원 가입에 감사드립니다.
[2026-06-25 15:11:12] 회원가입 검증 완료 name=정우리 day=화목 dialogs=['회원 가입하시겠습니까?', '회원 가입하시겠습니까?', '회원 가입에 감사드립니다.']
[2026-06-25 15:11:12] 수강신청 시도 1 name=정우리 id=sloshedsocc8555
[2026-06-25 15:11:12] 수강신청 시작 name=정우리 sheet=PH day=화목
[2026-06-25 15:11:22] PH 과정 선택 완료 day=화목 course_id=2_62 label='' week_filter=True
[2026-06-25 15:11:22] 수강신청 요일 선택 완료 name=정우리 day=화목
[2026-06-25 15:11:24] 수강신청 1차 제출 완료 name=정우리
[2026-06-25 15:11:29] 수강신청 최종 제출 완료 name=정우리
정우리 신청 완료 / 총 115명, 오늘 10명 추가되었습니다.
[2026-06-25 15:11:32] 기록 저장 완료 name=정우리 total=115 today=10
[2026-06-25 15:11:50] 대상 완료 name=정우리 total=115/300 today=10/103
[2026-06-25 15:11:55] 다음 가입 예약: 2026-06-25 15:12:26까지 대기
[2026-06-25 15:12:26] 신규 대상 시작 plan={'sex': '남자', 'day': '화목'}
[2026-06-25 15:12:30] 회원가입 시도 1/4
[2026-06-25 15:12:30] 회원가입 시작 sheet=PH plan={'sex': '남자', 'day': '화목'}
[2026-06-25 15:12:39] 회원가입 폼 진입 완료
[2026-06-25 15:12:44] 우편번호 검색 query=경북 포항시 북구 대곡로 21 창포아이파크2차아파트
[2026-06-25 15:12:57] 우편번호 검색 query=경북 포항시 북구 대곡로 21 창포아이파크2차아파트
[2026-06-25 15:12:58] 우편번호 입력 완료 zip=37618 addr=경북 포항시 북구 대곡로 21 (두호동, 창포2차아이파크)
[2026-06-25 15:12:59] 회원가입 제출 클릭 name=김도운 id=organizervol61o school=창포초등학교
[2026-06-25 15:13:00] 회원가입 알림 name=김도운 id=organizervol61o message=회원 가입하시겠습니까?
[2026-06-25 15:13:01] 회원가입 알림 name=김도운 id=organizervol61o message=회원 가입에 감사드립니다.
[2026-06-25 15:13:11] 회원가입 검증 완료 name=김도운 day=화목 dialogs=['회원 가입하시겠습니까?', '회원 가입에 감사드립니다.']
[2026-06-25 15:13:11] 수강신청 시도 1 name=김도운 id=organizervol61o
[2026-06-25 15:13:11] 수강신청 시작 name=김도운 sheet=PH day=화목
[2026-06-25 15:13:20] PH 과정 선택 완료 day=화목 course_id=2_62 label='' week_filter=True
[2026-06-25 15:13:20] 수강신청 요일 선택 완료 name=김도운 day=화목
[2026-06-25 15:13:22] 수강신청 1차 제출 완료 name=김도운
[2026-06-25 15:13:26] 수강신청 최종 제출 완료 name=김도운
김도운 신청 완료 / 총 116명, 오늘 11명 추가되었습니다.
[2026-06-25 15:13:28] 기록 저장 완료 name=김도운 total=116 today=11
[2026-06-25 15:13:51] 대상 완료 name=김도운 total=116/300 today=11/103
[2026-06-25 15:13:55] 다음 가입 예약: 2026-06-25 15:21:28까지 대기
[2026-06-25 15:21:28] 신규 대상 시작 plan={'sex': '여자', 'day': '월수'}
[2026-06-25 15:21:32] 회원가입 시도 1/4
[2026-06-25 15:21:32] 회원가입 시작 sheet=PH plan={'sex': '여자', 'day': '월수'}
[2026-06-25 15:21:39] 회원가입 폼 진입 완료
[2026-06-25 15:21:45] 우편번호 검색 query=경북 포항시 북구 중흥로161번길 30
[2026-06-25 15:21:45] 우편번호 검색 실패 query=경북 포항시 북구 중흥로161번길 30 error=Error('Locator.count: Execution context was destroyed, most likely because of a navigation')
[2026-06-25 15:21:46] 우편번호 검색 query=경북 포항시 북구 중흥로161번길 30
[2026-06-25 15:21:47] 우편번호 입력 완료 zip=37756 addr=경북 포항시 북구 중흥로161번길 30 (죽도동, 남부아파트)
[2026-06-25 15:21:48] 회원가입 제출 클릭 name=고아름 id=laughtermode77b school=상대초등학교
[2026-06-25 15:21:49] 회원가입 알림 name=고아름 id=laughtermode77b message=회원 가입하시겠습니까?
[2026-06-25 15:21:50] 회원가입 알림 name=고아름 id=laughtermode77b message=회원 가입에 감사드립니다.
[2026-06-25 15:22:00] 회원가입 검증 완료 name=고아름 day=월수 dialogs=['회원 가입하시겠습니까?', '회원 가입에 감사드립니다.']
[2026-06-25 15:22:00] 수강신청 시도 1 name=고아름 id=laughtermode77b
[2026-06-25 15:22:00] 수강신청 시작 name=고아름 sheet=PH day=월수
[2026-06-25 15:22:09] PH 과정 선택 완료 day=월수 course_id=1_61 label='' week_filter=True
[2026-06-25 15:22:09] 수강신청 요일 선택 완료 name=고아름 day=월수
[2026-06-25 15:22:12] 수강신청 1차 제출 완료 name=고아름
[2026-06-25 15:22:16] 수강신청 최종 제출 완료 name=고아름
고아름 신청 완료 / 총 117명, 오늘 12명 추가되었습니다.
[2026-06-25 15:22:17] 기록 저장 완료 name=고아름 total=117 today=12
[2026-06-25 15:22:20] 대상 완료 name=고아름 total=117/300 today=12/103
[2026-06-25 15:22:25] 다음 가입 예약: 2026-06-25 15:28:19까지 대기
[2026-06-25 15:28:19] 신규 대상 시작 plan={'sex': '남자', 'day': '월수'}
[2026-06-25 15:28:23] 회원가입 시도 1/4
[2026-06-25 15:28:23] 회원가입 시작 sheet=PH plan={'sex': '남자', 'day': '월수'}
[2026-06-25 15:28:33] 회원가입 폼 진입 완료
[2026-06-25 15:28:36] 우편번호 검색 query=경북 포항시 북구 성실로 50
[2026-06-25 15:28:37] 우편번호 검색 실패 query=경북 포항시 북구 성실로 50 error=Error('Locator.count: Execution context was destroyed, most likely because of a navigation')
[2026-06-25 15:28:37] 우편번호 검색 query=경북 포항시 북구 성실로 50
[2026-06-25 15:28:38] 우편번호 입력 완료 zip=37615 addr=경북 포항시 북구 성실로 50 (장성동, 현진에버빌2단지아파트)
[2026-06-25 15:28:40] 회원가입 제출 클릭 name=박정환 id=historybossc551 school=장성초등학교
[2026-06-25 15:28:41] 회원가입 알림 name=박정환 id=historybossc551 message=회원 가입하시겠습니까?
[2026-06-25 15:28:42] 회원가입 알림 name=박정환 id=historybossc551 message=회원 가입에 감사드립니다.
[2026-06-25 15:28:51] 회원가입 검증 완료 name=박정환 day=월수 dialogs=['회원 가입하시겠습니까?', '회원 가입에 감사드립니다.']
[2026-06-25 15:28:51] 수강신청 시도 1 name=박정환 id=historybossc551
[2026-06-25 15:28:51] 수강신청 시작 name=박정환 sheet=PH day=월수
[2026-06-25 15:29:00] PH 과정 선택 완료 day=월수 course_id=1_61 label='' week_filter=True
[2026-06-25 15:29:00] 수강신청 요일 선택 완료 name=박정환 day=월수
[2026-06-25 15:29:02] 수강신청 1차 제출 완료 name=박정환
[2026-06-25 15:29:05] 수강신청 최종 제출 완료 name=박정환
박정환 신청 완료 / 총 118명, 오늘 13명 추가되었습니다.
[2026-06-25 15:29:06] 기록 저장 완료 name=박정환 total=118 today=13
[2026-06-25 15:29:08] 대상 완료 name=박정환 total=118/300 today=13/103
[2026-06-25 15:29:11] 다음 가입 예약: 2026-06-25 15:35:25까지 대기
[2026-06-25 15:35:25] 신규 대상 시작 plan={'sex': '남자', 'day': '화목'}
[2026-06-25 15:35:28] 회원가입 시도 1/4
[2026-06-25 15:35:28] 회원가입 시작 sheet=PH plan={'sex': '남자', 'day': '화목'}
[2026-06-25 15:35:33] 회원가입 폼 진입 완료
[2026-06-25 15:35:36] 우편번호 검색 query=경북 포항시 북구 용흥동 포항우방타운
[2026-06-25 15:35:49] 우편번호 검색 query=경북 포항시 북구 용흥동 포항우방타운
[2026-06-25 15:35:50] 우편번호 입력 완료 zip=37650 addr=경북 포항시 북구 대안길 56 (용흥동, 우방타운)
[2026-06-25 15:35:51] 회원가입 제출 클릭 name=서성원 id=mediatorpion25v school=포항대흥초등학교
[2026-06-25 15:35:52] 회원가입 알림 name=서성원 id=mediatorpion25v message=회원 가입하시겠습니까?
[2026-06-25 15:35:52] 회원가입 알림 name=서성원 id=mediatorpion25v message=회원 가입에 감사드립니다.
[2026-06-25 15:36:02] 회원가입 검증 완료 name=서성원 day=화목 dialogs=['회원 가입하시겠습니까?', '회원 가입에 감사드립니다.']
[2026-06-25 15:36:02] 수강신청 시도 1 name=서성원 id=mediatorpion25v
[2026-06-25 15:36:02] 수강신청 시작 name=서성원 sheet=PH day=화목
[2026-06-25 15:36:11] PH 과정 선택 완료 day=화목 course_id=2_62 label='' week_filter=True
[2026-06-25 15:36:11] 수강신청 요일 선택 완료 name=서성원 day=화목
[2026-06-25 15:36:13] 수강신청 1차 제출 완료 name=서성원
[2026-06-25 15:36:18] 수강신청 최종 제출 완료 name=서성원
서성원 신청 완료 / 총 119명, 오늘 14명 추가되었습니다.
[2026-06-25 15:36:19] 기록 저장 완료 name=서성원 total=119 today=14
[2026-06-25 15:36:21] 대상 완료 name=서성원 total=119/300 today=14/103
[2026-06-25 15:36:25] 다음 가입 예약: 2026-06-25 15:39:29까지 대기
[2026-06-25 15:39:29] 신규 대상 시작 plan={'sex': '여자', 'day': '월수'}
[2026-06-25 15:39:32] 회원가입 시도 1/4
[2026-06-25 15:39:32] 회원가입 시작 sheet=PH plan={'sex': '여자', 'day': '월수'}
[2026-06-25 15:39:37] 회원가입 폼 진입 완료
[2026-06-25 15:39:41] 우편번호 검색 query=경북 포항시 북구 새마을로 2
[2026-06-25 15:39:43] 우편번호 입력 완료 zip=37652 addr=경북 포항시 북구 새마을로 2 (용흥동, 용흥현대1차타워아파트)
[2026-06-25 15:39:44] 회원가입 제출 클릭 name=김하빈 id=communicato1722 school=포항대흥초등학교
[2026-06-25 15:39:45] 회원가입 알림 name=김하빈 id=communicato1722 message=회원 가입하시겠습니까?
[2026-06-25 15:39:45] 회원가입 알림 name=김하빈 id=communicato1722 message=회원 가입에 감사드립니다.
[2026-06-25 15:39:55] 회원가입 검증 완료 name=김하빈 day=월수 dialogs=['회원 가입하시겠습니까?', '회원 가입에 감사드립니다.']
[2026-06-25 15:39:55] 수강신청 시도 1 name=김하빈 id=communicato1722
[2026-06-25 15:39:55] 수강신청 시작 name=김하빈 sheet=PH day=월수
[2026-06-25 15:40:03] PH 과정 선택 완료 day=월수 course_id=1_61 label='' week_filter=True
[2026-06-25 15:40:03] 수강신청 요일 선택 완료 name=김하빈 day=월수
[2026-06-25 15:40:05] 수강신청 1차 제출 완료 name=김하빈
[2026-06-25 15:40:10] 수강신청 최종 제출 완료 name=김하빈
김하빈 신청 완료 / 총 120명, 오늘 15명 추가되었습니다.
[2026-06-25 15:40:12] 기록 저장 완료 name=김하빈 total=120 today=15
[2026-06-25 15:40:19] 대상 완료 name=김하빈 total=120/300 today=15/103
[2026-06-25 15:40:22] 다음 가입 예약: 2026-06-25 15:45:52까지 대기
[2026-06-25 15:45:52] 신규 대상 시작 plan={'sex': '남자', 'day': '월수'}
[2026-06-25 15:45:55] 회원가입 시도 1/4
[2026-06-25 15:45:55] 회원가입 시작 sheet=PH plan={'sex': '남자', 'day': '월수'}
[2026-06-25 15:46:01] 회원가입 폼 진입 완료
[2026-06-25 15:46:04] 우편번호 검색 query=경북 포항시 북구 삼흥로88번길 10
[2026-06-25 15:46:05] 주소 지역 불일치 query=경북 포항시 북구 삼흥로88번길 10 result=경북 영주시 부석면 부석사로88번길 10
[2026-06-25 15:46:05] 우편번호 검색 query=경북 포항시 북구 삼흥로88번길 10
[2026-06-25 15:46:05] 주소 지역 불일치 query=경북 포항시 북구 삼흥로88번길 10 result=경북 영주시 부석면 부석사로88번길 10
[2026-06-25 15:46:05] 우편번호 검색 query=장량초등학교
[2026-06-25 15:46:06] 우편번호 입력 완료 zip=37574 addr=경북 포항시 북구 장량중앙로 27 (양덕동, 포항송곡초등학교)
[2026-06-25 15:46:10] 회원가입 제출 클릭 name=이태윤 id=ninjarespec8312 school=장량초등학교
[2026-06-25 15:46:11] 회원가입 알림 name=이태윤 id=ninjarespec8312 message=회원 가입하시겠습니까?
[2026-06-25 15:46:12] 회원가입 알림 name=이태윤 id=ninjarespec8312 message=회원 가입에 감사드립니다.
[2026-06-25 15:46:23] 회원가입 검증 완료 name=이태윤 day=월수 dialogs=['회원 가입하시겠습니까?', '회원 가입에 감사드립니다.']
[2026-06-25 15:46:23] 수강신청 시도 1 name=이태윤 id=ninjarespec8312
[2026-06-25 15:46:23] 수강신청 시작 name=이태윤 sheet=PH day=월수
[2026-06-25 15:46:32] PH 과정 선택 완료 day=월수 course_id=1_61 label='' week_filter=True
[2026-06-25 15:46:32] 수강신청 요일 선택 완료 name=이태윤 day=월수
[2026-06-25 15:46:34] 수강신청 1차 제출 완료 name=이태윤
[2026-06-25 15:46:38] 수강신청 최종 제출 완료 name=이태윤
이태윤 신청 완료 / 총 121명, 오늘 16명 추가되었습니다.
[2026-06-25 15:46:39] 기록 저장 완료 name=이태윤 total=121 today=16
[2026-06-25 15:46:42] 대상 완료 name=이태윤 total=121/300 today=16/103
[2026-06-25 15:46:45] 다음 가입 예약: 2026-06-25 15:49:20까지 대기
[2026-06-25 15:49:20] 신규 대상 시작 plan={'sex': '남자', 'day': '월수'}
[2026-06-25 15:49:24] 회원가입 시도 1/4
[2026-06-25 15:49:24] 회원가입 시작 sheet=PH plan={'sex': '남자', 'day': '월수'}
[2026-06-25 15:49:30] 회원가입 폼 진입 완료
[2026-06-25 15:49:33] 우편번호 검색 query=경북 포항시 남구 오천읍 해병로489번길 9
[2026-06-25 15:49:33] 우편번호 검색 실패 query=경북 포항시 남구 오천읍 해병로489번길 9 error=Error('Locator.count: Execution context was destroyed, most likely because of a navigation')
[2026-06-25 15:49:34] 우편번호 검색 query=경북 포항시 남구 오천읍 해병로489번길 9
[2026-06-25 15:49:35] 우편번호 입력 완료 zip=37917 addr=경북 포항시 남구 오천읍 해병로489번길 9 (문덕리, 신문덕코아루 아파트)
[2026-06-25 15:49:37] 회원가입 제출 클릭 name=한시완 id=orbitlingui8717 school=포항원동초등학교
[2026-06-25 15:49:38] 회원가입 알림 name=한시완 id=orbitlingui8717 message=회원 가입하시겠습니까?
[2026-06-25 15:49:39] 회원가입 알림 name=한시완 id=orbitlingui8717 message=회원 가입에 감사드립니다.
[2026-06-25 15:49:48] 회원가입 검증 완료 name=한시완 day=월수 dialogs=['회원 가입하시겠습니까?', '회원 가입에 감사드립니다.']
[2026-06-25 15:49:48] 수강신청 시도 1 name=한시완 id=orbitlingui8717
[2026-06-25 15:49:48] 수강신청 시작 name=한시완 sheet=PH day=월수
[2026-06-25 15:49:57] PH 과정 선택 완료 day=월수 course_id=1_61 label='' week_filter=True
[2026-06-25 15:49:57] 수강신청 요일 선택 완료 name=한시완 day=월수
[2026-06-25 15:49:59] 수강신청 1차 제출 완료 name=한시완
[2026-06-25 15:50:02] 수강신청 최종 제출 완료 name=한시완
한시완 신청 완료 / 총 122명, 오늘 17명 추가되었습니다.
[2026-06-25 15:50:03] 기록 저장 완료 name=한시완 total=122 today=17
[2026-06-25 15:50:06] 대상 완료 name=한시완 total=122/300 today=17/103
[2026-06-25 15:50:10] 다음 가입 예약: 2026-06-25 15:53:57까지 대기
[2026-06-25 15:53:57] 신규 대상 시작 plan={'sex': '남자', 'day': '월수'}
[2026-06-25 15:54:04] 회원가입 시도 1/4
[2026-06-25 15:54:04] 회원가입 시작 sheet=PH plan={'sex': '남자', 'day': '월수'}
[2026-06-25 15:54:14] 회원가입 폼 진입 완료
[2026-06-25 15:54:20] 우편번호 검색 query=경북 포항시 북구 이인로 56 포항역삼구트리니엔
[2026-06-25 15:54:33] 우편번호 검색 query=경북 포항시 북구 이인로 56 포항역삼구트리니엔
[2026-06-25 15:54:34] 우편번호 입력 완료 zip=37566 addr=경북 포항시 북구 흥해읍 이인로 56 (이인리, 포항역삼구트리니엔)
[2026-06-25 15:54:35] 회원가입 제출 클릭 name=윤찬영 id=counselorgra74o school=학천초등학교
[2026-06-25 15:54:37] 회원가입 알림 name=윤찬영 id=counselorgra74o message=회원 가입하시겠습니까?
[2026-06-25 15:54:37] 회원가입 알림 name=윤찬영 id=counselorgra74o message=회원 가입에 감사드립니다.
[2026-06-25 15:54:48] 회원가입 검증 완료 name=윤찬영 day=월수 dialogs=['회원 가입하시겠습니까?', '회원 가입에 감사드립니다.']
[2026-06-25 15:54:48] 수강신청 시도 1 name=윤찬영 id=counselorgra74o
[2026-06-25 15:54:48] 수강신청 시작 name=윤찬영 sheet=PH day=월수
[2026-06-25 15:54:57] PH 과정 선택 완료 day=월수 course_id=1_61 label='' week_filter=True
[2026-06-25 15:54:57] 수강신청 요일 선택 완료 name=윤찬영 day=월수
[2026-06-25 15:54:59] 수강신청 1차 제출 완료 name=윤찬영
[2026-06-25 15:55:04] 수강신청 최종 제출 완료 name=윤찬영
윤찬영 신청 완료 / 총 123명, 오늘 18명 추가되었습니다.
[2026-06-25 15:55:06] 기록 저장 완료 name=윤찬영 total=123 today=18
[2026-06-25 15:55:21] 대상 완료 name=윤찬영 total=123/300 today=18/103
[2026-06-25 15:55:29] 다음 가입 예약: 2026-06-25 15:56:33까지 대기
[2026-06-25 15:56:33] 신규 대상 시작 plan={'sex': '남자', 'day': '월수'}
[2026-06-25 15:56:41] 회원가입 시도 1/4
[2026-06-25 15:56:41] 회원가입 시작 sheet=PH plan={'sex': '남자', 'day': '월수'}
[2026-06-25 15:56:49] 회원가입 폼 진입 완료
[2026-06-25 15:56:53] 우편번호 검색 query=경북 포항시 북구 새마을로 2
[2026-06-25 15:56:54] 우편번호 입력 완료 zip=37652 addr=경북 포항시 북구 새마을로 2 (용흥동, 용흥현대1차타워아파트)
[2026-06-25 15:56:55] 회원가입 제출 클릭 name=석태리 id=integritycu5403 school=포항대흥초등학교
[2026-06-25 15:56:56] 회원가입 알림 name=석태리 id=integritycu5403 message=회원 가입하시겠습니까?
[2026-06-25 15:56:57] 회원가입 알림 name=석태리 id=integritycu5403 message=회원 가입에 감사드립니다.
[2026-06-25 15:57:06] 회원가입 검증 완료 name=석태리 day=월수 dialogs=['회원 가입하시겠습니까?', '회원 가입에 감사드립니다.']
[2026-06-25 15:57:06] 수강신청 시도 1 name=석태리 id=integritycu5403
[2026-06-25 15:57:06] 수강신청 시작 name=석태리 sheet=PH day=월수
[2026-06-25 15:57:15] PH 과정 선택 완료 day=월수 course_id=1_61 label='' week_filter=True
[2026-06-25 15:57:15] 수강신청 요일 선택 완료 name=석태리 day=월수
[2026-06-25 15:57:17] 수강신청 1차 제출 완료 name=석태리
[2026-06-25 15:57:21] 수강신청 최종 제출 완료 name=석태리
석태리 신청 완료 / 총 124명, 오늘 19명 추가되었습니다.
[2026-06-25 15:57:22] 기록 저장 완료 name=석태리 total=124 today=19
[2026-06-25 15:57:27] 대상 완료 name=석태리 total=124/300 today=19/103
[2026-06-25 15:57:30] 다음 가입 예약: 2026-06-25 16:04:09까지 대기
[2026-06-25 16:04:09] 신규 대상 시작 plan={'sex': '남자', 'day': '화목'}
[2026-06-25 16:04:14] 회원가입 시도 1/4
[2026-06-25 16:04:14] 회원가입 시작 sheet=PH plan={'sex': '남자', 'day': '화목'}
[2026-06-25 16:04:20] 회원가입 폼 진입 완료
[2026-06-25 16:04:25] 우편번호 검색 query=경북 포항시 북구 흥해읍 중성로32번길 30-1
[2026-06-25 16:04:25] 우편번호 검색 실패 query=경북 포항시 북구 흥해읍 중성로32번길 30-1 error=Error('Locator.count: Execution context was destroyed, most likely because of a navigation')
[2026-06-25 16:04:26] 우편번호 검색 query=경북 포항시 북구 흥해읍 중성로32번길 30-1
[2026-06-25 16:04:27] 우편번호 입력 완료 zip=37545 addr=경북 포항시 북구 흥해읍 중성로32번길 30-1 (남성리, 대동빌라)
[2026-06-25 16:04:28] 회원가입 제출 클릭 name=박산 id=danceculture20e school=흥해남산초등학교
[2026-06-25 16:04:29] 회원가입 알림 name=박산 id=danceculture20e message=회원 가입하시겠습니까?
[2026-06-25 16:04:30] 회원가입 알림 name=박산 id=danceculture20e message=회원 가입에 감사드립니다.
[2026-06-25 16:04:40] 회원가입 검증 완료 name=박산 day=화목 dialogs=['회원 가입하시겠습니까?', '회원 가입에 감사드립니다.']
[2026-06-25 16:04:40] 수강신청 시도 1 name=박산 id=danceculture20e
[2026-06-25 16:04:40] 수강신청 시작 name=박산 sheet=PH day=화목
[2026-06-25 16:04:48] PH 과정 선택 완료 day=화목 course_id=2_62 label='' week_filter=True
[2026-06-25 16:04:48] 수강신청 요일 선택 완료 name=박산 day=화목
[2026-06-25 16:04:51] 수강신청 1차 제출 완료 name=박산
[2026-06-25 16:04:55] 수강신청 최종 제출 완료 name=박산
박산 신청 완료 / 총 125명, 오늘 20명 추가되었습니다.
[2026-06-25 16:04:56] 기록 저장 완료 name=박산 total=125 today=20
[2026-06-25 16:04:58] 대상 완료 name=박산 total=125/300 today=20/103
[2026-06-25 16:05:02] 다음 가입 예약: 2026-06-25 16:05:43까지 대기
[2026-06-25 16:05:43] 신규 대상 시작 plan={'sex': '남자', 'day': '화목'}
[2026-06-25 16:05:46] 회원가입 시도 1/4
[2026-06-25 16:05:46] 회원가입 시작 sheet=PH plan={'sex': '남자', 'day': '화목'}
[2026-06-25 16:05:52] 회원가입 폼 진입 완료
[2026-06-25 16:05:56] 우편번호 검색 query=경북 포항시 북구 우창로 20
[2026-06-25 16:05:57] 우편번호 입력 완료 zip=37639 addr=경북 포항시 북구 우창로 20 (우현동, 신동아베르디1차)
[2026-06-25 16:05:58] 회원가입 제출 클릭 name=설지한 id=rushadventu3410 school=포항중앙초등학교
[2026-06-25 16:05:59] 회원가입 알림 name=설지한 id=rushadventu3410 message=회원 가입하시겠습니까?
[2026-06-25 16:06:00] 회원가입 알림 name=설지한 id=rushadventu3410 message=회원 가입에 감사드립니다.
[2026-06-25 16:06:10] 회원가입 검증 완료 name=설지한 day=화목 dialogs=['회원 가입하시겠습니까?', '회원 가입에 감사드립니다.']
[2026-06-25 16:06:10] 수강신청 시도 1 name=설지한 id=rushadventu3410
[2026-06-25 16:06:10] 수강신청 시작 name=설지한 sheet=PH day=화목
[2026-06-25 16:06:18] PH 과정 선택 완료 day=화목 course_id=2_62 label='' week_filter=True
[2026-06-25 16:06:18] 수강신청 요일 선택 완료 name=설지한 day=화목
[2026-06-25 16:06:20] 수강신청 1차 제출 완료 name=설지한
[2026-06-25 16:06:25] 수강신청 최종 제출 완료 name=설지한
설지한 신청 완료 / 총 126명, 오늘 21명 추가되었습니다.
[2026-06-25 16:06:27] 기록 저장 완료 name=설지한 total=126 today=21
[2026-06-25 16:06:31] 대상 완료 name=설지한 total=126/300 today=21/103
[2026-06-25 16:06:34] 다음 가입 예약: 2026-06-25 16:09:55까지 대기
[2026-06-25 16:09:55] 신규 대상 시작 plan={'sex': '남자', 'day': '화목'}
[2026-06-25 16:09:58] 회원가입 시도 1/4
[2026-06-25 16:09:58] 회원가입 시작 sheet=PH plan={'sex': '남자', 'day': '화목'}
[2026-06-25 16:10:05] 회원가입 폼 진입 완료
[2026-06-25 16:10:10] 우편번호 검색 query=경북 포항시 북구 성실로 50
[2026-06-25 16:10:11] 우편번호 입력 완료 zip=37615 addr=경북 포항시 북구 성실로 50 (장성동, 현진에버빌2단지아파트)
[2026-06-25 16:10:13] 회원가입 제출 클릭 name=이수호 id=energeticspa18e school=장성초등학교
[2026-06-25 16:10:14] 회원가입 알림 name=이수호 id=energeticspa18e message=회원 가입하시겠습니까?
[2026-06-25 16:10:15] 회원가입 알림 name=이수호 id=energeticspa18e message=회원 가입하시겠습니까?
[2026-06-25 16:10:16] 회원가입 알림 name=이수호 id=energeticspa18e message=회원 가입에 감사드립니다.
[2026-06-25 16:10:26] 회원가입 검증 완료 name=이수호 day=화목 dialogs=['회원 가입하시겠습니까?', '회원 가입하시겠습니까?', '회원 가입에 감사드립니다.']
[2026-06-25 16:10:26] 수강신청 시도 1 name=이수호 id=energeticspa18e
[2026-06-25 16:10:26] 수강신청 시작 name=이수호 sheet=PH day=화목
[2026-06-25 16:10:35] PH 과정 선택 완료 day=화목 course_id=2_62 label='' week_filter=True
[2026-06-25 16:10:35] 수강신청 요일 선택 완료 name=이수호 day=화목
[2026-06-25 16:10:38] 수강신청 1차 제출 완료 name=이수호
[2026-06-25 16:10:43] 수강신청 최종 제출 완료 name=이수호
이수호 신청 완료 / 총 127명, 오늘 22명 추가되었습니다.
[2026-06-25 16:10:44] 기록 저장 완료 name=이수호 total=127 today=22
[2026-06-25 16:10:47] 대상 완료 name=이수호 total=127/300 today=22/103
[2026-06-25 16:10:51] 다음 가입 예약: 2026-06-25 16:15:47까지 대기
[2026-06-25 16:15:47] 신규 대상 시작 plan={'sex': '여자', 'day': '화목'}
[2026-06-25 16:15:50] 회원가입 시도 1/4
[2026-06-25 16:15:50] 회원가입 시작 sheet=PH plan={'sex': '여자', 'day': '화목'}
[2026-06-25 16:15:56] 회원가입 폼 진입 완료
[2026-06-25 16:15:59] 우편번호 검색 query=경북 포항시 북구 우창로 166 창포메트로시티2단지
[2026-06-25 16:16:01] 우편번호 입력 완료 zip=37627 addr=경북 포항시 북구 우창로 166 (창포동, 창포메트로시티2단지)
[2026-06-25 16:16:02] 회원가입 제출 클릭 name=장희서 id=environmentw447 school=창포초등학교
[2026-06-25 16:16:03] 회원가입 알림 name=장희서 id=environmentw447 message=회원 가입하시겠습니까?
[2026-06-25 16:16:04] 회원가입 알림 name=장희서 id=environmentw447 message=회원 가입에 감사드립니다.
[2026-06-25 16:16:15] 회원가입 검증 완료 name=장희서 day=화목 dialogs=['회원 가입하시겠습니까?', '회원 가입에 감사드립니다.']
[2026-06-25 16:16:15] 수강신청 시도 1 name=장희서 id=environmentw447
[2026-06-25 16:16:15] 수강신청 시작 name=장희서 sheet=PH day=화목
[2026-06-25 16:16:23] PH 과정 선택 완료 day=화목 course_id=2_62 label='' week_filter=True
[2026-06-25 16:16:23] 수강신청 요일 선택 완료 name=장희서 day=화목
[2026-06-25 16:16:26] 수강신청 1차 제출 완료 name=장희서
[2026-06-25 16:16:30] 수강신청 최종 제출 완료 name=장희서
장희서 신청 완료 / 총 128명, 오늘 23명 추가되었습니다.
[2026-06-25 16:16:32] 기록 저장 완료 name=장희서 total=128 today=23
[2026-06-25 16:16:34] 대상 완료 name=장희서 total=128/300 today=23/103
[2026-06-25 16:16:37] 다음 가입 예약: 2026-06-25 16:24:26까지 대기
[2026-06-25 16:24:26] 신규 대상 시작 plan={'sex': '여자', 'day': '월수'}
[2026-06-25 16:24:30] 회원가입 시도 1/4
[2026-06-25 16:24:30] 회원가입 시작 sheet=PH plan={'sex': '여자', 'day': '월수'}
[2026-06-25 16:24:37] 회원가입 폼 진입 완료
[2026-06-25 16:24:40] 우편번호 검색 query=경북 포항시 남구 해병로 405 청호하이츠
[2026-06-25 16:24:52] 우편번호 검색 query=경북 포항시 남구 해병로 405 청호하이츠
[2026-06-25 16:24:54] 우편번호 입력 완료 zip=37916 addr=경북 포항시 남구 오천읍 해병로 405 (문덕리, 청호하이츠)
[2026-06-25 16:24:55] 회원가입 제출 클릭 name=이예빈 id=periodtteac4139 school=문덕초등학교
[2026-06-25 16:24:56] 회원가입 알림 name=이예빈 id=periodtteac4139 message=회원 가입하시겠습니까?
[2026-06-25 16:24:56] 회원가입 알림 name=이예빈 id=periodtteac4139 message=회원 가입에 감사드립니다.
[2026-06-25 16:25:06] 회원가입 검증 완료 name=이예빈 day=월수 dialogs=['회원 가입하시겠습니까?', '회원 가입에 감사드립니다.']
[2026-06-25 16:25:06] 수강신청 시도 1 name=이예빈 id=periodtteac4139
[2026-06-25 16:25:06] 수강신청 시작 name=이예빈 sheet=PH day=월수
[2026-06-25 16:25:14] PH 과정 선택 완료 day=월수 course_id=1_61 label='' week_filter=True
[2026-06-25 16:25:14] 수강신청 요일 선택 완료 name=이예빈 day=월수
[2026-06-25 16:25:16] 수강신청 1차 제출 완료 name=이예빈
[2026-06-25 16:25:20] 수강신청 최종 제출 완료 name=이예빈
이예빈 신청 완료 / 총 129명, 오늘 24명 추가되었습니다.
[2026-06-25 16:25:21] 기록 저장 완료 name=이예빈 total=129 today=24
[2026-06-25 16:25:23] 대상 완료 name=이예빈 total=129/300 today=24/103
[2026-06-25 16:25:26] 다음 가입 예약: 2026-06-25 16:30:58까지 대기
[2026-06-25 16:30:58] 신규 대상 시작 plan={'sex': '여자', 'day': '월수'}
[2026-06-25 16:31:01] 회원가입 시도 1/4
[2026-06-25 16:31:01] 회원가입 시작 sheet=PH plan={'sex': '여자', 'day': '월수'}
[2026-06-25 16:31:07] 회원가입 폼 진입 완료
[2026-06-25 16:31:09] 우편번호 검색 query=경북 포항시 북구 이인로 56 포항역삼구트리니엔
[2026-06-25 16:31:11] 우편번호 입력 완료 zip=37566 addr=경북 포항시 북구 흥해읍 이인로 56 (이인리, 포항역삼구트리니엔)
[2026-06-25 16:31:13] 회원가입 제출 클릭 name=이채빈 id=directorfasl770 school=학천초등학교
[2026-06-25 16:31:14] 회원가입 알림 name=이채빈 id=directorfasl770 message=회원 가입하시겠습니까?
[2026-06-25 16:31:15] 회원가입 알림 name=이채빈 id=directorfasl770 message=회원 가입에 감사드립니다.
[2026-06-25 16:31:25] 회원가입 검증 완료 name=이채빈 day=월수 dialogs=['회원 가입하시겠습니까?', '회원 가입에 감사드립니다.']
[2026-06-25 16:31:25] 수강신청 시도 1 name=이채빈 id=directorfasl770
[2026-06-25 16:31:25] 수강신청 시작 name=이채빈 sheet=PH day=월수
[2026-06-25 16:31:33] PH 과정 선택 완료 day=월수 course_id=1_61 label='' week_filter=True
[2026-06-25 16:31:33] 수강신청 요일 선택 완료 name=이채빈 day=월수
[2026-06-25 16:31:35] 수강신청 1차 제출 완료 name=이채빈
[2026-06-25 16:31:38] 수강신청 최종 제출 완료 name=이채빈
이채빈 신청 완료 / 총 130명, 오늘 25명 추가되었습니다.
[2026-06-25 16:31:39] 기록 저장 완료 name=이채빈 total=130 today=25
[2026-06-25 16:31:41] 대상 완료 name=이채빈 total=130/300 today=25/103
[2026-06-25 16:31:44] 다음 가입 예약: 2026-06-25 16:33:55까지 대기
[2026-06-25 16:33:55] 신규 대상 시작 plan={'sex': '여자', 'day': '화목'}
[2026-06-25 16:33:58] 회원가입 시도 1/4
[2026-06-25 16:33:58] 회원가입 시작 sheet=PH plan={'sex': '여자', 'day': '화목'}
[2026-06-25 16:34:04] 회원가입 폼 진입 완료
[2026-06-25 16:34:07] 우편번호 검색 query=경북 포항시 북구 우미길 90
[2026-06-25 16:34:08] 주소 지역 불일치 query=경북 포항시 북구 우미길 90 result=대구 군위군 군위읍 개봉길 90-2
[2026-06-25 16:34:09] 우편번호 검색 query=경북 포항시 북구 우미길 90
[2026-06-25 16:34:09] 주소 지역 불일치 query=경북 포항시 북구 우미길 90 result=대구 군위군 군위읍 개봉길 90-2
[2026-06-25 16:34:09] 우편번호 검색 query=포항대흥초등학교
[2026-06-25 16:34:11] 우편번호 입력 완료 zip=37647 addr=경북 포항시 북구 우미길 90 (용흥동, 해원하나로타운)
[2026-06-25 16:34:12] 회원가입 제출 클릭 name=윤세연 id=energeticult601 school=포항대흥초등학교
[2026-06-25 16:34:13] 회원가입 알림 name=윤세연 id=energeticult601 message=회원 가입하시겠습니까?
[2026-06-25 16:34:15] 회원가입 알림 name=윤세연 id=energeticult601 message=회원 가입에 감사드립니다.
[2026-06-25 16:34:24] 회원가입 검증 완료 name=윤세연 day=화목 dialogs=['회원 가입하시겠습니까?', '회원 가입에 감사드립니다.']
[2026-06-25 16:34:24] 수강신청 시도 1 name=윤세연 id=energeticult601
[2026-06-25 16:34:24] 수강신청 시작 name=윤세연 sheet=PH day=화목
[2026-06-25 16:34:34] PH 과정 선택 완료 day=화목 course_id=2_62 label='' week_filter=True
[2026-06-25 16:34:34] 수강신청 요일 선택 완료 name=윤세연 day=화목
[2026-06-25 16:34:36] 수강신청 1차 제출 완료 name=윤세연
[2026-06-25 16:34:40] 수강신청 최종 제출 완료 name=윤세연
윤세연 신청 완료 / 총 131명, 오늘 26명 추가되었습니다.
[2026-06-25 16:34:41] 기록 저장 완료 name=윤세연 total=131 today=26
[2026-06-25 16:34:44] 대상 완료 name=윤세연 total=131/300 today=26/103
[2026-06-25 16:34:47] 다음 가입 예약: 2026-06-25 16:38:10까지 대기
[2026-06-25 16:38:10] 신규 대상 시작 plan={'sex': '여자', 'day': '월수'}
[2026-06-25 16:38:16] 회원가입 시도 1/4
[2026-06-25 16:38:16] 회원가입 시작 sheet=PH plan={'sex': '여자', 'day': '월수'}
[2026-06-25 16:38:23] 회원가입 폼 진입 완료
[2026-06-25 16:38:27] 우편번호 검색 query=경북 포항시 남구 지곡로 294
[2026-06-25 16:38:28] 주소 지역 불일치 query=경북 포항시 남구 지곡로 294 result=대구 군위군 소보면 서금로 294
[2026-06-25 16:38:28] 우편번호 검색 query=경북 포항시 남구 지곡로 294
[2026-06-25 16:38:28] 주소 지역 불일치 query=경북 포항시 남구 지곡로 294 result=대구 군위군 소보면 서금로 294
[2026-06-25 16:38:29] 우편번호 검색 query=달전초등학교
[2026-06-25 16:38:30] 우편번호 입력 완료 zip=37566 addr=경북 포항시 북구 흥해읍 달전로 215 (이인리, 달전초등학교)
[2026-06-25 16:38:30] 회원가입 제출 클릭 name=전하영 id=prismbridged771 school=달전초등학교
[2026-06-25 16:38:31] 회원가입 알림 name=전하영 id=prismbridged771 message=회원 가입하시겠습니까?
[2026-06-25 16:38:32] 회원가입 알림 name=전하영 id=prismbridged771 message=회원 가입에 감사드립니다.
[2026-06-25 16:38:42] 회원가입 검증 완료 name=전하영 day=월수 dialogs=['회원 가입하시겠습니까?', '회원 가입에 감사드립니다.']
[2026-06-25 16:38:42] 수강신청 시도 1 name=전하영 id=prismbridged771
[2026-06-25 16:38:42] 수강신청 시작 name=전하영 sheet=PH day=월수
[2026-06-25 16:38:51] PH 과정 선택 완료 day=월수 course_id=1_61 label='' week_filter=True
[2026-06-25 16:38:51] 수강신청 요일 선택 완료 name=전하영 day=월수
[2026-06-25 16:38:53] 수강신청 1차 제출 완료 name=전하영
[2026-06-25 16:38:57] 수강신청 최종 제출 완료 name=전하영
전하영 신청 완료 / 총 132명, 오늘 27명 추가되었습니다.
[2026-06-25 16:38:58] 기록 저장 완료 name=전하영 total=132 today=27
[2026-06-25 16:39:00] 대상 완료 name=전하영 total=132/300 today=27/103
[2026-06-25 16:39:03] 다음 가입 예약: 2026-06-25 16:43:14까지 대기
[2026-06-25 16:43:14] 신규 대상 시작 plan={'sex': '여자', 'day': '화목'}
[2026-06-25 16:43:17] 회원가입 시도 1/4
[2026-06-25 16:43:17] 회원가입 시작 sheet=PH plan={'sex': '여자', 'day': '화목'}
[2026-06-25 16:43:30] 회원가입 폼 진입 완료
[2026-06-25 16:43:32] 우편번호 검색 query=경북 포항시 북구 흥해읍 남성리 587-1
[2026-06-25 16:43:45] 우편번호 검색 query=경북 포항시 북구 흥해읍 남성리 587-1
[2026-06-25 16:43:57] 우편번호 검색 query=흥해남산초등학교
[2026-06-25 16:43:58] 우편번호 입력 완료 zip=37546 addr=경북 포항시 북구 흥해읍 남미질로 26 (남성리, 흥해남산초등학교)
[2026-06-25 16:43:59] 회원가입 제출 클릭 name=김혜인 id=lambdamoney8737 school=흥해남산초등학교
[2026-06-25 16:44:00] 회원가입 알림 name=김혜인 id=lambdamoney8737 message=회원 가입하시겠습니까?
[2026-06-25 16:44:01] 회원가입 알림 name=김혜인 id=lambdamoney8737 message=회원 가입에 감사드립니다.
[2026-06-25 16:44:11] 회원가입 검증 완료 name=김혜인 day=화목 dialogs=['회원 가입하시겠습니까?', '회원 가입에 감사드립니다.']
[2026-06-25 16:44:11] 수강신청 시도 1 name=김혜인 id=lambdamoney8737
[2026-06-25 16:44:11] 수강신청 시작 name=김혜인 sheet=PH day=화목
[2026-06-25 16:44:20] PH 과정 선택 완료 day=화목 course_id=2_62 label='' week_filter=True
[2026-06-25 16:44:20] 수강신청 요일 선택 완료 name=김혜인 day=화목
[2026-06-25 16:44:22] 수강신청 1차 제출 완료 name=김혜인
[2026-06-25 16:44:25] 수강신청 최종 제출 완료 name=김혜인
김혜인 신청 완료 / 총 133명, 오늘 28명 추가되었습니다.
[2026-06-25 16:44:27] 기록 저장 완료 name=김혜인 total=133 today=28
[2026-06-25 16:44:29] 대상 완료 name=김혜인 total=133/300 today=28/103
[2026-06-25 16:44:34] 다음 가입 예약: 2026-06-25 16:49:48까지 대기
[2026-06-25 16:49:48] 신규 대상 시작 plan={'sex': '남자', 'day': '월수'}
[2026-06-25 16:49:51] 회원가입 시도 1/4
[2026-06-25 16:49:51] 회원가입 시작 sheet=PH plan={'sex': '남자', 'day': '월수'}
[2026-06-25 16:49:56] 회원가입 폼 진입 완료
[2026-06-25 16:49:59] 우편번호 검색 query=경북 포항시 남구 오천읍 남원로 85 2차부영아파트
[2026-06-25 16:50:01] 우편번호 입력 완료 zip=37883 addr=경북 포항시 남구 오천읍 남원로 85 (원리, 2차부영아파트)
[2026-06-25 16:50:02] 회원가입 제출 클릭 name=이재훈 id=connectorgam10x school=포항원동초등학교
[2026-06-25 16:50:03] 회원가입 알림 name=이재훈 id=connectorgam10x message=회원 가입하시겠습니까?
[2026-06-25 16:50:04] 회원가입 알림 name=이재훈 id=connectorgam10x message=회원 가입에 감사드립니다.
[2026-06-25 16:50:14] 회원가입 검증 완료 name=이재훈 day=월수 dialogs=['회원 가입하시겠습니까?', '회원 가입에 감사드립니다.']
[2026-06-25 16:50:14] 수강신청 시도 1 name=이재훈 id=connectorgam10x
[2026-06-25 16:50:14] 수강신청 시작 name=이재훈 sheet=PH day=월수
[2026-06-25 16:50:23] PH 과정 선택 완료 day=월수 course_id=1_61 label='' week_filter=True
[2026-06-25 16:50:23] 수강신청 요일 선택 완료 name=이재훈 day=월수
[2026-06-25 16:50:24] 수강신청 1차 제출 완료 name=이재훈
[2026-06-25 16:50:29] 수강신청 최종 제출 완료 name=이재훈
이재훈 신청 완료 / 총 134명, 오늘 29명 추가되었습니다.
[2026-06-25 16:50:30] 기록 저장 완료 name=이재훈 total=134 today=29
[2026-06-25 16:50:35] 대상 완료 name=이재훈 total=134/300 today=29/103
[2026-06-25 16:50:39] 다음 가입 예약: 2026-06-25 16:55:39까지 대기
[2026-06-25 16:55:39] 신규 대상 시작 plan={'sex': '여자', 'day': '화목'}
[2026-06-25 16:55:42] 회원가입 시도 1/4
[2026-06-25 16:55:42] 회원가입 시작 sheet=PH plan={'sex': '여자', 'day': '화목'}
[2026-06-25 16:55:49] 회원가입 폼 진입 완료
[2026-06-25 16:55:53] 우편번호 검색 query=경북 포항시 북구 이인로 56 포항역삼구트리니엔
[2026-06-25 16:56:06] 우편번호 검색 query=경북 포항시 북구 이인로 56 포항역삼구트리니엔
[2026-06-25 16:56:07] 우편번호 입력 완료 zip=37566 addr=경북 포항시 북구 흥해읍 이인로 56 (이인리, 포항역삼구트리니엔)
[2026-06-25 16:56:09] 회원가입 제출 클릭 name=서다은 id=studentdreak442 school=학천초등학교
[2026-06-25 16:56:10] 회원가입 알림 name=서다은 id=studentdreak442 message=회원 가입하시겠습니까?
[2026-06-25 16:56:11] 회원가입 알림 name=서다은 id=studentdreak442 message=회원 가입에 감사드립니다.
[2026-06-25 16:56:21] 회원가입 검증 완료 name=서다은 day=화목 dialogs=['회원 가입하시겠습니까?', '회원 가입에 감사드립니다.']
[2026-06-25 16:56:21] 수강신청 시도 1 name=서다은 id=studentdreak442
[2026-06-25 16:56:21] 수강신청 시작 name=서다은 sheet=PH day=화목
[2026-06-25 16:56:30] PH 과정 선택 완료 day=화목 course_id=2_62 label='' week_filter=True
[2026-06-25 16:56:30] 수강신청 요일 선택 완료 name=서다은 day=화목
[2026-06-25 16:56:32] 수강신청 1차 제출 완료 name=서다은
[2026-06-25 16:56:37] 수강신청 최종 제출 완료 name=서다은
서다은 신청 완료 / 총 135명, 오늘 30명 추가되었습니다.
[2026-06-25 16:56:38] 기록 저장 완료 name=서다은 total=135 today=30
[2026-06-25 16:56:40] 대상 완료 name=서다은 total=135/300 today=30/103
[2026-06-25 16:56:43] 다음 가입 예약: 2026-06-25 16:57:41까지 대기
[2026-06-25 16:57:41] 신규 대상 시작 plan={'sex': '여자', 'day': '화목'}
[2026-06-25 16:57:45] 회원가입 시도 1/4
[2026-06-25 16:57:45] 회원가입 시작 sheet=PH plan={'sex': '여자', 'day': '화목'}
[2026-06-25 16:57:51] 회원가입 폼 진입 완료
[2026-06-25 16:57:55] 우편번호 검색 query=경북 포항시 북구 성실로 50
[2026-06-25 16:57:55] 주소 지역 불일치 query=경북 포항시 북구 성실로 50 result=대구 군위군 군위읍 군청로 168-50
[2026-06-25 16:57:56] 우편번호 검색 query=경북 포항시 북구 성실로 50
[2026-06-25 16:57:56] 주소 지역 불일치 query=경북 포항시 북구 성실로 50 result=대구 군위군 군위읍 군청로 168-50
[2026-06-25 16:57:56] 우편번호 검색 query=장성초등학교
[2026-06-25 16:57:57] 우편번호 입력 완료 zip=37583 addr=경북 포항시 북구 법원로63번길 10 (장성동, 장원초등학교)
[2026-06-25 16:57:58] 회원가입 제출 클릭 name=김예담 id=gucciwritin9412 school=장성초등학교
[2026-06-25 16:57:59] 회원가입 알림 name=김예담 id=gucciwritin9412 message=회원 가입하시겠습니까?
[2026-06-25 16:57:59] 회원가입 알림 name=김예담 id=gucciwritin9412 message=회원 가입에 감사드립니다.
[2026-06-25 16:58:09] 회원가입 검증 완료 name=김예담 day=화목 dialogs=['회원 가입하시겠습니까?', '회원 가입에 감사드립니다.']
[2026-06-25 16:58:09] 수강신청 시도 1 name=김예담 id=gucciwritin9412
[2026-06-25 16:58:09] 수강신청 시작 name=김예담 sheet=PH day=화목
[2026-06-25 16:58:18] PH 과정 선택 완료 day=화목 course_id=2_62 label='' week_filter=True
[2026-06-25 16:58:18] 수강신청 요일 선택 완료 name=김예담 day=화목
[2026-06-25 16:58:20] 수강신청 1차 제출 완료 name=김예담
[2026-06-25 16:58:24] 수강신청 최종 제출 완료 name=김예담
김예담 신청 완료 / 총 136명, 오늘 31명 추가되었습니다.
[2026-06-25 16:58:25] 기록 저장 완료 name=김예담 total=136 today=31
[2026-06-25 16:58:29] 대상 완료 name=김예담 total=136/300 today=31/103
[2026-06-25 16:58:34] 다음 가입 예약: 2026-06-25 17:05:33까지 대기
[2026-06-25 17:05:33] 신규 대상 시작 plan={'sex': '여자', 'day': '화목'}
[2026-06-25 17:05:36] 회원가입 시도 1/4
[2026-06-25 17:05:36] 회원가입 시작 sheet=PH plan={'sex': '여자', 'day': '화목'}
[2026-06-25 17:05:42] 회원가입 폼 진입 완료
[2026-06-25 17:05:45] 우편번호 검색 query=경북 포항시 북구 성실로 66-11
[2026-06-25 17:05:46] 주소 지역 불일치 query=경북 포항시 북구 성실로 66-11 result=대구 군위군 군위읍 무성1길 66-11
[2026-06-25 17:05:47] 우편번호 검색 query=경북 포항시 북구 성실로 66-11
[2026-06-25 17:05:47] 주소 지역 불일치 query=경북 포항시 북구 성실로 66-11 result=대구 군위군 군위읍 무성1길 66-11
[2026-06-25 17:05:48] 우편번호 검색 query=장성초등학교
[2026-06-25 17:05:49] 우편번호 입력 완료 zip=37583 addr=경북 포항시 북구 법원로63번길 10 (장성동, 장원초등학교)
[2026-06-25 17:05:50] 회원가입 제출 클릭 name=노유현 id=creativitysn456 school=장성초등학교
[2026-06-25 17:05:51] 회원가입 알림 name=노유현 id=creativitysn456 message=회원 가입하시겠습니까?
[2026-06-25 17:05:52] 회원가입 알림 name=노유현 id=creativitysn456 message=회원 가입하시겠습니까?
[2026-06-25 17:05:53] 회원가입 알림 name=노유현 id=creativitysn456 message=회원 가입에 감사드립니다.
[2026-06-25 17:06:02] 회원가입 검증 완료 name=노유현 day=화목 dialogs=['회원 가입하시겠습니까?', '회원 가입하시겠습니까?', '회원 가입에 감사드립니다.']
[2026-06-25 17:06:02] 수강신청 시도 1 name=노유현 id=creativitysn456
[2026-06-25 17:06:02] 수강신청 시작 name=노유현 sheet=PH day=화목
[2026-06-25 17:06:12] PH 과정 선택 완료 day=화목 course_id=2_62 label='' week_filter=True
[2026-06-25 17:06:12] 수강신청 요일 선택 완료 name=노유현 day=화목
[2026-06-25 17:06:14] 수강신청 1차 제출 완료 name=노유현
[2026-06-25 17:06:20] 수강신청 최종 제출 완료 name=노유현
노유현 신청 완료 / 총 137명, 오늘 32명 추가되었습니다.
[2026-06-25 17:06:21] 기록 저장 완료 name=노유현 total=137 today=32
[2026-06-25 17:06:24] 대상 완료 name=노유현 total=137/300 today=32/103
[2026-06-25 17:06:29] 다음 가입 예약: 2026-06-25 17:12:14까지 대기
[2026-06-25 17:12:14] 신규 대상 시작 plan={'sex': '남자', 'day': '화목'}
[2026-06-25 17:12:18] 회원가입 시도 1/4
[2026-06-25 17:12:18] 회원가입 시작 sheet=PH plan={'sex': '남자', 'day': '화목'}
[2026-06-25 17:12:24] 회원가입 폼 진입 완료
[2026-06-25 17:12:26] 우편번호 검색 query=경북 포항시 북구 흥해읍 이인리 927-61
[2026-06-25 17:12:40] 우편번호 검색 query=경북 포항시 북구 흥해읍 이인리 927-61
[2026-06-25 17:12:41] 우편번호 입력 완료 zip=37566 addr=경북 포항시 북구 흥해읍 달전로 365 (이인리, 삼도드림파크)
[2026-06-25 17:12:42] 회원가입 제출 클릭 name=김정훈 id=rivercollab2918 school=달전초등학교
[2026-06-25 17:12:44] 회원가입 알림 name=김정훈 id=rivercollab2918 message=회원 가입하시겠습니까?
[2026-06-25 17:12:44] 회원가입 알림 name=김정훈 id=rivercollab2918 message=회원 가입에 감사드립니다.
[2026-06-25 17:12:54] 회원가입 검증 완료 name=김정훈 day=화목 dialogs=['회원 가입하시겠습니까?', '회원 가입에 감사드립니다.']
[2026-06-25 17:12:54] 수강신청 시도 1 name=김정훈 id=rivercollab2918
[2026-06-25 17:12:54] 수강신청 시작 name=김정훈 sheet=PH day=화목
[2026-06-25 17:13:02] PH 과정 선택 완료 day=화목 course_id=2_62 label='' week_filter=True
[2026-06-25 17:13:02] 수강신청 요일 선택 완료 name=김정훈 day=화목
[2026-06-25 17:13:04] 수강신청 1차 제출 완료 name=김정훈
[2026-06-25 17:13:08] 수강신청 최종 제출 완료 name=김정훈
김정훈 신청 완료 / 총 138명, 오늘 33명 추가되었습니다.
[2026-06-25 17:13:09] 기록 저장 완료 name=김정훈 total=138 today=33
[2026-06-25 17:13:10] 대상 완료 name=김정훈 total=138/300 today=33/103
[2026-06-25 17:13:14] 다음 가입 예약: 2026-06-25 17:14:53까지 대기
[2026-06-25 17:14:53] 신규 대상 시작 plan={'sex': '여자', 'day': '화목'}
[2026-06-25 17:14:56] 회원가입 시도 1/4
[2026-06-25 17:14:56] 회원가입 시작 sheet=PH plan={'sex': '여자', 'day': '화목'}
[2026-06-25 17:15:02] 회원가입 폼 진입 완료
[2026-06-25 17:15:05] 우편번호 검색 query=경북 포항시 북구 삼흥로18번길 6
[2026-06-25 17:15:06] 우편번호 입력 완료 zip=37611 addr=경북 포항시 북구 삼흥로18번길 6 (두호동, 산호그린맨션1차)
[2026-06-25 17:15:07] 회원가입 제출 클릭 name=김세라 id=fammentorham464 school=포항동부초등학교
[2026-06-25 17:15:08] 회원가입 알림 name=김세라 id=fammentorham464 message=회원 가입하시겠습니까?
[2026-06-25 17:15:09] 회원가입 알림 name=김세라 id=fammentorham464 message=회원 가입에 감사드립니다.
[2026-06-25 17:15:19] 회원가입 검증 완료 name=김세라 day=화목 dialogs=['회원 가입하시겠습니까?', '회원 가입에 감사드립니다.']
[2026-06-25 17:15:19] 수강신청 시도 1 name=김세라 id=fammentorham464
[2026-06-25 17:15:19] 수강신청 시작 name=김세라 sheet=PH day=화목
[2026-06-25 17:15:27] PH 과정 선택 완료 day=화목 course_id=2_62 label='' week_filter=True
[2026-06-25 17:15:27] 수강신청 요일 선택 완료 name=김세라 day=화목
[2026-06-25 17:15:29] 수강신청 1차 제출 완료 name=김세라
[2026-06-25 17:15:33] 수강신청 최종 제출 완료 name=김세라
김세라 신청 완료 / 총 139명, 오늘 34명 추가되었습니다.
[2026-06-25 17:15:34] 기록 저장 완료 name=김세라 total=139 today=34
[2026-06-25 17:15:35] 대상 완료 name=김세라 total=139/300 today=34/103
[2026-06-25 17:15:38] 다음 가입 예약: 2026-06-25 17:20:28까지 대기
[2026-06-25 17:20:28] 신규 대상 시작 plan={'sex': '남자', 'day': '월수'}
[2026-06-25 17:20:33] 회원가입 시도 1/4
[2026-06-25 17:20:33] 회원가입 시작 sheet=PH plan={'sex': '남자', 'day': '월수'}
[2026-06-25 17:20:40] 회원가입 폼 진입 완료
[2026-06-25 17:20:43] 우편번호 검색 query=경북 포항시 북구 이인로 56 포항역삼구트리니엔
[2026-06-25 17:20:45] 우편번호 입력 완료 zip=37566 addr=경북 포항시 북구 흥해읍 이인로 56 (이인리, 포항역삼구트리니엔)
[2026-06-25 17:20:46] 회원가입 제출 클릭 name=강태웅 id=inclusionani44y school=학천초등학교
[2026-06-25 17:20:47] 회원가입 알림 name=강태웅 id=inclusionani44y message=회원 가입하시겠습니까?
[2026-06-25 17:20:48] 회원가입 알림 name=강태웅 id=inclusionani44y message=회원 가입에 감사드립니다.
[2026-06-25 17:20:58] 회원가입 검증 완료 name=강태웅 day=월수 dialogs=['회원 가입하시겠습니까?', '회원 가입에 감사드립니다.']
[2026-06-25 17:20:58] 수강신청 시도 1 name=강태웅 id=inclusionani44y
[2026-06-25 17:20:58] 수강신청 시작 name=강태웅 sheet=PH day=월수
[2026-06-25 17:21:06] PH 과정 선택 완료 day=월수 course_id=1_61 label='' week_filter=True
[2026-06-25 17:21:06] 수강신청 요일 선택 완료 name=강태웅 day=월수
[2026-06-25 17:21:08] 수강신청 1차 제출 완료 name=강태웅
[2026-06-25 17:21:12] 수강신청 최종 제출 완료 name=강태웅
강태웅 신청 완료 / 총 140명, 오늘 35명 추가되었습니다.
[2026-06-25 17:21:13] 기록 저장 완료 name=강태웅 total=140 today=35
[2026-06-25 17:21:15] 대상 완료 name=강태웅 total=140/300 today=35/103
[2026-06-25 17:21:18] 다음 가입 예약: 2026-06-25 17:21:46까지 대기
[2026-06-25 17:21:46] 신규 대상 시작 plan={'sex': '여자', 'day': '월수'}
[2026-06-25 17:21:49] 회원가입 시도 1/4
[2026-06-25 17:21:49] 회원가입 시작 sheet=PH plan={'sex': '여자', 'day': '월수'}
[2026-06-25 17:21:54] 회원가입 폼 진입 완료
[2026-06-25 17:21:56] 우편번호 검색 query=경북 포항시 북구 중흥로161번길 30
[2026-06-25 17:21:58] 우편번호 입력 완료 zip=37756 addr=경북 포항시 북구 중흥로161번길 30 (죽도동, 남부아파트)
[2026-06-25 17:21:59] 회원가입 제출 클릭 name=구인서 id=lifepioneer4337 school=상대초등학교
[2026-06-25 17:22:00] 회원가입 알림 name=구인서 id=lifepioneer4337 message=회원 가입하시겠습니까?
[2026-06-25 17:22:01] 회원가입 알림 name=구인서 id=lifepioneer4337 message=회원 가입에 감사드립니다.
[2026-06-25 17:22:11] 회원가입 검증 완료 name=구인서 day=월수 dialogs=['회원 가입하시겠습니까?', '회원 가입에 감사드립니다.']
[2026-06-25 17:22:11] 수강신청 시도 1 name=구인서 id=lifepioneer4337
[2026-06-25 17:22:11] 수강신청 시작 name=구인서 sheet=PH day=월수
[2026-06-25 17:22:20] PH 과정 선택 완료 day=월수 course_id=1_61 label='' week_filter=True
[2026-06-25 17:22:20] 수강신청 요일 선택 완료 name=구인서 day=월수
[2026-06-25 17:22:22] 수강신청 1차 제출 완료 name=구인서
[2026-06-25 17:22:26] 수강신청 최종 제출 완료 name=구인서
구인서 신청 완료 / 총 141명, 오늘 36명 추가되었습니다.
[2026-06-25 17:22:28] 기록 저장 완료 name=구인서 total=141 today=36
[2026-06-25 17:22:31] 대상 완료 name=구인서 total=141/300 today=36/103
[2026-06-25 17:22:36] 다음 가입 예약: 2026-06-25 17:23:30까지 대기
[2026-06-25 17:23:30] 신규 대상 시작 plan={'sex': '여자', 'day': '월수'}
[2026-06-25 17:23:33] 회원가입 시도 1/4
[2026-06-25 17:23:33] 회원가입 시작 sheet=PH plan={'sex': '여자', 'day': '월수'}
[2026-06-25 17:23:39] 회원가입 폼 진입 완료
[2026-06-25 17:23:42] 우편번호 검색 query=경북 포항시 남구 지곡로 294
[2026-06-25 17:23:44] 우편번호 입력 완료 zip=37669 addr=경북 포항시 남구 지곡로 294 (지곡동, 효자그린아파트)
[2026-06-25 17:23:44] 회원가입 제출 클릭 name=오린아 id=historianpas71c school=달전초등학교
[2026-06-25 17:23:45] 회원가입 알림 name=오린아 id=historianpas71c message=회원 가입하시겠습니까?
[2026-06-25 17:23:46] 회원가입 알림 name=오린아 id=historianpas71c message=회원 가입에 감사드립니다.
[2026-06-25 17:23:56] 회원가입 검증 완료 name=오린아 day=월수 dialogs=['회원 가입하시겠습니까?', '회원 가입에 감사드립니다.']
[2026-06-25 17:23:56] 수강신청 시도 1 name=오린아 id=historianpas71c
[2026-06-25 17:23:56] 수강신청 시작 name=오린아 sheet=PH day=월수
[2026-06-25 17:24:04] PH 과정 선택 완료 day=월수 course_id=1_61 label='' week_filter=True
[2026-06-25 17:24:04] 수강신청 요일 선택 완료 name=오린아 day=월수
[2026-06-25 17:24:06] 수강신청 1차 제출 완료 name=오린아
[2026-06-25 17:24:11] 수강신청 최종 제출 완료 name=오린아
오린아 신청 완료 / 총 142명, 오늘 37명 추가되었습니다.
[2026-06-25 17:24:12] 기록 저장 완료 name=오린아 total=142 today=37
[2026-06-25 17:24:16] 대상 완료 name=오린아 total=142/300 today=37/103
[2026-06-25 17:24:20] 다음 가입 예약: 2026-06-25 17:28:45까지 대기
[2026-06-25 17:28:45] 신규 대상 시작 plan={'sex': '여자', 'day': '화목'}
[2026-06-25 17:28:48] 회원가입 시도 1/4
[2026-06-25 17:28:48] 회원가입 시작 sheet=PH plan={'sex': '여자', 'day': '화목'}
[2026-06-25 17:28:55] 회원가입 폼 진입 완료
[2026-06-25 17:28:58] 우편번호 검색 query=경북 포항시 북구 두호로 66
[2026-06-25 17:28:58] 우편번호 검색 실패 query=경북 포항시 북구 두호로 66 error=Error('Locator.count: Execution context was destroyed, most likely because of a navigation')
[2026-06-25 17:28:59] 우편번호 검색 query=경북 포항시 북구 두호로 66
[2026-06-25 17:29:00] 우편번호 입력 완료 zip=37623 addr=경북 포항시 북구 두호로 66 (두호동, 두호 SK VIEW 푸르지오)
[2026-06-25 17:29:01] 회원가입 제출 클릭 name=이지음 id=rushdetermif418 school=포항동부초등학교
[2026-06-25 17:29:02] 회원가입 알림 name=이지음 id=rushdetermif418 message=회원 가입하시겠습니까?
[2026-06-25 17:29:02] 회원가입 알림 name=이지음 id=rushdetermif418 message=회원 가입에 감사드립니다.
[2026-06-25 17:29:12] 회원가입 검증 완료 name=이지음 day=화목 dialogs=['회원 가입하시겠습니까?', '회원 가입에 감사드립니다.']
[2026-06-25 17:29:12] 수강신청 시도 1 name=이지음 id=rushdetermif418
[2026-06-25 17:29:12] 수강신청 시작 name=이지음 sheet=PH day=화목
[2026-06-25 17:29:20] PH 과정 선택 완료 day=화목 course_id=2_62 label='' week_filter=True
[2026-06-25 17:29:20] 수강신청 요일 선택 완료 name=이지음 day=화목
[2026-06-25 17:29:22] 수강신청 1차 제출 완료 name=이지음
[2026-06-25 17:29:26] 수강신청 최종 제출 완료 name=이지음
이지음 신청 완료 / 총 143명, 오늘 38명 추가되었습니다.
[2026-06-25 17:29:27] 기록 저장 완료 name=이지음 total=143 today=38
[2026-06-25 17:29:29] 대상 완료 name=이지음 total=143/300 today=38/103
[2026-06-25 17:29:31] 신규 대상 시작 plan={'sex': '여자', 'day': '월수'}
[2026-06-25 17:29:34] 회원가입 시도 1/4
[2026-06-25 17:29:34] 회원가입 시작 sheet=PH plan={'sex': '여자', 'day': '월수'}
[2026-06-25 17:29:40] 회원가입 폼 진입 완료
[2026-06-25 17:29:43] 우편번호 검색 query=경북 포항시 남구 오천읍 정몽주로 702
[2026-06-25 17:29:43] 우편번호 검색 실패 query=경북 포항시 남구 오천읍 정몽주로 702 error=Error('Locator.count: Execution context was destroyed, most likely because of a navigation')
[2026-06-25 17:29:45] 우편번호 검색 query=경북 포항시 남구 오천읍 정몽주로 702
[2026-06-25 17:29:46] 우편번호 입력 완료 zip=37903 addr=경북 포항시 남구 오천읍 정몽주로 702 (구정리, 오천제일맨션)
[2026-06-25 17:29:47] 회원가입 제출 클릭 name=최은 id=iyeseoxoxequs44 school=구정초등학교
[2026-06-25 17:29:48] 회원가입 알림 name=최은 id=iyeseoxoxequs44 message=회원 가입하시겠습니까?
[2026-06-25 17:29:49] 회원가입 알림 name=최은 id=iyeseoxoxequs44 message=회원 가입에 감사드립니다.
[2026-06-25 17:29:58] 회원가입 검증 완료 name=최은 day=월수 dialogs=['회원 가입하시겠습니까?', '회원 가입에 감사드립니다.']
[2026-06-25 17:29:58] 수강신청 시도 1 name=최은 id=iyeseoxoxequs44
[2026-06-25 17:29:58] 수강신청 시작 name=최은 sheet=PH day=월수
[2026-06-25 17:30:07] PH 과정 선택 완료 day=월수 course_id=1_61 label='' week_filter=True
[2026-06-25 17:30:07] 수강신청 요일 선택 완료 name=최은 day=월수
[2026-06-25 17:30:09] 수강신청 1차 제출 완료 name=최은
[2026-06-25 17:30:14] 수강신청 최종 제출 완료 name=최은
최은 신청 완료 / 총 144명, 오늘 39명 추가되었습니다.
[2026-06-25 17:30:15] 기록 저장 완료 name=최은 total=144 today=39
[2026-06-25 17:30:21] 대상 완료 name=최은 total=144/300 today=39/103
[2026-06-25 17:30:25] 다음 가입 예약: 2026-06-25 17:32:47까지 대기
[2026-06-25 17:32:47] 신규 대상 시작 plan={'sex': '남자', 'day': '월수'}
[2026-06-25 17:32:50] 회원가입 시도 1/4
[2026-06-25 17:32:50] 회원가입 시작 sheet=PH plan={'sex': '남자', 'day': '월수'}
[2026-06-25 17:32:56] 회원가입 폼 진입 완료
[2026-06-25 17:32:59] 우편번호 검색 query=경북 포항시 남구 오천읍 문덕로12번길 29
[2026-06-25 17:33:00] 주소 지역 불일치 query=경북 포항시 남구 오천읍 문덕로12번길 29 result=경북 영주시 가흥로12번길 29
[2026-06-25 17:33:01] 우편번호 검색 query=경북 포항시 남구 오천읍 문덕로12번길 29
[2026-06-25 17:33:01] 주소 지역 불일치 query=경북 포항시 남구 오천읍 문덕로12번길 29 result=경북 영주시 가흥로12번길 29
[2026-06-25 17:33:02] 우편번호 검색 query=문덕초등학교
[2026-06-25 17:33:02] 우편번호 입력 완료 zip=37887 addr=경북 포항시 남구 오천읍 문덕로12번길 29 (문덕리, 성우천마타운2차)
[2026-06-25 17:33:03] 회원가입 제출 클릭 name=김지운 id=motivatedha1165 school=문덕초등학교
[2026-06-25 17:33:04] 회원가입 알림 name=김지운 id=motivatedha1165 message=회원 가입하시겠습니까?
[2026-06-25 17:33:05] 회원가입 알림 name=김지운 id=motivatedha1165 message=회원 가입에 감사드립니다.
[2026-06-25 17:33:15] 회원가입 검증 완료 name=김지운 day=월수 dialogs=['회원 가입하시겠습니까?', '회원 가입에 감사드립니다.']
[2026-06-25 17:33:15] 수강신청 시도 1 name=김지운 id=motivatedha1165
[2026-06-25 17:33:15] 수강신청 시작 name=김지운 sheet=PH day=월수
[2026-06-25 17:33:23] PH 과정 선택 완료 day=월수 course_id=1_61 label='' week_filter=True
[2026-06-25 17:33:23] 수강신청 요일 선택 완료 name=김지운 day=월수
[2026-06-25 17:33:25] 수강신청 1차 제출 완료 name=김지운
[2026-06-25 17:33:29] 수강신청 최종 제출 완료 name=김지운
김지운 신청 완료 / 총 145명, 오늘 40명 추가되었습니다.
[2026-06-25 17:33:30] 기록 저장 완료 name=김지운 total=145 today=40
[2026-06-25 17:33:32] 대상 완료 name=김지운 total=145/300 today=40/103
[2026-06-25 17:33:35] 다음 가입 예약: 2026-06-25 17:33:35까지 대기
[2026-06-25 17:33:35] 신규 대상 시작 plan={'sex': '남자', 'day': '화목'}
[2026-06-25 17:33:38] 회원가입 시도 1/4
[2026-06-25 17:33:38] 회원가입 시작 sheet=PH plan={'sex': '남자', 'day': '화목'}
[2026-06-25 17:33:44] 회원가입 폼 진입 완료
[2026-06-25 17:33:47] 우편번호 검색 query=경북 포항시 남구 오천읍 남원로 85 2차부영아파트
[2026-06-25 17:33:47] 우편번호 검색 실패 query=경북 포항시 남구 오천읍 남원로 85 2차부영아파트 error=Error('Locator.count: Execution context was destroyed, most likely because of a navigation')
[2026-06-25 17:33:48] 우편번호 검색 query=경북 포항시 남구 오천읍 남원로 85 2차부영아파트
[2026-06-25 17:33:49] 우편번호 입력 완료 zip=37883 addr=경북 포항시 남구 오천읍 남원로 85 (원리, 2차부영아파트)
[2026-06-25 17:33:50] 회원가입 제출 클릭 name=장이삭 id=brightsoccek168 school=포항원동초등학교
[2026-06-25 17:33:51] 회원가입 알림 name=장이삭 id=brightsoccek168 message=회원 가입하시겠습니까?
[2026-06-25 17:33:52] 회원가입 알림 name=장이삭 id=brightsoccek168 message=회원 가입에 감사드립니다.
[2026-06-25 17:34:02] 회원가입 검증 완료 name=장이삭 day=화목 dialogs=['회원 가입하시겠습니까?', '회원 가입에 감사드립니다.']
[2026-06-25 17:34:02] 수강신청 시도 1 name=장이삭 id=brightsoccek168
[2026-06-25 17:34:02] 수강신청 시작 name=장이삭 sheet=PH day=화목
[2026-06-25 17:34:10] PH 과정 선택 완료 day=화목 course_id=2_62 label='' week_filter=True
[2026-06-25 17:34:11] 수강신청 요일 선택 완료 name=장이삭 day=화목
[2026-06-25 17:34:13] 수강신청 1차 제출 완료 name=장이삭
[2026-06-25 17:34:17] 수강신청 최종 제출 완료 name=장이삭
장이삭 신청 완료 / 총 146명, 오늘 41명 추가되었습니다.
[2026-06-25 17:34:18] 기록 저장 완료 name=장이삭 total=146 today=41
[2026-06-25 17:34:21] 대상 완료 name=장이삭 total=146/300 today=41/103
[2026-06-25 17:34:25] 다음 가입 예약: 2026-06-25 17:39:29까지 대기
[2026-06-25 17:39:29] 신규 대상 시작 plan={'sex': '남자', 'day': '화목'}
[2026-06-25 17:39:32] 회원가입 시도 1/4
[2026-06-25 17:39:32] 회원가입 시작 sheet=PH plan={'sex': '남자', 'day': '화목'}
[2026-06-25 17:39:38] 회원가입 폼 진입 완료
[2026-06-25 17:39:41] 우편번호 검색 query=경북 포항시 북구 새마을로 2
[2026-06-25 17:39:41] 우편번호 검색 실패 query=경북 포항시 북구 새마을로 2 error=Error('Locator.count: Execution context was destroyed, most likely because of a navigation')
[2026-06-25 17:39:43] 우편번호 검색 query=경북 포항시 북구 새마을로 2
[2026-06-25 17:39:46] 우편번호 입력 완료 zip=37652 addr=경북 포항시 북구 새마을로 2 (용흥동, 용흥현대1차타워아파트)
[2026-06-25 17:39:48] 회원가입 제출 클릭 name=최강현 id=guitarcounse51b school=포항대흥초등학교
[2026-06-25 17:39:50] 회원가입 알림 name=최강현 id=guitarcounse51b message=회원 가입하시겠습니까?
[2026-06-25 17:39:50] 회원가입 알림 name=최강현 id=guitarcounse51b message=회원 가입에 감사드립니다.
[2026-06-25 17:40:01] 회원가입 검증 완료 name=최강현 day=화목 dialogs=['회원 가입하시겠습니까?', '회원 가입에 감사드립니다.']
[2026-06-25 17:40:01] 수강신청 시도 1 name=최강현 id=guitarcounse51b
[2026-06-25 17:40:01] 수강신청 시작 name=최강현 sheet=PH day=화목
[2026-06-25 17:40:12] PH 과정 선택 완료 day=화목 course_id=2_62 label='' week_filter=True
[2026-06-25 17:40:12] 수강신청 요일 선택 완료 name=최강현 day=화목
[2026-06-25 17:40:14] 수강신청 1차 제출 완료 name=최강현
[2026-06-25 17:40:22] 수강신청 최종 제출 완료 name=최강현
최강현 신청 완료 / 총 147명, 오늘 42명 추가되었습니다.
[2026-06-25 17:40:23] 기록 저장 완료 name=최강현 total=147 today=42
[2026-06-25 17:40:27] 대상 완료 name=최강현 total=147/300 today=42/103
[2026-06-25 17:40:31] 다음 가입 예약: 2026-06-25 17:42:54까지 대기
[2026-06-25 17:42:54] 신규 대상 시작 plan={'sex': '남자', 'day': '화목'}
[2026-06-25 17:42:57] 회원가입 시도 1/4
[2026-06-25 17:42:57] 회원가입 시작 sheet=PH plan={'sex': '남자', 'day': '화목'}
[2026-06-25 17:43:03] 회원가입 폼 진입 완료
[2026-06-25 17:43:06] 우편번호 검색 query=경북 포항시 북구 우창로 166 창포메트로시티2단지
[2026-06-25 17:43:08] 우편번호 입력 완료 zip=37627 addr=경북 포항시 북구 우창로 166 (창포동, 창포메트로시티2단지)
[2026-06-25 17:43:09] 회원가입 제출 클릭 name=류은준 id=artlearning85q school=창포초등학교
[2026-06-25 17:43:10] 회원가입 알림 name=류은준 id=artlearning85q message=회원 가입하시겠습니까?
[2026-06-25 17:43:11] 회원가입 알림 name=류은준 id=artlearning85q message=회원 가입에 감사드립니다.
[2026-06-25 17:43:20] 회원가입 검증 완료 name=류은준 day=화목 dialogs=['회원 가입하시겠습니까?', '회원 가입에 감사드립니다.']
[2026-06-25 17:43:20] 수강신청 시도 1 name=류은준 id=artlearning85q
[2026-06-25 17:43:20] 수강신청 시작 name=류은준 sheet=PH day=화목
[2026-06-25 17:43:29] PH 과정 선택 완료 day=화목 course_id=2_62 label='' week_filter=True
[2026-06-25 17:43:29] 수강신청 요일 선택 완료 name=류은준 day=화목
[2026-06-25 17:43:31] 수강신청 1차 제출 완료 name=류은준
[2026-06-25 17:43:35] 수강신청 최종 제출 완료 name=류은준
류은준 신청 완료 / 총 148명, 오늘 43명 추가되었습니다.
[2026-06-25 17:43:35] 기록 저장 완료 name=류은준 total=148 today=43
[2026-06-25 17:43:37] 대상 완료 name=류은준 total=148/300 today=43/103
[2026-06-25 17:43:40] 다음 가입 예약: 2026-06-25 17:46:23까지 대기
[2026-06-25 17:46:23] 신규 대상 시작 plan={'sex': '여자', 'day': '화목'}
[2026-06-25 17:46:28] 회원가입 시도 1/4
[2026-06-25 17:46:28] 회원가입 시작 sheet=PH plan={'sex': '여자', 'day': '화목'}
[2026-06-25 17:46:34] 회원가입 폼 진입 완료
[2026-06-25 17:46:37] 우편번호 검색 query=경북 포항시 남구 오천읍 정몽주로 702
[2026-06-25 17:46:37] 우편번호 검색 실패 query=경북 포항시 남구 오천읍 정몽주로 702 error=Error('Locator.count: Execution context was destroyed, most likely because of a navigation')
[2026-06-25 17:46:38] 우편번호 검색 query=경북 포항시 남구 오천읍 정몽주로 702
[2026-06-25 17:46:38] 주소 지역 불일치 query=경북 포항시 남구 오천읍 정몽주로 702 result=대구 남구 앞산순환로 702
[2026-06-25 17:46:38] 우편번호 검색 query=구정초등학교
[2026-06-25 17:46:39] 우편번호 입력 완료 zip=37903 addr=경북 포항시 남구 오천읍 정몽주로 702 (구정리, 오천제일맨션)
[2026-06-25 17:46:42] 회원가입 제출 클릭 name=박지나 id=bakernight44h school=구정초등학교
[2026-06-25 17:46:43] 회원가입 알림 name=박지나 id=bakernight44h message=회원 가입하시겠습니까?
[2026-06-25 17:46:43] 회원가입 알림 name=박지나 id=bakernight44h message=회원 가입에 감사드립니다.
[2026-06-25 17:46:53] 회원가입 검증 완료 name=박지나 day=화목 dialogs=['회원 가입하시겠습니까?', '회원 가입에 감사드립니다.']
[2026-06-25 17:46:53] 수강신청 시도 1 name=박지나 id=bakernight44h
[2026-06-25 17:46:53] 수강신청 시작 name=박지나 sheet=PH day=화목
[2026-06-25 17:47:02] PH 과정 선택 완료 day=화목 course_id=2_62 label='' week_filter=True
[2026-06-25 17:47:02] 수강신청 요일 선택 완료 name=박지나 day=화목
[2026-06-25 17:47:04] 수강신청 1차 제출 완료 name=박지나
[2026-06-25 17:47:07] 수강신청 최종 제출 완료 name=박지나
박지나 신청 완료 / 총 149명, 오늘 44명 추가되었습니다.
[2026-06-25 17:47:08] 기록 저장 완료 name=박지나 total=149 today=44
[2026-06-25 17:47:10] 대상 완료 name=박지나 total=149/300 today=44/103
[2026-06-25 17:47:13] 다음 가입 예약: 2026-06-25 17:49:41까지 대기
[2026-06-25 17:49:41] 신규 대상 시작 plan={'sex': '남자', 'day': '화목'}
[2026-06-25 17:49:45] 회원가입 시도 1/4
[2026-06-25 17:49:45] 회원가입 시작 sheet=PH plan={'sex': '남자', 'day': '화목'}
[2026-06-25 17:49:52] 회원가입 폼 진입 완료
[2026-06-25 17:49:55] 우편번호 검색 query=경북 포항시 북구 삼호로 391
[2026-06-25 17:49:56] 주소 지역 불일치 query=경북 포항시 북구 삼호로 391 result=대구 남구 앞산순환로 391
[2026-06-25 17:49:56] 우편번호 검색 query=경북 포항시 북구 삼호로 391
[2026-06-25 17:49:56] 주소 지역 불일치 query=경북 포항시 북구 삼호로 391 result=대구 남구 앞산순환로 391
[2026-06-25 17:49:57] 우편번호 검색 query=포항해맞이초등학교
[2026-06-25 17:49:57] 우편번호 입력 완료 zip=37604 addr=경북 포항시 북구 환호로 37 (환호동, 포항해맞이초등학교)
[2026-06-25 17:49:58] 회원가입 제출 클릭 name=최승우 id=sportssignal66b school=포항해맞이초등학교
[2026-06-25 17:49:59] 회원가입 알림 name=최승우 id=sportssignal66b message=회원 가입하시겠습니까?
[2026-06-25 17:50:00] 회원가입 알림 name=최승우 id=sportssignal66b message=회원 가입에 감사드립니다.
[2026-06-25 17:50:10] 회원가입 검증 완료 name=최승우 day=화목 dialogs=['회원 가입하시겠습니까?', '회원 가입에 감사드립니다.']
[2026-06-25 17:50:10] 수강신청 시도 1 name=최승우 id=sportssignal66b
[2026-06-25 17:50:10] 수강신청 시작 name=최승우 sheet=PH day=화목
[2026-06-25 17:50:19] PH 과정 선택 완료 day=화목 course_id=2_62 label='' week_filter=True
[2026-06-25 17:50:19] 수강신청 요일 선택 완료 name=최승우 day=화목
[2026-06-25 17:50:21] 수강신청 1차 제출 완료 name=최승우
[2026-06-25 17:50:25] 수강신청 최종 제출 완료 name=최승우
최승우 신청 완료 / 총 150명, 오늘 45명 추가되었습니다.
[2026-06-25 17:50:27] 기록 저장 완료 name=최승우 total=150 today=45
[2026-06-25 17:50:29] 대상 완료 name=최승우 total=150/300 today=45/103
[2026-06-25 17:50:35] 다음 가입 예약: 2026-06-25 17:50:34까지 대기
[2026-06-25 17:50:35] 신규 대상 시작 plan={'sex': '남자', 'day': '화목'}
[2026-06-25 17:50:39] 회원가입 시도 1/4
[2026-06-25 17:50:39] 회원가입 시작 sheet=PH plan={'sex': '남자', 'day': '화목'}
[2026-06-25 17:50:45] 회원가입 폼 진입 완료
[2026-06-25 17:50:47] 우편번호 검색 query=경북 포항시 북구 창흥로 67
[2026-06-25 17:50:49] 우편번호 입력 완료 zip=37632 addr=경북 포항시 북구 창흥로 67 (창포동, 두호주공2차아파트)
[2026-06-25 17:50:51] 회원가입 제출 클릭 name=라이한 id=patientlove65o school=포항중앙초등학교
[2026-06-25 17:50:52] 회원가입 알림 name=라이한 id=patientlove65o message=회원 가입하시겠습니까?
[2026-06-25 17:50:53] 회원가입 알림 name=라이한 id=patientlove65o message=회원 가입에 감사드립니다.
[2026-06-25 17:51:02] 회원가입 검증 완료 name=라이한 day=화목 dialogs=['회원 가입하시겠습니까?', '회원 가입에 감사드립니다.']
[2026-06-25 17:51:02] 수강신청 시도 1 name=라이한 id=patientlove65o
[2026-06-25 17:51:02] 수강신청 시작 name=라이한 sheet=PH day=화목
[2026-06-25 17:51:11] PH 과정 선택 완료 day=화목 course_id=2_62 label='' week_filter=True
[2026-06-25 17:51:11] 수강신청 요일 선택 완료 name=라이한 day=화목
[2026-06-25 17:51:13] 수강신청 1차 제출 완료 name=라이한
[2026-06-25 17:51:17] 수강신청 최종 제출 완료 name=라이한
라이한 신청 완료 / 총 151명, 오늘 46명 추가되었습니다.
[2026-06-25 17:51:18] 기록 저장 완료 name=라이한 total=151 today=46
[2026-06-25 17:51:19] 대상 완료 name=라이한 total=151/300 today=46/103
[2026-06-25 17:51:22] 다음 가입 예약: 2026-06-25 17:54:21까지 대기
[2026-06-25 17:54:21] 신규 대상 시작 plan={'sex': '남자', 'day': '화목'}
[2026-06-25 17:54:29] 회원가입 시도 1/4
[2026-06-25 17:54:29] 회원가입 시작 sheet=PH plan={'sex': '남자', 'day': '화목'}
[2026-06-25 17:54:39] 회원가입 폼 진입 완료
[2026-06-25 17:54:46] 우편번호 검색 query=경북 포항시 북구 용두산길 62
[2026-06-25 17:54:47] 주소 지역 불일치 query=경북 포항시 북구 용두산길 62 result=대구 군위군 군위읍 광현길 12-62
[2026-06-25 17:54:48] 우편번호 검색 query=경북 포항시 북구 용두산길 62
[2026-06-25 17:54:48] 주소 지역 불일치 query=경북 포항시 북구 용두산길 62 result=대구 군위군 군위읍 광현길 12-62
[2026-06-25 17:54:49] 우편번호 검색 query=장량초등학교
[2026-06-25 17:54:50] 우편번호 입력 완료 zip=37574 addr=경북 포항시 북구 장량중앙로 27 (양덕동, 포항송곡초등학교)
[2026-06-25 17:54:52] 회원가입 제출 클릭 name=이영우 id=orbitintegri92p school=장량초등학교
[2026-06-25 17:54:53] 회원가입 알림 name=이영우 id=orbitintegri92p message=회원 가입하시겠습니까?
[2026-06-25 17:54:54] 회원가입 알림 name=이영우 id=orbitintegri92p message=회원 가입에 감사드립니다.
[2026-06-25 17:55:05] 회원가입 검증 완료 name=이영우 day=화목 dialogs=['회원 가입하시겠습니까?', '회원 가입에 감사드립니다.']
[2026-06-25 17:55:05] 수강신청 시도 1 name=이영우 id=orbitintegri92p
[2026-06-25 17:55:05] 수강신청 시작 name=이영우 sheet=PH day=화목
[2026-06-25 17:55:14] PH 과정 선택 완료 day=화목 course_id=2_62 label='' week_filter=True
[2026-06-25 17:55:14] 수강신청 요일 선택 완료 name=이영우 day=화목
[2026-06-25 17:55:17] 수강신청 1차 제출 완료 name=이영우
[2026-06-25 17:55:21] 수강신청 최종 제출 완료 name=이영우
이영우 신청 완료 / 총 152명, 오늘 47명 추가되었습니다.
[2026-06-25 17:55:22] 기록 저장 완료 name=이영우 total=152 today=47
[2026-06-25 17:55:24] 대상 완료 name=이영우 total=152/300 today=47/103
[2026-06-25 17:55:28] 다음 가입 예약: 2026-06-25 17:58:23까지 대기
[2026-06-25 17:58:23] 신규 대상 시작 plan={'sex': '여자', 'day': '월수'}
[2026-06-25 17:58:28] 회원가입 시도 1/4
[2026-06-25 17:58:28] 회원가입 시작 sheet=PH plan={'sex': '여자', 'day': '월수'}
[2026-06-25 17:58:35] 회원가입 폼 진입 완료
[2026-06-25 17:58:38] 우편번호 검색 query=경북 포항시 북구 환호공원길 53-4
[2026-06-25 17:58:39] 우편번호 입력 완료 zip=37600 addr=경북 포항시 북구 환호공원길 53-4 (환호동, 해변타운)
[2026-06-25 17:58:42] 회원가입 제출 클릭 name=김채아 id=wittyfashior542 school=포항해맞이초등학교
[2026-06-25 17:58:43] 회원가입 알림 name=김채아 id=wittyfashior542 message=회원 가입하시겠습니까?
[2026-06-25 17:58:44] 회원가입 알림 name=김채아 id=wittyfashior542 message=회원 가입에 감사드립니다.
[2026-06-25 17:58:53] 회원가입 검증 완료 name=김채아 day=월수 dialogs=['회원 가입하시겠습니까?', '회원 가입에 감사드립니다.']
[2026-06-25 17:58:53] 수강신청 시도 1 name=김채아 id=wittyfashior542
[2026-06-25 17:58:53] 수강신청 시작 name=김채아 sheet=PH day=월수
[2026-06-25 17:59:02] PH 과정 선택 완료 day=월수 course_id=1_61 label='' week_filter=True
[2026-06-25 17:59:02] 수강신청 요일 선택 완료 name=김채아 day=월수
[2026-06-25 17:59:04] 수강신청 1차 제출 완료 name=김채아
[2026-06-25 17:59:07] 수강신청 최종 제출 완료 name=김채아
김채아 신청 완료 / 총 153명, 오늘 48명 추가되었습니다.
[2026-06-25 17:59:09] 기록 저장 완료 name=김채아 total=153 today=48
[2026-06-25 17:59:10] 대상 완료 name=김채아 total=153/300 today=48/103
[2026-06-25 17:59:13] 다음 가입 예약: 2026-06-25 17:59:58까지 대기
[2026-06-25 17:59:58] 신규 대상 시작 plan={'sex': '여자', 'day': '월수'}
[2026-06-25 18:00:01] 회원가입 시도 1/4
[2026-06-25 18:00:01] 회원가입 시작 sheet=PH plan={'sex': '여자', 'day': '월수'}
[2026-06-25 18:00:08] 회원가입 폼 진입 완료
[2026-06-25 18:00:12] 우편번호 검색 query=경북 포항시 북구 우미길 90
[2026-06-25 18:00:12] 우편번호 검색 실패 query=경북 포항시 북구 우미길 90 error=Error('Locator.count: Execution context was destroyed, most likely because of a navigation')
[2026-06-25 18:00:12] 우편번호 검색 실패 query=경북 포항시 북구 우미길 90 error=Error('Locator.count: Frame was detached')
[2026-06-25 18:00:14] 우편번호 검색 query=포항대흥초등학교
[2026-06-25 18:00:15] 우편번호 입력 완료 zip=37646 addr=경북 포항시 북구 용흥로292번길 33 (용흥동, 대흥초등학교)
[2026-06-25 18:00:18] 회원가입 제출 클릭 name=김지율 id=bakervalueh218 school=포항대흥초등학교
[2026-06-25 18:00:19] 회원가입 알림 name=김지율 id=bakervalueh218 message=회원 가입하시겠습니까?
[2026-06-25 18:00:21] 회원가입 알림 name=김지율 id=bakervalueh218 message=회원 가입에 감사드립니다.
[2026-06-25 18:00:31] 회원가입 검증 완료 name=김지율 day=월수 dialogs=['회원 가입하시겠습니까?', '회원 가입에 감사드립니다.']
[2026-06-25 18:00:31] 수강신청 시도 1 name=김지율 id=bakervalueh218
[2026-06-25 18:00:31] 수강신청 시작 name=김지율 sheet=PH day=월수
[2026-06-25 18:00:40] PH 과정 선택 완료 day=월수 course_id=1_61 label='' week_filter=True
[2026-06-25 18:00:40] 수강신청 요일 선택 완료 name=김지율 day=월수
[2026-06-25 18:00:42] 수강신청 1차 제출 완료 name=김지율
[2026-06-25 18:00:47] 수강신청 최종 제출 완료 name=김지율
김지율 신청 완료 / 총 154명, 오늘 49명 추가되었습니다.
[2026-06-25 18:00:48] 기록 저장 완료 name=김지율 total=154 today=49
[2026-06-25 18:00:51] 대상 완료 name=김지율 total=154/300 today=49/103
[2026-06-25 18:00:55] 다음 가입 예약: 2026-06-25 18:02:20까지 대기
[2026-06-25 18:02:20] 신규 대상 시작 plan={'sex': '여자', 'day': '월수'}
[2026-06-25 18:02:24] 회원가입 시도 1/4
[2026-06-25 18:02:24] 회원가입 시작 sheet=PH plan={'sex': '여자', 'day': '월수'}
[2026-06-25 18:02:33] 회원가입 폼 진입 완료
[2026-06-25 18:02:38] 우편번호 검색 query=경북 포항시 남구 오천읍 문덕로12번길 6
[2026-06-25 18:02:40] 우편번호 입력 완료 zip=37887 addr=경북 포항시 남구 오천읍 문덕로12번길 6 (문덕리, 준양프리미엄3차)
[2026-06-25 18:02:41] 회원가입 제출 클릭 name=홍예랑 id=moneyultra22p school=포항원동초등학교
[2026-06-25 18:02:42] 회원가입 알림 name=홍예랑 id=moneyultra22p message=회원 가입하시겠습니까?
[2026-06-25 18:02:43] 회원가입 알림 name=홍예랑 id=moneyultra22p message=회원 가입에 감사드립니다.
[2026-06-25 18:02:54] 회원가입 검증 완료 name=홍예랑 day=월수 dialogs=['회원 가입하시겠습니까?', '회원 가입에 감사드립니다.']
[2026-06-25 18:02:54] 수강신청 시도 1 name=홍예랑 id=moneyultra22p
[2026-06-25 18:02:54] 수강신청 시작 name=홍예랑 sheet=PH day=월수
[2026-06-25 18:03:03] PH 과정 선택 완료 day=월수 course_id=1_61 label='' week_filter=True
[2026-06-25 18:03:03] 수강신청 요일 선택 완료 name=홍예랑 day=월수
[2026-06-25 18:03:04] 수강신청 1차 제출 완료 name=홍예랑
[2026-06-25 18:03:08] 수강신청 최종 제출 완료 name=홍예랑
홍예랑 신청 완료 / 총 155명, 오늘 50명 추가되었습니다.
[2026-06-25 18:03:09] 기록 저장 완료 name=홍예랑 total=155 today=50
[2026-06-25 18:03:11] 대상 완료 name=홍예랑 total=155/300 today=50/103
[2026-06-25 18:03:15] 다음 가입 예약: 2026-06-25 18:03:48까지 대기
[2026-06-25 18:03:48] 신규 대상 시작 plan={'sex': '여자', 'day': '월수'}
[2026-06-25 18:03:51] 회원가입 시도 1/4
[2026-06-25 18:03:51] 회원가입 시작 sheet=PH plan={'sex': '여자', 'day': '월수'}
[2026-06-25 18:03:57] 회원가입 폼 진입 완료
[2026-06-25 18:04:00] 우편번호 검색 query=경북 포항시 북구 우창로 20
[2026-06-25 18:04:00] 우편번호 검색 실패 query=경북 포항시 북구 우창로 20 error=Error('Locator.count: Execution context was destroyed, most likely because of a navigation')
[2026-06-25 18:04:01] 우편번호 검색 query=경북 포항시 북구 우창로 20
[2026-06-25 18:04:02] 우편번호 입력 완료 zip=37639 addr=경북 포항시 북구 우창로 20 (우현동, 신동아베르디1차)
[2026-06-25 18:04:03] 회원가입 제출 클릭 name=이연주 id=communityina642 school=포항중앙초등학교
[2026-06-25 18:04:04] 회원가입 알림 name=이연주 id=communityina642 message=회원 가입하시겠습니까?
[2026-06-25 18:04:05] 회원가입 알림 name=이연주 id=communityina642 message=회원 가입하시겠습니까?
[2026-06-25 18:04:05] 회원가입 알림 name=이연주 id=communityina642 message=회원 가입에 감사드립니다.
[2026-06-25 18:04:15] 회원가입 검증 완료 name=이연주 day=월수 dialogs=['회원 가입하시겠습니까?', '회원 가입하시겠습니까?', '회원 가입에 감사드립니다.']
[2026-06-25 18:04:15] 수강신청 시도 1 name=이연주 id=communityina642
[2026-06-25 18:04:15] 수강신청 시작 name=이연주 sheet=PH day=월수
[2026-06-25 18:04:24] PH 과정 선택 완료 day=월수 course_id=1_61 label='' week_filter=True
[2026-06-25 18:04:24] 수강신청 요일 선택 완료 name=이연주 day=월수
[2026-06-25 18:04:27] 수강신청 1차 제출 완료 name=이연주
[2026-06-25 18:04:32] 수강신청 최종 제출 완료 name=이연주
이연주 신청 완료 / 총 156명, 오늘 51명 추가되었습니다.
[2026-06-25 18:04:33] 기록 저장 완료 name=이연주 total=156 today=51
[2026-06-25 18:04:36] 대상 완료 name=이연주 total=156/300 today=51/103
[2026-06-25 18:04:39] 다음 가입 예약: 2026-06-25 18:06:23까지 대기
[2026-06-25 18:06:23] 신규 대상 시작 plan={'sex': '여자', 'day': '화목'}
[2026-06-25 18:06:28] 회원가입 시도 1/4
[2026-06-25 18:06:28] 회원가입 시작 sheet=PH plan={'sex': '여자', 'day': '화목'}
[2026-06-25 18:06:35] 회원가입 폼 진입 완료
[2026-06-25 18:06:39] 우편번호 검색 query=경북 포항시 남구 해병로 405 청호하이츠
[2026-06-25 18:06:40] 우편번호 검색 실패 query=경북 포항시 남구 해병로 405 청호하이츠 error=Error('Locator.count: Execution context was destroyed, most likely because of a navigation')
[2026-06-25 18:06:40] 우편번호 검색 query=경북 포항시 남구 해병로 405 청호하이츠
[2026-06-25 18:06:41] 우편번호 입력 완료 zip=37916 addr=경북 포항시 남구 오천읍 해병로 405 (문덕리, 청호하이츠)
[2026-06-25 18:06:42] 회원가입 제출 클릭 name=윤다혜 id=dreamerrepol221 school=문덕초등학교
[2026-06-25 18:06:43] 회원가입 알림 name=윤다혜 id=dreamerrepol221 message=회원 가입하시겠습니까?
[2026-06-25 18:06:44] 회원가입 알림 name=윤다혜 id=dreamerrepol221 message=회원 가입에 감사드립니다.
[2026-06-25 18:06:54] 회원가입 검증 완료 name=윤다혜 day=화목 dialogs=['회원 가입하시겠습니까?', '회원 가입에 감사드립니다.']
[2026-06-25 18:06:54] 수강신청 시도 1 name=윤다혜 id=dreamerrepol221
[2026-06-25 18:06:54] 수강신청 시작 name=윤다혜 sheet=PH day=화목
[2026-06-25 18:07:02] PH 과정 선택 완료 day=화목 course_id=2_62 label='' week_filter=True
[2026-06-25 18:07:02] 수강신청 요일 선택 완료 name=윤다혜 day=화목
[2026-06-25 18:07:04] 수강신청 1차 제출 완료 name=윤다혜
[2026-06-25 18:07:07] 수강신청 최종 제출 완료 name=윤다혜
윤다혜 신청 완료 / 총 157명, 오늘 52명 추가되었습니다.
[2026-06-25 18:07:08] 기록 저장 완료 name=윤다혜 total=157 today=52
[2026-06-25 18:07:10] 대상 완료 name=윤다혜 total=157/300 today=52/103
[2026-06-25 18:07:13] 다음 가입 예약: 2026-06-25 18:09:38까지 대기
[2026-06-25 18:09:38] 신규 대상 시작 plan={'sex': '남자', 'day': '월수'}
[2026-06-25 18:09:41] 회원가입 시도 1/4
[2026-06-25 18:09:41] 회원가입 시작 sheet=PH plan={'sex': '남자', 'day': '월수'}
[2026-06-25 18:09:46] 회원가입 폼 진입 완료
[2026-06-25 18:09:48] 우편번호 검색 query=경북 포항시 북구 새마을로 2
[2026-06-25 18:09:50] 우편번호 입력 완료 zip=37652 addr=경북 포항시 북구 새마을로 2 (용흥동, 용흥현대1차타워아파트)
[2026-06-25 18:09:52] 회원가입 제출 클릭 name=석태건 id=representati95c school=포항대흥초등학교
[2026-06-25 18:09:53] 회원가입 알림 name=석태건 id=representati95c message=회원 가입하시겠습니까?
[2026-06-25 18:09:54] 회원가입 알림 name=석태건 id=representati95c message=회원 가입하시겠습니까?
[2026-06-25 18:09:54] 회원가입 알림 name=석태건 id=representati95c message=회원 가입에 감사드립니다.
[2026-06-25 18:10:04] 회원가입 검증 완료 name=석태건 day=월수 dialogs=['회원 가입하시겠습니까?', '회원 가입하시겠습니까?', '회원 가입에 감사드립니다.']
[2026-06-25 18:10:04] 수강신청 시도 1 name=석태건 id=representati95c
[2026-06-25 18:10:04] 수강신청 시작 name=석태건 sheet=PH day=월수
[2026-06-25 18:10:13] PH 과정 선택 완료 day=월수 course_id=1_61 label='' week_filter=True
[2026-06-25 18:10:13] 수강신청 요일 선택 완료 name=석태건 day=월수
[2026-06-25 18:10:15] 수강신청 1차 제출 완료 name=석태건
[2026-06-25 18:10:21] 수강신청 최종 제출 완료 name=석태건
석태건 신청 완료 / 총 158명, 오늘 53명 추가되었습니다.
[2026-06-25 18:10:22] 기록 저장 완료 name=석태건 total=158 today=53
[2026-06-25 18:10:25] 대상 완료 name=석태건 total=158/300 today=53/103
[2026-06-25 18:10:29] 다음 가입 예약: 2026-06-25 18:14:59까지 대기
[2026-06-25 18:14:59] 신규 대상 시작 plan={'sex': '여자', 'day': '화목'}
[2026-06-25 18:15:02] 회원가입 시도 1/4
[2026-06-25 18:15:02] 회원가입 시작 sheet=PH plan={'sex': '여자', 'day': '화목'}
[2026-06-25 18:15:07] 회원가입 폼 진입 완료
[2026-06-25 18:15:11] 우편번호 검색 query=경북 포항시 북구 새천년대로1123번길 14
[2026-06-25 18:15:12] 우편번호 입력 완료 zip=37628 addr=경북 포항시 북구 새천년대로1123번길 14 (장성동, 창포청구타운)
[2026-06-25 18:15:13] 회원가입 제출 클릭 name=오이진 id=educatorreaa994 school=장성초등학교
[2026-06-25 18:15:14] 회원가입 알림 name=오이진 id=educatorreaa994 message=회원 가입하시겠습니까?
[2026-06-25 18:15:15] 회원가입 알림 name=오이진 id=educatorreaa994 message=회원 가입에 감사드립니다.
[2026-06-25 18:15:24] 회원가입 검증 완료 name=오이진 day=화목 dialogs=['회원 가입하시겠습니까?', '회원 가입에 감사드립니다.']
[2026-06-25 18:15:24] 수강신청 시도 1 name=오이진 id=educatorreaa994
[2026-06-25 18:15:24] 수강신청 시작 name=오이진 sheet=PH day=화목
[2026-06-25 18:15:33] PH 과정 선택 완료 day=화목 course_id=2_62 label='' week_filter=True
[2026-06-25 18:15:33] 수강신청 요일 선택 완료 name=오이진 day=화목
[2026-06-25 18:15:34] 수강신청 1차 제출 완료 name=오이진
[2026-06-25 18:15:38] 수강신청 최종 제출 완료 name=오이진
오이진 신청 완료 / 총 159명, 오늘 54명 추가되었습니다.
[2026-06-25 18:15:39] 기록 저장 완료 name=오이진 total=159 today=54
[2026-06-25 18:15:40] 대상 완료 name=오이진 total=159/300 today=54/103
[2026-06-25 18:15:44] 다음 가입 예약: 2026-06-25 18:21:12까지 대기
[2026-06-25 18:21:12] 신규 대상 시작 plan={'sex': '남자', 'day': '화목'}
[2026-06-25 18:21:15] 회원가입 시도 1/4
[2026-06-25 18:21:15] 회원가입 시작 sheet=PH plan={'sex': '남자', 'day': '화목'}
[2026-06-25 18:21:20] 회원가입 폼 진입 완료
[2026-06-25 18:21:23] 우편번호 검색 query=경북 포항시 북구 성실로 50
[2026-06-25 18:21:23] 우편번호 검색 실패 query=경북 포항시 북구 성실로 50 error=Error('Locator.count: Execution context was destroyed, most likely because of a navigation')
[2026-06-25 18:21:25] 우편번호 검색 query=경북 포항시 북구 성실로 50
[2026-06-25 18:21:25] 주소 지역 불일치 query=경북 포항시 북구 성실로 50 result=대구 군위군 군위읍 군청로 168-50
[2026-06-25 18:21:25] 우편번호 검색 query=장량초등학교
[2026-06-25 18:21:26] 우편번호 입력 완료 zip=37574 addr=경북 포항시 북구 장량중앙로 27 (양덕동, 포항송곡초등학교)
[2026-06-25 18:21:27] 회원가입 제출 클릭 name=최찬율 id=queentiktokd526 school=장량초등학교
[2026-06-25 18:21:28] 회원가입 알림 name=최찬율 id=queentiktokd526 message=회원 가입하시겠습니까?
[2026-06-25 18:21:28] 회원가입 알림 name=최찬율 id=queentiktokd526 message=회원 가입에 감사드립니다.
[2026-06-25 18:21:38] 회원가입 검증 완료 name=최찬율 day=화목 dialogs=['회원 가입하시겠습니까?', '회원 가입에 감사드립니다.']
[2026-06-25 18:21:38] 수강신청 시도 1 name=최찬율 id=queentiktokd526
[2026-06-25 18:21:38] 수강신청 시작 name=최찬율 sheet=PH day=화목
[2026-06-25 18:21:46] PH 과정 선택 완료 day=화목 course_id=2_62 label='' week_filter=True
[2026-06-25 18:21:46] 수강신청 요일 선택 완료 name=최찬율 day=화목
[2026-06-25 18:21:48] 수강신청 1차 제출 완료 name=최찬율
[2026-06-25 18:21:52] 수강신청 최종 제출 완료 name=최찬율
최찬율 신청 완료 / 총 160명, 오늘 55명 추가되었습니다.
[2026-06-25 18:21:53] 기록 저장 완료 name=최찬율 total=160 today=55
[2026-06-25 18:21:54] 대상 완료 name=최찬율 total=160/300 today=55/103
[2026-06-25 18:21:57] 다음 가입 예약: 2026-06-25 18:23:10까지 대기
[2026-06-25 18:23:10] 신규 대상 시작 plan={'sex': '여자', 'day': '화목'}
[2026-06-25 18:23:13] 회원가입 시도 1/4
[2026-06-25 18:23:13] 회원가입 시작 sheet=PH plan={'sex': '여자', 'day': '화목'}
[2026-06-25 18:23:19] 회원가입 폼 진입 완료
[2026-06-25 18:23:22] 우편번호 검색 query=경북 포항시 남구 지곡로 294
[2026-06-25 18:23:23] 우편번호 입력 완료 zip=37669 addr=경북 포항시 남구 지곡로 294 (지곡동, 효자그린아파트)
[2026-06-25 18:23:24] 회원가입 제출 클릭 name=윤하엘 id=environmentt75h school=달전초등학교
[2026-06-25 18:23:25] 회원가입 알림 name=윤하엘 id=environmentt75h message=회원 가입하시겠습니까?
[2026-06-25 18:23:26] 회원가입 알림 name=윤하엘 id=environmentt75h message=회원 가입에 감사드립니다.
[2026-06-25 18:23:36] 회원가입 검증 완료 name=윤하엘 day=화목 dialogs=['회원 가입하시겠습니까?', '회원 가입에 감사드립니다.']
[2026-06-25 18:23:36] 수강신청 시도 1 name=윤하엘 id=environmentt75h
[2026-06-25 18:23:36] 수강신청 시작 name=윤하엘 sheet=PH day=화목
[2026-06-25 18:23:44] PH 과정 선택 완료 day=화목 course_id=2_62 label='' week_filter=True
[2026-06-25 18:23:44] 수강신청 요일 선택 완료 name=윤하엘 day=화목
[2026-06-25 18:23:46] 수강신청 1차 제출 완료 name=윤하엘
[2026-06-25 18:23:50] 수강신청 최종 제출 완료 name=윤하엘
윤하엘 신청 완료 / 총 161명, 오늘 56명 추가되었습니다.
[2026-06-25 18:23:50] 기록 저장 완료 name=윤하엘 total=161 today=56
[2026-06-25 18:23:52] 대상 완료 name=윤하엘 total=161/300 today=56/103
[2026-06-25 18:23:55] 다음 가입 예약: 2026-06-25 18:24:38까지 대기
[2026-06-25 18:24:38] 신규 대상 시작 plan={'sex': '남자', 'day': '월수'}
[2026-06-25 18:24:40] 회원가입 시도 1/4
[2026-06-25 18:24:40] 회원가입 시작 sheet=PH plan={'sex': '남자', 'day': '월수'}
[2026-06-25 18:24:46] 회원가입 폼 진입 완료
[2026-06-25 18:24:49] 우편번호 검색 query=경북 포항시 남구 오천읍 해병로 127
[2026-06-25 18:24:50] 우편번호 입력 완료 zip=37902 addr=경북 포항시 남구 오천읍 해병로 127 (구정리, 우방신세계타운2차)
[2026-06-25 18:24:51] 회원가입 제출 클릭 name=배시진 id=geniusgener6532 school=구정초등학교
[2026-06-25 18:24:53] 회원가입 알림 name=배시진 id=geniusgener6532 message=회원 가입하시겠습니까?
[2026-06-25 18:24:53] 회원가입 알림 name=배시진 id=geniusgener6532 message=회원 가입하시겠습니까?
[2026-06-25 18:24:53] 회원가입 알림 name=배시진 id=geniusgener6532 message=회원 가입에 감사드립니다.
[2026-06-25 18:25:03] 회원가입 검증 완료 name=배시진 day=월수 dialogs=['회원 가입하시겠습니까?', '회원 가입하시겠습니까?', '회원 가입에 감사드립니다.']
[2026-06-25 18:25:03] 수강신청 시도 1 name=배시진 id=geniusgener6532
[2026-06-25 18:25:03] 수강신청 시작 name=배시진 sheet=PH day=월수
[2026-06-25 18:25:11] PH 과정 선택 완료 day=월수 course_id=1_61 label='' week_filter=True
[2026-06-25 18:25:12] 수강신청 요일 선택 완료 name=배시진 day=월수
[2026-06-25 18:25:13] 수강신청 1차 제출 완료 name=배시진
[2026-06-25 18:25:35] 수강신청 실패. 같은 계정으로 재시도 name=배시진 id=geniusgener6532 try=1 error=TimeoutError('Page.click: Timeout 20000ms exceeded.\nCall log:\n  - waiting for locator("input#cbAddress")\n    - locator resolved to <input id="cbAddress" type="checkbox" name="cbAddress"/>\n  - attempting click action\n    - waiting for element to be visible, enabled and stable\n    - element is visible, enabled and stable\n    - scrolling into view if needed\n    - done scrolling\n    - <label>Q5. 부저로 원하는 음을 재생하는 코드를 작성할 수 있나요?</label> from <div id="modal">…</div> subtree intercepts pointer events\n  - retrying click action\n    - waiting for element to be visible, enabled and stable\n    - element is visible, enabled and stable\n    - scrolling into view if needed\n    - done scrolling\n    - <div id="modal">…</div> intercepts pointer events\n  - retrying click action\n    - waiting 20ms\n')
[2026-06-25 18:25:36] 수강신청 시도 2 name=배시진 id=geniusgener6532
[2026-06-25 18:25:36] 수강신청 시작 name=배시진 sheet=PH day=월수
[2026-06-25 18:25:45] PH 과정 선택 완료 day=월수 course_id=1_61 label='' week_filter=True
[2026-06-25 18:25:45] 수강신청 요일 선택 완료 name=배시진 day=월수
[2026-06-25 18:25:47] 수강신청 1차 제출 완료 name=배시진
[2026-06-25 18:25:51] 수강신청 최종 제출 완료 name=배시진
배시진 신청 완료 / 총 162명, 오늘 57명 추가되었습니다.
[2026-06-25 18:25:52] 기록 저장 완료 name=배시진 total=162 today=57
[2026-06-25 18:25:54] 대상 완료 name=배시진 total=162/300 today=57/103
[2026-06-25 18:25:56] 다음 가입 예약: 2026-06-25 18:31:18까지 대기
[2026-06-25 18:31:18] 신규 대상 시작 plan={'sex': '여자', 'day': '월수'}
[2026-06-25 18:31:21] 회원가입 시도 1/4
[2026-06-25 18:31:21] 회원가입 시작 sheet=PH plan={'sex': '여자', 'day': '월수'}
[2026-06-25 18:31:27] 회원가입 폼 진입 완료
[2026-06-25 18:31:31] 우편번호 검색 query=경북 포항시 북구 중흥로161번길 24-8 경동하이츠13차
[2026-06-25 18:31:32] 우편번호 입력 완료 zip=37756 addr=경북 포항시 북구 중흥로161번길 24-8 (죽도동, 경동하이츠13차)
[2026-06-25 18:31:33] 회원가입 제출 클릭 name=임주이 id=familytransl43e school=상대초등학교
[2026-06-25 18:31:34] 회원가입 알림 name=임주이 id=familytransl43e message=회원 가입하시겠습니까?
[2026-06-25 18:31:35] 회원가입 알림 name=임주이 id=familytransl43e message=회원 가입에 감사드립니다.
[2026-06-25 18:31:45] 회원가입 검증 완료 name=임주이 day=월수 dialogs=['회원 가입하시겠습니까?', '회원 가입에 감사드립니다.']
[2026-06-25 18:31:45] 수강신청 시도 1 name=임주이 id=familytransl43e
[2026-06-25 18:31:45] 수강신청 시작 name=임주이 sheet=PH day=월수
[2026-06-25 18:31:53] PH 과정 선택 완료 day=월수 course_id=1_61 label='' week_filter=True
[2026-06-25 18:31:53] 수강신청 요일 선택 완료 name=임주이 day=월수
[2026-06-25 18:31:55] 수강신청 1차 제출 완료 name=임주이
[2026-06-25 18:31:58] 수강신청 최종 제출 완료 name=임주이
임주이 신청 완료 / 총 163명, 오늘 58명 추가되었습니다.
[2026-06-25 18:31:59] 기록 저장 완료 name=임주이 total=163 today=58
[2026-06-25 18:32:01] 대상 완료 name=임주이 total=163/300 today=58/103
[2026-06-25 18:32:05] 다음 가입 예약: 2026-06-25 18:33:39까지 대기
[2026-06-25 18:33:39] 신규 대상 시작 plan={'sex': '남자', 'day': '월수'}
[2026-06-25 18:33:42] 회원가입 시도 1/4
[2026-06-25 18:33:42] 회원가입 시작 sheet=PH plan={'sex': '남자', 'day': '월수'}
[2026-06-25 18:33:47] 회원가입 폼 진입 완료
[2026-06-25 18:33:50] 우편번호 검색 query=경북 포항시 북구 삼흥로32번길 5
[2026-06-25 18:33:50] 우편번호 검색 실패 query=경북 포항시 북구 삼흥로32번길 5 error=Error('Locator.count: Execution context was destroyed, most likely because of a navigation')
[2026-06-25 18:33:52] 우편번호 검색 query=경북 포항시 북구 삼흥로32번길 5
[2026-06-25 18:33:53] 우편번호 입력 완료 zip=37609 addr=경북 포항시 북구 삼흥로32번길 5 (장성동, 럭키장성아파트)
[2026-06-25 18:33:54] 회원가입 제출 클릭 name=임희준 id=innovatororg99a school=포항동부초등학교
[2026-06-25 18:33:55] 회원가입 알림 name=임희준 id=innovatororg99a message=회원 가입하시겠습니까?
[2026-06-25 18:33:56] 회원가입 알림 name=임희준 id=innovatororg99a message=회원 가입에 감사드립니다.
[2026-06-25 18:34:05] 회원가입 검증 완료 name=임희준 day=월수 dialogs=['회원 가입하시겠습니까?', '회원 가입에 감사드립니다.']
[2026-06-25 18:34:05] 수강신청 시도 1 name=임희준 id=innovatororg99a
[2026-06-25 18:34:05] 수강신청 시작 name=임희준 sheet=PH day=월수
[2026-06-25 18:34:14] PH 과정 선택 완료 day=월수 course_id=1_61 label='' week_filter=True
[2026-06-25 18:34:14] 수강신청 요일 선택 완료 name=임희준 day=월수
[2026-06-25 18:34:16] 수강신청 1차 제출 완료 name=임희준
[2026-06-25 18:34:20] 수강신청 최종 제출 완료 name=임희준
임희준 신청 완료 / 총 164명, 오늘 59명 추가되었습니다.
[2026-06-25 18:34:21] 기록 저장 완료 name=임희준 total=164 today=59
[2026-06-25 18:34:23] 대상 완료 name=임희준 total=164/300 today=59/103
[2026-06-25 18:34:27] 다음 가입 예약: 2026-06-25 18:37:07까지 대기
[2026-06-25 18:37:07] 신규 대상 시작 plan={'sex': '여자', 'day': '화목'}
[2026-06-25 18:37:10] 회원가입 시도 1/4
[2026-06-25 18:37:10] 회원가입 시작 sheet=PH plan={'sex': '여자', 'day': '화목'}
[2026-06-25 18:37:16] 회원가입 폼 진입 완료
[2026-06-25 18:37:19] 우편번호 검색 query=경북 포항시 남구 해병로 405 청호하이츠
[2026-06-25 18:37:20] 우편번호 입력 완료 zip=37916 addr=경북 포항시 남구 오천읍 해병로 405 (문덕리, 청호하이츠)
[2026-06-25 18:37:21] 회원가입 제출 클릭 name=이세이 id=stylefree53u school=문덕초등학교
[2026-06-25 18:37:23] 회원가입 알림 name=이세이 id=stylefree53u message=회원 가입하시겠습니까?
[2026-06-25 18:37:23] 회원가입 알림 name=이세이 id=stylefree53u message=회원 가입에 감사드립니다.
[2026-06-25 18:37:33] 회원가입 검증 완료 name=이세이 day=화목 dialogs=['회원 가입하시겠습니까?', '회원 가입에 감사드립니다.']
[2026-06-25 18:37:33] 수강신청 시도 1 name=이세이 id=stylefree53u
[2026-06-25 18:37:33] 수강신청 시작 name=이세이 sheet=PH day=화목
[2026-06-25 18:37:41] PH 과정 선택 완료 day=화목 course_id=2_62 label='' week_filter=True
[2026-06-25 18:37:41] 수강신청 요일 선택 완료 name=이세이 day=화목
[2026-06-25 18:37:43] 수강신청 1차 제출 완료 name=이세이
[2026-06-25 18:37:47] 수강신청 최종 제출 완료 name=이세이
이세이 신청 완료 / 총 165명, 오늘 60명 추가되었습니다.
[2026-06-25 18:37:48] 기록 저장 완료 name=이세이 total=165 today=60
[2026-06-25 18:37:49] 대상 완료 name=이세이 total=165/300 today=60/103
[2026-06-25 18:37:52] 다음 가입 예약: 2026-06-25 18:41:55까지 대기
[2026-06-25 18:41:55] 신규 대상 시작 plan={'sex': '여자', 'day': '화목'}
[2026-06-25 18:41:58] 회원가입 시도 1/4
[2026-06-25 18:41:58] 회원가입 시작 sheet=PH plan={'sex': '여자', 'day': '화목'}
[2026-06-25 18:42:04] 회원가입 폼 진입 완료
[2026-06-25 18:42:06] 우편번호 검색 query=경북 포항시 북구 이인로 56 포항역삼구트리니엔
[2026-06-25 18:42:08] 우편번호 입력 완료 zip=37566 addr=경북 포항시 북구 흥해읍 이인로 56 (이인리, 포항역삼구트리니엔)
[2026-06-25 18:42:10] 회원가입 제출 클릭 name=윤해윤 id=inspirationl74o school=학천초등학교
[2026-06-25 18:42:11] 회원가입 알림 name=윤해윤 id=inspirationl74o message=회원 가입하시겠습니까?
[2026-06-25 18:42:13] 회원가입 알림 name=윤해윤 id=inspirationl74o message=회원 가입에 감사드립니다.
[2026-06-25 18:42:23] 회원가입 검증 완료 name=윤해윤 day=화목 dialogs=['회원 가입하시겠습니까?', '회원 가입에 감사드립니다.']
[2026-06-25 18:42:23] 수강신청 시도 1 name=윤해윤 id=inspirationl74o
[2026-06-25 18:42:23] 수강신청 시작 name=윤해윤 sheet=PH day=화목
[2026-06-25 18:42:31] PH 과정 선택 완료 day=화목 course_id=2_62 label='' week_filter=True
[2026-06-25 18:42:31] 수강신청 요일 선택 완료 name=윤해윤 day=화목
[2026-06-25 18:42:33] 수강신청 1차 제출 완료 name=윤해윤
[2026-06-25 18:42:37] 수강신청 최종 제출 완료 name=윤해윤
윤해윤 신청 완료 / 총 166명, 오늘 61명 추가되었습니다.
[2026-06-25 18:42:39] 기록 저장 완료 name=윤해윤 total=166 today=61
[2026-06-25 18:42:45] 대상 완료 name=윤해윤 total=166/300 today=61/103
[2026-06-25 18:42:48] 다음 가입 예약: 2026-06-25 18:45:32까지 대기
[2026-06-25 18:45:32] 신규 대상 시작 plan={'sex': '여자', 'day': '월수'}
[2026-06-25 18:45:35] 회원가입 시도 1/4
[2026-06-25 18:45:35] 회원가입 시작 sheet=PH plan={'sex': '여자', 'day': '월수'}
[2026-06-25 18:45:40] 회원가입 폼 진입 완료
[2026-06-25 18:45:44] 우편번호 검색 query=경북 포항시 북구 삼호로 391
[2026-06-25 18:45:57] 우편번호 검색 query=경북 포항시 북구 삼호로 391
[2026-06-25 18:45:58] 우편번호 입력 완료 zip=37604 addr=경북 포항시 북구 삼호로 391 (환호동, 환호해맞이그린빌)
[2026-06-25 18:45:59] 회원가입 제출 클릭 name=지예리 id=nevergenius85j school=포항해맞이초등학교
[2026-06-25 18:46:00] 회원가입 알림 name=지예리 id=nevergenius85j message=회원 가입하시겠습니까?
[2026-06-25 18:46:00] 회원가입 알림 name=지예리 id=nevergenius85j message=회원 가입에 감사드립니다.
[2026-06-25 18:46:10] 회원가입 검증 완료 name=지예리 day=월수 dialogs=['회원 가입하시겠습니까?', '회원 가입에 감사드립니다.']
[2026-06-25 18:46:10] 수강신청 시도 1 name=지예리 id=nevergenius85j
[2026-06-25 18:46:10] 수강신청 시작 name=지예리 sheet=PH day=월수
[2026-06-25 18:46:18] PH 과정 선택 완료 day=월수 course_id=1_61 label='' week_filter=True
[2026-06-25 18:46:18] 수강신청 요일 선택 완료 name=지예리 day=월수
[2026-06-25 18:46:20] 수강신청 1차 제출 완료 name=지예리
[2026-06-25 18:46:24] 수강신청 최종 제출 완료 name=지예리
지예리 신청 완료 / 총 167명, 오늘 62명 추가되었습니다.
[2026-06-25 18:46:25] 기록 저장 완료 name=지예리 total=167 today=62
[2026-06-25 18:46:27] 대상 완료 name=지예리 total=167/300 today=62/103
[2026-06-25 18:46:31] 다음 가입 예약: 2026-06-25 18:46:54까지 대기
[2026-06-25 18:46:54] 신규 대상 시작 plan={'sex': '여자', 'day': '화목'}
[2026-06-25 18:46:56] 회원가입 시도 1/4
[2026-06-25 18:46:56] 회원가입 시작 sheet=PH plan={'sex': '여자', 'day': '화목'}
[2026-06-25 18:47:02] 회원가입 폼 진입 완료
[2026-06-25 18:47:04] 우편번호 검색 query=경북 포항시 북구 새천년대로1075번길 10
[2026-06-25 18:47:17] 우편번호 검색 query=경북 포항시 북구 새천년대로1075번길 10
[2026-06-25 18:47:18] 우편번호 입력 완료 zip=37630 addr=경북 포항시 북구 새천년대로1075번길 10 (창포동, 창포주공1단지아파트)
[2026-06-25 18:47:19] 회원가입 제출 클릭 name=이연지 id=naturemoneyr19c school=창포초등학교
[2026-06-25 18:47:20] 회원가입 알림 name=이연지 id=naturemoneyr19c message=회원 가입하시겠습니까?
[2026-06-25 18:47:21] 회원가입 알림 name=이연지 id=naturemoneyr19c message=회원 가입에 감사드립니다.
[2026-06-25 18:47:30] 회원가입 검증 완료 name=이연지 day=화목 dialogs=['회원 가입하시겠습니까?', '회원 가입에 감사드립니다.']
[2026-06-25 18:47:30] 수강신청 시도 1 name=이연지 id=naturemoneyr19c
[2026-06-25 18:47:30] 수강신청 시작 name=이연지 sheet=PH day=화목
[2026-06-25 18:47:38] PH 과정 선택 완료 day=화목 course_id=2_62 label='' week_filter=True
[2026-06-25 18:47:38] 수강신청 요일 선택 완료 name=이연지 day=화목
[2026-06-25 18:47:40] 수강신청 1차 제출 완료 name=이연지
[2026-06-25 18:47:44] 수강신청 최종 제출 완료 name=이연지
이연지 신청 완료 / 총 168명, 오늘 63명 추가되었습니다.
[2026-06-25 18:47:45] 기록 저장 완료 name=이연지 total=168 today=63
[2026-06-25 18:47:47] 대상 완료 name=이연지 total=168/300 today=63/103
[2026-06-25 18:47:50] 다음 가입 예약: 2026-06-25 18:50:12까지 대기
[2026-06-25 18:50:12] 신규 대상 시작 plan={'sex': '여자', 'day': '월수'}
[2026-06-25 18:50:16] 회원가입 시도 1/4
[2026-06-25 18:50:16] 회원가입 시작 sheet=PH plan={'sex': '여자', 'day': '월수'}
[2026-06-25 18:50:23] 회원가입 폼 진입 완료
[2026-06-25 18:50:26] 우편번호 검색 query=경북 포항시 북구 흥해읍 중성로32번길 30-1
[2026-06-25 18:50:27] 우편번호 입력 완료 zip=37545 addr=경북 포항시 북구 흥해읍 중성로32번길 30-1 (남성리, 대동빌라)
[2026-06-25 18:50:28] 회원가입 제출 클릭 name=김유나 id=chilldance81u school=흥해남산초등학교
[2026-06-25 18:50:29] 회원가입 알림 name=김유나 id=chilldance81u message=회원 가입하시겠습니까?
[2026-06-25 18:50:30] 회원가입 알림 name=김유나 id=chilldance81u message=회원 가입에 감사드립니다.
[2026-06-25 18:50:40] 회원가입 검증 완료 name=김유나 day=월수 dialogs=['회원 가입하시겠습니까?', '회원 가입에 감사드립니다.']
[2026-06-25 18:50:40] 수강신청 시도 1 name=김유나 id=chilldance81u
[2026-06-25 18:50:40] 수강신청 시작 name=김유나 sheet=PH day=월수
[2026-06-25 18:50:49] PH 과정 선택 완료 day=월수 course_id=1_61 label='' week_filter=True
[2026-06-25 18:50:49] 수강신청 요일 선택 완료 name=김유나 day=월수
[2026-06-25 18:50:51] 수강신청 1차 제출 완료 name=김유나
[2026-06-25 18:50:54] 수강신청 최종 제출 완료 name=김유나
김유나 신청 완료 / 총 169명, 오늘 64명 추가되었습니다.
[2026-06-25 18:50:55] 기록 저장 완료 name=김유나 total=169 today=64
[2026-06-25 18:50:57] 대상 완료 name=김유나 total=169/300 today=64/103
[2026-06-25 18:51:00] 다음 가입 예약: 2026-06-25 18:51:25까지 대기
[2026-06-25 18:51:25] 신규 대상 시작 plan={'sex': '여자', 'day': '화목'}
[2026-06-25 18:51:28] 회원가입 시도 1/4
[2026-06-25 18:51:28] 회원가입 시작 sheet=PH plan={'sex': '여자', 'day': '화목'}
[2026-06-25 18:51:33] 회원가입 폼 진입 완료
[2026-06-25 18:51:35] 우편번호 검색 query=경북 포항시 북구 흥해읍 남성리 587-1
[2026-06-25 18:51:48] 우편번호 검색 query=경북 포항시 북구 흥해읍 남성리 587-1
[2026-06-25 18:52:00] 우편번호 검색 query=흥해남산초등학교
[2026-06-25 18:52:01] 우편번호 입력 완료 zip=37546 addr=경북 포항시 북구 흥해읍 남미질로 26 (남성리, 흥해남산초등학교)
[2026-06-25 18:52:02] 회원가입 제출 클릭 name=문하경 id=chefrepresez701 school=흥해남산초등학교
[2026-06-25 18:52:03] 회원가입 알림 name=문하경 id=chefrepresez701 message=회원 가입하시겠습니까?
[2026-06-25 18:52:04] 회원가입 알림 name=문하경 id=chefrepresez701 message=회원 가입에 감사드립니다.
[2026-06-25 18:52:14] 회원가입 검증 완료 name=문하경 day=화목 dialogs=['회원 가입하시겠습니까?', '회원 가입에 감사드립니다.']
[2026-06-25 18:52:14] 수강신청 시도 1 name=문하경 id=chefrepresez701
[2026-06-25 18:52:14] 수강신청 시작 name=문하경 sheet=PH day=화목
[2026-06-25 18:52:23] PH 과정 선택 완료 day=화목 course_id=2_62 label='' week_filter=True
[2026-06-25 18:52:23] 수강신청 요일 선택 완료 name=문하경 day=화목
[2026-06-25 18:52:25] 수강신청 1차 제출 완료 name=문하경
[2026-06-25 18:52:29] 수강신청 최종 제출 완료 name=문하경
문하경 신청 완료 / 총 170명, 오늘 65명 추가되었습니다.
[2026-06-25 18:52:31] 기록 저장 완료 name=문하경 total=170 today=65
[2026-06-25 18:52:34] 대상 완료 name=문하경 total=170/300 today=65/103
[2026-06-25 18:52:37] 다음 가입 예약: 2026-06-25 18:53:19까지 대기
[2026-06-25 18:53:19] 신규 대상 시작 plan={'sex': '여자', 'day': '화목'}
[2026-06-25 18:53:22] 회원가입 시도 1/4
[2026-06-25 18:53:22] 회원가입 시작 sheet=PH plan={'sex': '여자', 'day': '화목'}
[2026-06-25 18:53:27] 회원가입 폼 진입 완료
[2026-06-25 18:53:29] 우편번호 검색 query=경북 포항시 북구 창흥로 67
[2026-06-25 18:53:29] 우편번호 검색 실패 query=경북 포항시 북구 창흥로 67 error=Error('Locator.count: Execution context was destroyed, most likely because of a navigation')
[2026-06-25 18:53:31] 우편번호 검색 query=경북 포항시 북구 창흥로 67
[2026-06-25 18:53:32] 우편번호 입력 완료 zip=37632 addr=경북 포항시 북구 창흥로 67 (창포동, 두호주공2차아파트)
[2026-06-25 18:53:32] 회원가입 제출 클릭 name=정서우 id=artliquidy208 school=포항중앙초등학교
[2026-06-25 18:53:33] 회원가입 알림 name=정서우 id=artliquidy208 message=회원 가입하시겠습니까?
[2026-06-25 18:53:34] 회원가입 알림 name=정서우 id=artliquidy208 message=회원 가입에 감사드립니다.
[2026-06-25 18:53:44] 회원가입 검증 완료 name=정서우 day=화목 dialogs=['회원 가입하시겠습니까?', '회원 가입에 감사드립니다.']
[2026-06-25 18:53:44] 수강신청 시도 1 name=정서우 id=artliquidy208
[2026-06-25 18:53:44] 수강신청 시작 name=정서우 sheet=PH day=화목
[2026-06-25 18:53:52] PH 과정 선택 완료 day=화목 course_id=2_62 label='' week_filter=True
[2026-06-25 18:53:52] 수강신청 요일 선택 완료 name=정서우 day=화목
[2026-06-25 18:53:54] 수강신청 1차 제출 완료 name=정서우
[2026-06-25 18:53:58] 수강신청 최종 제출 완료 name=정서우
정서우 신청 완료 / 총 171명, 오늘 66명 추가되었습니다.
[2026-06-25 18:53:59] 기록 저장 완료 name=정서우 total=171 today=66
[2026-06-25 18:54:01] 대상 완료 name=정서우 total=171/300 today=66/103
[2026-06-25 18:54:03] 다음 가입 예약: 2026-06-25 18:55:36까지 대기
[2026-06-25 18:55:36] 신규 대상 시작 plan={'sex': '여자', 'day': '화목'}
[2026-06-25 18:55:38] 회원가입 시도 1/4
[2026-06-25 18:55:38] 회원가입 시작 sheet=PH plan={'sex': '여자', 'day': '화목'}
[2026-06-25 18:55:43] 회원가입 폼 진입 완료
[2026-06-25 18:55:46] 우편번호 검색 query=경북 포항시 북구 삼호로 391
[2026-06-25 18:55:47] 우편번호 입력 완료 zip=37604 addr=경북 포항시 북구 삼호로 391 (환호동, 환호해맞이그린빌)
[2026-06-25 18:55:49] 회원가입 제출 클릭 name=김제인 id=historianari255 school=포항해맞이초등학교
[2026-06-25 18:55:50] 회원가입 알림 name=김제인 id=historianari255 message=회원 가입하시겠습니까?
[2026-06-25 18:55:50] 회원가입 알림 name=김제인 id=historianari255 message=회원 가입에 감사드립니다.
[2026-06-25 18:56:00] 회원가입 검증 완료 name=김제인 day=화목 dialogs=['회원 가입하시겠습니까?', '회원 가입에 감사드립니다.']
[2026-06-25 18:56:00] 수강신청 시도 1 name=김제인 id=historianari255
[2026-06-25 18:56:00] 수강신청 시작 name=김제인 sheet=PH day=화목
[2026-06-25 18:56:09] PH 과정 선택 완료 day=화목 course_id=2_62 label='' week_filter=True
[2026-06-25 18:56:09] 수강신청 요일 선택 완료 name=김제인 day=화목
[2026-06-25 18:56:11] 수강신청 1차 제출 완료 name=김제인
[2026-06-25 18:56:16] 수강신청 최종 제출 완료 name=김제인
김제인 신청 완료 / 총 172명, 오늘 67명 추가되었습니다.
[2026-06-25 18:56:17] 기록 저장 완료 name=김제인 total=172 today=67
[2026-06-25 18:56:20] 대상 완료 name=김제인 total=172/300 today=67/103
[2026-06-25 18:56:24] 다음 가입 예약: 2026-06-25 19:01:05까지 대기
[2026-06-25 19:01:05] 신규 대상 시작 plan={'sex': '남자', 'day': '화목'}
[2026-06-25 19:01:08] 회원가입 시도 1/4
[2026-06-25 19:01:08] 회원가입 시작 sheet=PH plan={'sex': '남자', 'day': '화목'}
[2026-06-25 19:01:14] 회원가입 폼 진입 완료
[2026-06-25 19:01:17] 우편번호 검색 query=경북 포항시 남구 오천읍 냉천로 340
[2026-06-25 19:01:17] 우편번호 검색 실패 query=경북 포항시 남구 오천읍 냉천로 340 error=Error('Locator.count: Execution context was destroyed, most likely because of a navigation')
[2026-06-25 19:01:18] 우편번호 검색 query=경북 포항시 남구 오천읍 냉천로 340
[2026-06-25 19:01:18] 주소 지역 불일치 query=경북 포항시 남구 오천읍 냉천로 340 result=대구 군위군 군위읍 내외량길 340
[2026-06-25 19:01:18] 우편번호 검색 query=문덕초등학교
[2026-06-25 19:01:19] 우편번호 입력 완료 zip=37886 addr=경북 포항시 남구 오천읍 냉천로 340 (문덕리, 대궁꿈마을아파트)
[2026-06-25 19:01:20] 회원가입 제출 클릭 name=김태성 id=signalfashi5562 school=문덕초등학교
[2026-06-25 19:01:21] 회원가입 알림 name=김태성 id=signalfashi5562 message=회원 가입하시겠습니까?
[2026-06-25 19:01:22] 회원가입 알림 name=김태성 id=signalfashi5562 message=회원 가입에 감사드립니다.
[2026-06-25 19:01:31] 회원가입 검증 완료 name=김태성 day=화목 dialogs=['회원 가입하시겠습니까?', '회원 가입에 감사드립니다.']
[2026-06-25 19:01:31] 수강신청 시도 1 name=김태성 id=signalfashi5562
[2026-06-25 19:01:31] 수강신청 시작 name=김태성 sheet=PH day=화목
[2026-06-25 19:01:40] PH 과정 선택 완료 day=화목 course_id=2_62 label='' week_filter=True
[2026-06-25 19:01:40] 수강신청 요일 선택 완료 name=김태성 day=화목
[2026-06-25 19:01:42] 수강신청 1차 제출 완료 name=김태성
[2026-06-25 19:01:45] 수강신청 최종 제출 완료 name=김태성
김태성 신청 완료 / 총 173명, 오늘 68명 추가되었습니다.
[2026-06-25 19:01:46] 기록 저장 완료 name=김태성 total=173 today=68
[2026-06-25 19:01:48] 대상 완료 name=김태성 total=173/300 today=68/103
[2026-06-25 19:01:51] 다음 가입 예약: 2026-06-25 19:02:39까지 대기
[2026-06-25 19:02:39] 신규 대상 시작 plan={'sex': '여자', 'day': '화목'}
[2026-06-25 19:02:42] 회원가입 시도 1/4
[2026-06-25 19:02:42] 회원가입 시작 sheet=PH plan={'sex': '여자', 'day': '화목'}
[2026-06-25 19:02:47] 회원가입 폼 진입 완료
[2026-06-25 19:02:49] 우편번호 검색 query=경북 포항시 북구 우미길 90
[2026-06-25 19:02:49] 우편번호 검색 실패 query=경북 포항시 북구 우미길 90 error=Error('Locator.count: Execution context was destroyed, most likely because of a navigation')
[2026-06-25 19:02:51] 우편번호 검색 query=경북 포항시 북구 우미길 90
[2026-06-25 19:02:58] 우편번호 검색 query=포항대흥초등학교
[2026-06-25 19:02:59] 우편번호 입력 완료 zip=37646 addr=경북 포항시 북구 용흥로292번길 33 (용흥동, 대흥초등학교)
[2026-06-25 19:03:00] 회원가입 제출 클릭 name=최채은 id=wisekindl416 school=포항대흥초등학교
[2026-06-25 19:03:01] 회원가입 알림 name=최채은 id=wisekindl416 message=회원 가입하시겠습니까?
[2026-06-25 19:03:02] 회원가입 알림 name=최채은 id=wisekindl416 message=회원 가입에 감사드립니다.
[2026-06-25 19:03:11] 회원가입 검증 완료 name=최채은 day=화목 dialogs=['회원 가입하시겠습니까?', '회원 가입에 감사드립니다.']
[2026-06-25 19:03:11] 수강신청 시도 1 name=최채은 id=wisekindl416
[2026-06-25 19:03:11] 수강신청 시작 name=최채은 sheet=PH day=화목
[2026-06-25 19:03:20] PH 과정 선택 완료 day=화목 course_id=2_62 label='' week_filter=True
[2026-06-25 19:03:20] 수강신청 요일 선택 완료 name=최채은 day=화목
[2026-06-25 19:03:22] 수강신청 1차 제출 완료 name=최채은
[2026-06-25 19:03:26] 수강신청 최종 제출 완료 name=최채은
최채은 신청 완료 / 총 174명, 오늘 69명 추가되었습니다.
[2026-06-25 19:03:27] 기록 저장 완료 name=최채은 total=174 today=69
[2026-06-25 19:03:28] 대상 완료 name=최채은 total=174/300 today=69/103
[2026-06-25 19:03:31] 다음 가입 예약: 2026-06-25 19:09:50까지 대기
[2026-06-25 19:09:50] 신규 대상 시작 plan={'sex': '남자', 'day': '화목'}
[2026-06-25 19:09:53] 회원가입 시도 1/4
[2026-06-25 19:09:53] 회원가입 시작 sheet=PH plan={'sex': '남자', 'day': '화목'}
[2026-06-25 19:09:59] 회원가입 폼 진입 완료
[2026-06-25 19:10:02] 우편번호 검색 query=경북 포항시 북구 삼흥로32번길 5
[2026-06-25 19:10:02] 우편번호 검색 실패 query=경북 포항시 북구 삼흥로32번길 5 error=Error('Locator.count: Execution context was destroyed, most likely because of a navigation')
[2026-06-25 19:10:03] 우편번호 검색 query=경북 포항시 북구 삼흥로32번길 5
[2026-06-25 19:10:03] 주소 지역 불일치 query=경북 포항시 북구 삼흥로32번길 5 result=경북 경주시 한빛길32번길 5
[2026-06-25 19:10:04] 우편번호 검색 query=포항동부초등학교
[2026-06-25 19:10:04] 우편번호 입력 완료 zip=37620 addr=경북 포항시 북구 삼호로 273 (두호동, 포항동부초등학교)
[2026-06-25 19:10:06] 회원가입 제출 클릭 name=최이루 id=connectorguc29x school=포항동부초등학교
[2026-06-25 19:10:07] 회원가입 알림 name=최이루 id=connectorguc29x message=회원 가입하시겠습니까?
[2026-06-25 19:10:08] 회원가입 알림 name=최이루 id=connectorguc29x message=회원 가입하시겠습니까?
[2026-06-25 19:10:08] 회원가입 알림 name=최이루 id=connectorguc29x message=회원 가입에 감사드립니다.
[2026-06-25 19:10:20] 회원가입 검증 완료 name=최이루 day=화목 dialogs=['회원 가입하시겠습니까?', '회원 가입하시겠습니까?', '회원 가입에 감사드립니다.']
[2026-06-25 19:10:20] 수강신청 시도 1 name=최이루 id=connectorguc29x
[2026-06-25 19:10:20] 수강신청 시작 name=최이루 sheet=PH day=화목
[2026-06-25 19:10:30] PH 과정 선택 완료 day=화목 course_id=2_62 label='' week_filter=True
[2026-06-25 19:10:30] 수강신청 요일 선택 완료 name=최이루 day=화목
[2026-06-25 19:10:32] 수강신청 1차 제출 완료 name=최이루
[2026-06-25 19:10:37] 수강신청 최종 제출 완료 name=최이루
최이루 신청 완료 / 총 175명, 오늘 70명 추가되었습니다.
[2026-06-25 19:10:39] 기록 저장 완료 name=최이루 total=175 today=70
[2026-06-25 19:10:40] 대상 완료 name=최이루 total=175/300 today=70/103
[2026-06-25 19:10:43] 다음 가입 예약: 2026-06-25 19:12:39까지 대기
[2026-06-25 19:12:39] 신규 대상 시작 plan={'sex': '남자', 'day': '화목'}
[2026-06-25 19:12:42] 회원가입 시도 1/4
[2026-06-25 19:12:42] 회원가입 시작 sheet=PH plan={'sex': '남자', 'day': '화목'}
[2026-06-25 19:12:48] 회원가입 폼 진입 완료
[2026-06-25 19:12:50] 우편번호 검색 query=경북 포항시 북구 성실로 50
[2026-06-25 19:13:03] 우편번호 검색 query=경북 포항시 북구 성실로 50
[2026-06-25 19:13:04] 우편번호 입력 완료 zip=37615 addr=경북 포항시 북구 성실로 50 (장성동, 현진에버빌2단지아파트)
[2026-06-25 19:13:05] 회원가입 제출 클릭 name=유서한 id=hongliquide184 school=장량초등학교
[2026-06-25 19:13:06] 회원가입 알림 name=유서한 id=hongliquide184 message=회원 가입하시겠습니까?
[2026-06-25 19:13:07] 회원가입 알림 name=유서한 id=hongliquide184 message=회원 가입에 감사드립니다.
[2026-06-25 19:13:16] 회원가입 검증 완료 name=유서한 day=화목 dialogs=['회원 가입하시겠습니까?', '회원 가입에 감사드립니다.']
[2026-06-25 19:13:16] 수강신청 시도 1 name=유서한 id=hongliquide184
[2026-06-25 19:13:16] 수강신청 시작 name=유서한 sheet=PH day=화목
[2026-06-25 19:13:24] PH 과정 선택 완료 day=화목 course_id=2_62 label='' week_filter=True
[2026-06-25 19:13:24] 수강신청 요일 선택 완료 name=유서한 day=화목
[2026-06-25 19:13:26] 수강신청 1차 제출 완료 name=유서한
[2026-06-25 19:13:30] 수강신청 최종 제출 완료 name=유서한
유서한 신청 완료 / 총 176명, 오늘 71명 추가되었습니다.
[2026-06-25 19:13:31] 기록 저장 완료 name=유서한 total=176 today=71
[2026-06-25 19:13:33] 대상 완료 name=유서한 total=176/300 today=71/103
[2026-06-25 19:13:35] 다음 가입 예약: 2026-06-25 19:13:37까지 대기
[2026-06-25 19:13:37] 신규 대상 시작 plan={'sex': '남자', 'day': '화목'}
[2026-06-25 19:13:40] 회원가입 시도 1/4
[2026-06-25 19:13:40] 회원가입 시작 sheet=PH plan={'sex': '남자', 'day': '화목'}
[2026-06-25 19:13:45] 회원가입 폼 진입 완료
[2026-06-25 19:13:47] 우편번호 검색 query=경북 포항시 북구 흥해읍 남성리 587-1
[2026-06-25 19:14:00] 우편번호 검색 query=경북 포항시 북구 흥해읍 남성리 587-1
[2026-06-25 19:14:13] 우편번호 검색 query=흥해남산초등학교
[2026-06-25 19:14:14] 우편번호 입력 완료 zip=37546 addr=경북 포항시 북구 흥해읍 남미질로 26 (남성리, 흥해남산초등학교)
[2026-06-25 19:14:15] 회원가입 제출 클릭 name=정한준 id=happinessnic66j school=흥해남산초등학교
[2026-06-25 19:14:16] 회원가입 알림 name=정한준 id=happinessnic66j message=회원 가입하시겠습니까?
[2026-06-25 19:14:17] 회원가입 알림 name=정한준 id=happinessnic66j message=회원 가입에 감사드립니다.
[2026-06-25 19:14:27] 회원가입 검증 완료 name=정한준 day=화목 dialogs=['회원 가입하시겠습니까?', '회원 가입에 감사드립니다.']
[2026-06-25 19:14:27] 수강신청 시도 1 name=정한준 id=happinessnic66j
[2026-06-25 19:14:27] 수강신청 시작 name=정한준 sheet=PH day=화목
[2026-06-25 19:14:35] PH 과정 선택 완료 day=화목 course_id=2_62 label='' week_filter=True
[2026-06-25 19:14:35] 수강신청 요일 선택 완료 name=정한준 day=화목
[2026-06-25 19:14:37] 수강신청 1차 제출 완료 name=정한준
[2026-06-25 19:14:41] 수강신청 최종 제출 완료 name=정한준
정한준 신청 완료 / 총 177명, 오늘 72명 추가되었습니다.
[2026-06-25 19:14:42] 기록 저장 완료 name=정한준 total=177 today=72
[2026-06-25 19:14:44] 대상 완료 name=정한준 total=177/300 today=72/103
[2026-06-25 19:14:47] 다음 가입 예약: 2026-06-25 19:16:40까지 대기
[2026-06-25 19:16:40] 신규 대상 시작 plan={'sex': '여자', 'day': '화목'}
[2026-06-25 19:16:43] 회원가입 시도 1/4
[2026-06-25 19:16:43] 회원가입 시작 sheet=PH plan={'sex': '여자', 'day': '화목'}
[2026-06-25 19:16:48] 회원가입 폼 진입 완료
[2026-06-25 19:16:51] 우편번호 검색 query=경북 포항시 북구 흥해읍 이인리 927-61
[2026-06-25 19:16:52] 우편번호 입력 완료 zip=37566 addr=경북 포항시 북구 흥해읍 달전로 365 (이인리, 삼도드림파크)
[2026-06-25 19:16:54] 회원가입 제출 클릭 name=김나연 id=determinedma59o school=달전초등학교
[2026-06-25 19:16:55] 회원가입 알림 name=김나연 id=determinedma59o message=회원 가입하시겠습니까?
[2026-06-25 19:16:55] 회원가입 알림 name=김나연 id=determinedma59o message=회원 가입에 감사드립니다.
[2026-06-25 19:17:05] 회원가입 검증 완료 name=김나연 day=화목 dialogs=['회원 가입하시겠습니까?', '회원 가입에 감사드립니다.']
[2026-06-25 19:17:05] 수강신청 시도 1 name=김나연 id=determinedma59o
[2026-06-25 19:17:05] 수강신청 시작 name=김나연 sheet=PH day=화목
[2026-06-25 19:17:14] PH 과정 선택 완료 day=화목 course_id=2_62 label='' week_filter=True
[2026-06-25 19:17:14] 수강신청 요일 선택 완료 name=김나연 day=화목
[2026-06-25 19:17:16] 수강신청 1차 제출 완료 name=김나연
[2026-06-25 19:17:19] 수강신청 최종 제출 완료 name=김나연
김나연 신청 완료 / 총 178명, 오늘 73명 추가되었습니다.
[2026-06-25 19:17:20] 기록 저장 완료 name=김나연 total=178 today=73
[2026-06-25 19:17:22] 대상 완료 name=김나연 total=178/300 today=73/103
[2026-06-25 19:17:25] 다음 가입 예약: 2026-06-25 19:20:23까지 대기
[2026-06-25 19:20:23] 신규 대상 시작 plan={'sex': '남자', 'day': '화목'}
[2026-06-25 19:20:27] 회원가입 시도 1/4
[2026-06-25 19:20:27] 회원가입 시작 sheet=PH plan={'sex': '남자', 'day': '화목'}
[2026-06-25 19:20:35] 회원가입 폼 진입 완료
[2026-06-25 19:20:38] 우편번호 검색 query=경북 포항시 북구 새천년대로1075번길 10
[2026-06-25 19:20:51] 우편번호 검색 query=경북 포항시 북구 새천년대로1075번길 10
[2026-06-25 19:20:52] 우편번호 입력 완료 zip=37630 addr=경북 포항시 북구 새천년대로1075번길 10 (창포동, 창포주공1단지아파트)
[2026-06-25 19:20:53] 회원가입 제출 클릭 name=이호연 id=passionatete17b school=창포초등학교
[2026-06-25 19:20:54] 회원가입 알림 name=이호연 id=passionatete17b message=회원 가입하시겠습니까?
[2026-06-25 19:20:55] 회원가입 알림 name=이호연 id=passionatete17b message=회원 가입에 감사드립니다.
[2026-06-25 19:21:04] 회원가입 검증 완료 name=이호연 day=화목 dialogs=['회원 가입하시겠습니까?', '회원 가입에 감사드립니다.']
[2026-06-25 19:21:04] 수강신청 시도 1 name=이호연 id=passionatete17b
[2026-06-25 19:21:04] 수강신청 시작 name=이호연 sheet=PH day=화목
[2026-06-25 19:21:12] PH 과정 선택 완료 day=화목 course_id=2_62 label='' week_filter=True
[2026-06-25 19:21:12] 수강신청 요일 선택 완료 name=이호연 day=화목
[2026-06-25 19:21:14] 수강신청 1차 제출 완료 name=이호연
[2026-06-25 19:21:18] 수강신청 최종 제출 완료 name=이호연
이호연 신청 완료 / 총 179명, 오늘 74명 추가되었습니다.
[2026-06-25 19:21:19] 기록 저장 완료 name=이호연 total=179 today=74
[2026-06-25 19:21:21] 대상 완료 name=이호연 total=179/300 today=74/103
[2026-06-25 19:21:23] 다음 가입 예약: 2026-06-25 19:24:34까지 대기
[2026-06-25 19:24:34] 신규 대상 시작 plan={'sex': '여자', 'day': '화목'}
[2026-06-25 19:24:38] 회원가입 시도 1/4
[2026-06-25 19:24:38] 회원가입 시작 sheet=PH plan={'sex': '여자', 'day': '화목'}
[2026-06-25 19:24:43] 회원가입 폼 진입 완료
[2026-06-25 19:24:46] 우편번호 검색 query=경북 포항시 남구 오천읍 해병로489번길 9
[2026-06-25 19:24:46] 우편번호 검색 실패 query=경북 포항시 남구 오천읍 해병로489번길 9 error=Error('Locator.count: Execution context was destroyed, most likely because of a navigation')
[2026-06-25 19:24:48] 우편번호 검색 query=경북 포항시 남구 오천읍 해병로489번길 9
[2026-06-25 19:24:49] 우편번호 입력 완료 zip=37917 addr=경북 포항시 남구 오천읍 해병로489번길 9 (문덕리, 신문덕코아루 아파트)
[2026-06-25 19:24:50] 회원가입 제출 클릭 name=김사랑 id=artdevelope9754 school=포항원동초등학교
[2026-06-25 19:24:51] 회원가입 알림 name=김사랑 id=artdevelope9754 message=회원 가입하시겠습니까?
[2026-06-25 19:24:52] 회원가입 알림 name=김사랑 id=artdevelope9754 message=회원 가입에 감사드립니다.
[2026-06-25 19:25:02] 회원가입 검증 완료 name=김사랑 day=화목 dialogs=['회원 가입하시겠습니까?', '회원 가입에 감사드립니다.']
[2026-06-25 19:25:02] 수강신청 시도 1 name=김사랑 id=artdevelope9754
[2026-06-25 19:25:02] 수강신청 시작 name=김사랑 sheet=PH day=화목
[2026-06-25 19:25:10] PH 과정 선택 완료 day=화목 course_id=2_62 label='' week_filter=True
[2026-06-25 19:25:10] 수강신청 요일 선택 완료 name=김사랑 day=화목
[2026-06-25 19:25:12] 수강신청 1차 제출 완료 name=김사랑
[2026-06-25 19:25:15] 수강신청 최종 제출 완료 name=김사랑
김사랑 신청 완료 / 총 180명, 오늘 75명 추가되었습니다.
[2026-06-25 19:25:16] 기록 저장 완료 name=김사랑 total=180 today=75
[2026-06-25 19:25:18] 대상 완료 name=김사랑 total=180/300 today=75/103
[2026-06-25 19:25:21] 다음 가입 예약: 2026-06-25 19:26:30까지 대기
[2026-06-25 19:26:30] 신규 대상 시작 plan={'sex': '여자', 'day': '월수'}
[2026-06-25 19:26:33] 회원가입 시도 1/4
[2026-06-25 19:26:33] 회원가입 시작 sheet=PH plan={'sex': '여자', 'day': '월수'}
[2026-06-25 19:26:39] 회원가입 폼 진입 완료
[2026-06-25 19:26:43] 우편번호 검색 query=경북 포항시 남구 오천읍 남원로 85 2차부영아파트
[2026-06-25 19:26:44] 우편번호 입력 완료 zip=37883 addr=경북 포항시 남구 오천읍 남원로 85 (원리, 2차부영아파트)
[2026-06-25 19:26:45] 회원가입 제출 클릭 name=한연수 id=gamingtwittj759 school=포항원동초등학교
[2026-06-25 19:26:46] 회원가입 알림 name=한연수 id=gamingtwittj759 message=회원 가입하시겠습니까?
[2026-06-25 19:26:47] 회원가입 알림 name=한연수 id=gamingtwittj759 message=회원 가입에 감사드립니다.
[2026-06-25 19:26:56] 회원가입 검증 완료 name=한연수 day=월수 dialogs=['회원 가입하시겠습니까?', '회원 가입에 감사드립니다.']
[2026-06-25 19:26:56] 수강신청 시도 1 name=한연수 id=gamingtwittj759
[2026-06-25 19:26:56] 수강신청 시작 name=한연수 sheet=PH day=월수
[2026-06-25 19:27:04] PH 과정 선택 완료 day=월수 course_id=1_61 label='' week_filter=True
[2026-06-25 19:27:04] 수강신청 요일 선택 완료 name=한연수 day=월수
[2026-06-25 19:27:06] 수강신청 1차 제출 완료 name=한연수
[2026-06-25 19:27:10] 수강신청 최종 제출 완료 name=한연수
한연수 신청 완료 / 총 181명, 오늘 76명 추가되었습니다.
[2026-06-25 19:27:11] 기록 저장 완료 name=한연수 total=181 today=76
[2026-06-25 19:27:13] 대상 완료 name=한연수 total=181/300 today=76/103
[2026-06-25 19:27:16] 다음 가입 예약: 2026-06-25 19:32:26까지 대기
[2026-06-25 19:32:26] 신규 대상 시작 plan={'sex': '남자', 'day': '화목'}
[2026-06-25 19:32:30] 회원가입 시도 1/4
[2026-06-25 19:32:30] 회원가입 시작 sheet=PH plan={'sex': '남자', 'day': '화목'}
[2026-06-25 19:32:36] 회원가입 폼 진입 완료
[2026-06-25 19:32:39] 우편번호 검색 query=경북 포항시 남구 지곡로 294
[2026-06-25 19:32:52] 우편번호 검색 query=경북 포항시 남구 지곡로 294
[2026-06-25 19:32:53] 우편번호 입력 완료 zip=37669 addr=경북 포항시 남구 지곡로 294 (지곡동, 효자그린아파트)
[2026-06-25 19:32:54] 회원가입 제출 클릭 name=김강민 id=technologynj986 school=달전초등학교
[2026-06-25 19:32:55] 회원가입 알림 name=김강민 id=technologynj986 message=회원 가입하시겠습니까?
[2026-06-25 19:32:56] 회원가입 알림 name=김강민 id=technologynj986 message=회원 가입에 감사드립니다.
[2026-06-25 19:33:06] 회원가입 검증 완료 name=김강민 day=화목 dialogs=['회원 가입하시겠습니까?', '회원 가입에 감사드립니다.']
[2026-06-25 19:33:06] 수강신청 시도 1 name=김강민 id=technologynj986
[2026-06-25 19:33:06] 수강신청 시작 name=김강민 sheet=PH day=화목
[2026-06-25 19:33:14] PH 과정 선택 완료 day=화목 course_id=2_62 label='' week_filter=True
[2026-06-25 19:33:14] 수강신청 요일 선택 완료 name=김강민 day=화목
[2026-06-25 19:33:16] 수강신청 1차 제출 완료 name=김강민
[2026-06-25 19:33:20] 수강신청 최종 제출 완료 name=김강민
김강민 신청 완료 / 총 182명, 오늘 77명 추가되었습니다.
[2026-06-25 19:33:20] 기록 저장 완료 name=김강민 total=182 today=77
[2026-06-25 19:33:22] 대상 완료 name=김강민 total=182/300 today=77/103
[2026-06-25 19:33:25] 다음 가입 예약: 2026-06-25 19:37:42까지 대기
[2026-06-25 19:37:42] 신규 대상 시작 plan={'sex': '여자', 'day': '화목'}
[2026-06-25 19:37:45] 회원가입 시도 1/4
[2026-06-25 19:37:45] 회원가입 시작 sheet=PH plan={'sex': '여자', 'day': '화목'}
[2026-06-25 19:37:50] 회원가입 폼 진입 완료
[2026-06-25 19:37:52] 우편번호 검색 query=경북 포항시 북구 흥해읍 남성리 587-1
[2026-06-25 19:38:05] 우편번호 검색 query=경북 포항시 북구 흥해읍 남성리 587-1
[2026-06-25 19:38:18] 우편번호 검색 query=흥해남산초등학교
[2026-06-25 19:38:19] 우편번호 입력 완료 zip=37546 addr=경북 포항시 북구 흥해읍 남미질로 26 (남성리, 흥해남산초등학교)
[2026-06-25 19:38:20] 회원가입 제출 클릭 name=오인아 id=charmingyou8015 school=흥해남산초등학교
[2026-06-25 19:38:21] 회원가입 알림 name=오인아 id=charmingyou8015 message=회원 가입하시겠습니까?
[2026-06-25 19:38:22] 회원가입 알림 name=오인아 id=charmingyou8015 message=회원 가입에 감사드립니다.
[2026-06-25 19:38:33] 회원가입 검증 완료 name=오인아 day=화목 dialogs=['회원 가입하시겠습니까?', '회원 가입에 감사드립니다.']
[2026-06-25 19:38:33] 수강신청 시도 1 name=오인아 id=charmingyou8015
[2026-06-25 19:38:33] 수강신청 시작 name=오인아 sheet=PH day=화목
[2026-06-25 19:38:41] PH 과정 선택 완료 day=화목 course_id=2_62 label='' week_filter=True
[2026-06-25 19:38:41] 수강신청 요일 선택 완료 name=오인아 day=화목
[2026-06-25 19:38:43] 수강신청 1차 제출 완료 name=오인아
[2026-06-25 19:38:47] 수강신청 최종 제출 완료 name=오인아
오인아 신청 완료 / 총 183명, 오늘 78명 추가되었습니다.
[2026-06-25 19:38:48] 기록 저장 완료 name=오인아 total=183 today=78
[2026-06-25 19:38:49] 대상 완료 name=오인아 total=183/300 today=78/103
[2026-06-25 19:38:52] 다음 가입 예약: 2026-06-25 19:42:46까지 대기
[2026-06-25 19:42:46] 신규 대상 시작 plan={'sex': '여자', 'day': '화목'}
[2026-06-25 19:42:49] 회원가입 시도 1/4
[2026-06-25 19:42:49] 회원가입 시작 sheet=PH plan={'sex': '여자', 'day': '화목'}
[2026-06-25 19:42:54] 회원가입 폼 진입 완료
[2026-06-25 19:42:57] 우편번호 검색 query=경북 포항시 북구 용흥동 포항우방타운
[2026-06-25 19:43:10] 우편번호 검색 query=경북 포항시 북구 용흥동 포항우방타운
[2026-06-25 19:43:11] 우편번호 입력 완료 zip=37650 addr=경북 포항시 북구 대안길 56 (용흥동, 우방타운)
[2026-06-25 19:43:12] 회원가입 제출 클릭 name=배가민 id=brightcultur52w school=포항대흥초등학교
[2026-06-25 19:43:13] 회원가입 알림 name=배가민 id=brightcultur52w message=회원 가입하시겠습니까?
[2026-06-25 19:43:13] 회원가입 알림 name=배가민 id=brightcultur52w message=회원 가입에 감사드립니다.
[2026-06-25 19:43:23] 회원가입 검증 완료 name=배가민 day=화목 dialogs=['회원 가입하시겠습니까?', '회원 가입에 감사드립니다.']
[2026-06-25 19:43:23] 수강신청 시도 1 name=배가민 id=brightcultur52w
[2026-06-25 19:43:23] 수강신청 시작 name=배가민 sheet=PH day=화목
[2026-06-25 19:43:31] PH 과정 선택 완료 day=화목 course_id=2_62 label='' week_filter=True
[2026-06-25 19:43:31] 수강신청 요일 선택 완료 name=배가민 day=화목
[2026-06-25 19:43:33] 수강신청 1차 제출 완료 name=배가민
[2026-06-25 19:43:37] 수강신청 최종 제출 완료 name=배가민
배가민 신청 완료 / 총 184명, 오늘 79명 추가되었습니다.
[2026-06-25 19:43:38] 기록 저장 완료 name=배가민 total=184 today=79
[2026-06-25 19:43:40] 대상 완료 name=배가민 total=184/300 today=79/103
[2026-06-25 19:43:42] 다음 가입 예약: 2026-06-25 19:48:04까지 대기
[2026-06-25 19:48:04] 신규 대상 시작 plan={'sex': '남자', 'day': '화목'}
[2026-06-25 19:48:08] 회원가입 시도 1/4
[2026-06-25 19:48:08] 회원가입 시작 sheet=PH plan={'sex': '남자', 'day': '화목'}
[2026-06-25 19:48:15] 회원가입 폼 진입 완료
[2026-06-25 19:48:18] 우편번호 검색 query=경북 포항시 북구 이인로 56 포항역삼구트리니엔
[2026-06-25 19:48:19] 우편번호 입력 완료 zip=37566 addr=경북 포항시 북구 흥해읍 이인로 56 (이인리, 포항역삼구트리니엔)
[2026-06-25 19:48:21] 회원가입 제출 클릭 name=최승주 id=adventurerr2029 school=학천초등학교
[2026-06-25 19:48:22] 회원가입 알림 name=최승주 id=adventurerr2029 message=회원 가입하시겠습니까?
[2026-06-25 19:48:22] 회원가입 알림 name=최승주 id=adventurerr2029 message=회원 가입에 감사드립니다.
[2026-06-25 19:48:33] 회원가입 검증 완료 name=최승주 day=화목 dialogs=['회원 가입하시겠습니까?', '회원 가입에 감사드립니다.']
[2026-06-25 19:48:33] 수강신청 시도 1 name=최승주 id=adventurerr2029
[2026-06-25 19:48:33] 수강신청 시작 name=최승주 sheet=PH day=화목
[2026-06-25 19:48:41] PH 과정 선택 완료 day=화목 course_id=2_62 label='' week_filter=True
[2026-06-25 19:48:41] 수강신청 요일 선택 완료 name=최승주 day=화목
[2026-06-25 19:48:43] 수강신청 1차 제출 완료 name=최승주
[2026-06-25 19:48:47] 수강신청 최종 제출 완료 name=최승주
최승주 신청 완료 / 총 185명, 오늘 80명 추가되었습니다.
[2026-06-25 19:48:48] 기록 저장 완료 name=최승주 total=185 today=80
[2026-06-25 19:48:50] 대상 완료 name=최승주 total=185/300 today=80/103
[2026-06-25 19:48:52] 다음 가입 예약: 2026-06-25 19:50:06까지 대기
[2026-06-25 19:50:06] 신규 대상 시작 plan={'sex': '남자', 'day': '화목'}
[2026-06-25 19:50:11] 회원가입 시도 1/4
[2026-06-25 19:50:11] 회원가입 시작 sheet=PH plan={'sex': '남자', 'day': '화목'}
[2026-06-25 19:50:18] 회원가입 폼 진입 완료
[2026-06-25 19:50:21] 우편번호 검색 query=경북 포항시 북구 우미길 90
[2026-06-25 19:50:23] 우편번호 입력 완료 zip=37647 addr=경북 포항시 북구 우미길 90 (용흥동, 해원하나로타운)
[2026-06-25 19:50:25] 회원가입 제출 클릭 name=김훈 id=laughterempa90x school=포항대흥초등학교
[2026-06-25 19:50:26] 회원가입 알림 name=김훈 id=laughterempa90x message=회원 가입하시겠습니까?
[2026-06-25 19:50:27] 회원가입 알림 name=김훈 id=laughterempa90x message=회원 가입에 감사드립니다.
[2026-06-25 19:50:37] 회원가입 검증 완료 name=김훈 day=화목 dialogs=['회원 가입하시겠습니까?', '회원 가입에 감사드립니다.']
[2026-06-25 19:50:37] 수강신청 시도 1 name=김훈 id=laughterempa90x
[2026-06-25 19:50:37] 수강신청 시작 name=김훈 sheet=PH day=화목
[2026-06-25 19:50:46] PH 과정 선택 완료 day=화목 course_id=2_62 label='' week_filter=True
[2026-06-25 19:50:46] 수강신청 요일 선택 완료 name=김훈 day=화목
[2026-06-25 19:50:48] 수강신청 1차 제출 완료 name=김훈
[2026-06-25 19:50:52] 수강신청 최종 제출 완료 name=김훈
김훈 신청 완료 / 총 186명, 오늘 81명 추가되었습니다.
[2026-06-25 19:50:53] 기록 저장 완료 name=김훈 total=186 today=81
[2026-06-25 19:50:54] 대상 완료 name=김훈 total=186/300 today=81/103
[2026-06-25 19:50:57] 다음 가입 예약: 2026-06-25 19:55:12까지 대기
[2026-06-25 19:55:12] 신규 대상 시작 plan={'sex': '남자', 'day': '월수'}
[2026-06-25 19:55:15] 회원가입 시도 1/4
[2026-06-25 19:55:15] 회원가입 시작 sheet=PH plan={'sex': '남자', 'day': '월수'}
[2026-06-25 19:55:21] 회원가입 폼 진입 완료
[2026-06-25 19:55:25] 우편번호 검색 query=경북 포항시 북구 우미길 90
[2026-06-25 19:55:27] 우편번호 입력 완료 zip=37647 addr=경북 포항시 북구 우미길 90 (용흥동, 해원하나로타운)
[2026-06-25 19:55:27] 회원가입 제출 클릭 name=황우진 id=entrepreneuf895 school=포항대흥초등학교
[2026-06-25 19:55:28] 회원가입 알림 name=황우진 id=entrepreneuf895 message=회원 가입하시겠습니까?
[2026-06-25 19:55:29] 회원가입 알림 name=황우진 id=entrepreneuf895 message=회원 가입에 감사드립니다.
[2026-06-25 19:55:39] 회원가입 검증 완료 name=황우진 day=월수 dialogs=['회원 가입하시겠습니까?', '회원 가입에 감사드립니다.']
[2026-06-25 19:55:39] 수강신청 시도 1 name=황우진 id=entrepreneuf895
[2026-06-25 19:55:39] 수강신청 시작 name=황우진 sheet=PH day=월수
[2026-06-25 19:55:47] PH 과정 선택 완료 day=월수 course_id=1_61 label='' week_filter=True
[2026-06-25 19:55:47] 수강신청 요일 선택 완료 name=황우진 day=월수
[2026-06-25 19:55:49] 수강신청 1차 제출 완료 name=황우진
[2026-06-25 19:55:53] 수강신청 최종 제출 완료 name=황우진
황우진 신청 완료 / 총 187명, 오늘 82명 추가되었습니다.
[2026-06-25 19:55:54] 기록 저장 완료 name=황우진 total=187 today=82
[2026-06-25 19:55:55] 대상 완료 name=황우진 total=187/300 today=82/103
[2026-06-25 19:55:58] 다음 가입 예약: 2026-06-25 19:58:53까지 대기
[2026-06-25 19:58:53] 신규 대상 시작 plan={'sex': '여자', 'day': '화목'}
[2026-06-25 19:58:56] 회원가입 시도 1/4
[2026-06-25 19:58:56] 회원가입 시작 sheet=PH plan={'sex': '여자', 'day': '화목'}
[2026-06-25 19:59:01] 회원가입 폼 진입 완료
[2026-06-25 19:59:03] 우편번호 검색 query=경북 포항시 북구 삼호로 391
[2026-06-25 19:59:03] 우편번호 검색 실패 query=경북 포항시 북구 삼호로 391 error=Error('Locator.count: Execution context was destroyed, most likely because of a navigation')
[2026-06-25 19:59:05] 우편번호 검색 query=경북 포항시 북구 삼호로 391
[2026-06-25 19:59:06] 우편번호 입력 완료 zip=37604 addr=경북 포항시 북구 삼호로 391 (환호동, 환호해맞이그린빌)
[2026-06-25 19:59:07] 회원가입 제출 클릭 name=김가온 id=influencers3968 school=포항해맞이초등학교
[2026-06-25 19:59:08] 회원가입 알림 name=김가온 id=influencers3968 message=회원 가입하시겠습니까?
[2026-06-25 19:59:09] 회원가입 알림 name=김가온 id=influencers3968 message=회원 가입에 감사드립니다.
[2026-06-25 19:59:18] 회원가입 검증 완료 name=김가온 day=화목 dialogs=['회원 가입하시겠습니까?', '회원 가입에 감사드립니다.']
[2026-06-25 19:59:18] 수강신청 시도 1 name=김가온 id=influencers3968
[2026-06-25 19:59:18] 수강신청 시작 name=김가온 sheet=PH day=화목
[2026-06-25 19:59:26] PH 과정 선택 완료 day=화목 course_id=2_62 label='' week_filter=True
[2026-06-25 19:59:26] 수강신청 요일 선택 완료 name=김가온 day=화목
[2026-06-25 19:59:28] 수강신청 1차 제출 완료 name=김가온
[2026-06-25 19:59:32] 수강신청 최종 제출 완료 name=김가온
김가온 신청 완료 / 총 188명, 오늘 83명 추가되었습니다.
[2026-06-25 19:59:33] 기록 저장 완료 name=김가온 total=188 today=83
[2026-06-25 19:59:35] 대상 완료 name=김가온 total=188/300 today=83/103
[2026-06-25 19:59:38] 다음 가입 예약: 2026-06-25 20:00:53까지 대기
[2026-06-25 20:00:53] 신규 대상 시작 plan={'sex': '남자', 'day': '월수'}
[2026-06-25 20:00:55] 회원가입 시도 1/4
[2026-06-25 20:00:55] 회원가입 시작 sheet=PH plan={'sex': '남자', 'day': '월수'}
[2026-06-25 20:01:01] 회원가입 폼 진입 완료
[2026-06-25 20:01:03] 우편번호 검색 query=경북 포항시 북구 두호로 66
[2026-06-25 20:01:05] 우편번호 입력 완료 zip=37623 addr=경북 포항시 북구 두호로 66 (두호동, 두호 SK VIEW 푸르지오)
[2026-06-25 20:01:07] 회원가입 제출 클릭 name=노현승 id=problemsolvd335 school=포항동부초등학교
[2026-06-25 20:01:08] 회원가입 알림 name=노현승 id=problemsolvd335 message=회원 가입하시겠습니까?
[2026-06-25 20:01:09] 회원가입 알림 name=노현승 id=problemsolvd335 message=회원 가입에 감사드립니다.
[2026-06-25 20:01:18] 회원가입 검증 완료 name=노현승 day=월수 dialogs=['회원 가입하시겠습니까?', '회원 가입에 감사드립니다.']
[2026-06-25 20:01:18] 수강신청 시도 1 name=노현승 id=problemsolvd335
[2026-06-25 20:01:18] 수강신청 시작 name=노현승 sheet=PH day=월수
[2026-06-25 20:01:27] PH 과정 선택 완료 day=월수 course_id=1_61 label='' week_filter=True
[2026-06-25 20:01:27] 수강신청 요일 선택 완료 name=노현승 day=월수
[2026-06-25 20:01:28] 수강신청 1차 제출 완료 name=노현승
[2026-06-25 20:01:32] 수강신청 최종 제출 완료 name=노현승
노현승 신청 완료 / 총 189명, 오늘 84명 추가되었습니다.
[2026-06-25 20:01:33] 기록 저장 완료 name=노현승 total=189 today=84
[2026-06-25 20:01:35] 대상 완료 name=노현승 total=189/300 today=84/103
[2026-06-25 20:01:37] 다음 가입 예약: 2026-06-25 20:02:15까지 대기
[2026-06-25 20:02:15] 신규 대상 시작 plan={'sex': '여자', 'day': '월수'}
[2026-06-25 20:02:18] 회원가입 시도 1/4
[2026-06-25 20:02:18] 회원가입 시작 sheet=PH plan={'sex': '여자', 'day': '월수'}
[2026-06-25 20:02:23] 회원가입 폼 진입 완료
[2026-06-25 20:02:26] 우편번호 검색 query=경북 포항시 북구 새천년대로1123번길 14
[2026-06-25 20:02:29] 우편번호 입력 완료 zip=37628 addr=경북 포항시 북구 새천년대로1123번길 14 (장성동, 창포청구타운)
[2026-06-25 20:02:30] 회원가입 제출 클릭 name=이리하 id=mathematici8379 school=장성초등학교
[2026-06-25 20:02:31] 회원가입 알림 name=이리하 id=mathematici8379 message=회원 가입하시겠습니까?
[2026-06-25 20:02:32] 회원가입 알림 name=이리하 id=mathematici8379 message=회원 가입에 감사드립니다.
[2026-06-25 20:02:43] 회원가입 검증 완료 name=이리하 day=월수 dialogs=['회원 가입하시겠습니까?', '회원 가입에 감사드립니다.']
[2026-06-25 20:02:43] 수강신청 시도 1 name=이리하 id=mathematici8379
[2026-06-25 20:02:43] 수강신청 시작 name=이리하 sheet=PH day=월수
[2026-06-25 20:02:51] PH 과정 선택 완료 day=월수 course_id=1_61 label='' week_filter=True
[2026-06-25 20:02:51] 수강신청 요일 선택 완료 name=이리하 day=월수
[2026-06-25 20:02:53] 수강신청 1차 제출 완료 name=이리하
[2026-06-25 20:02:57] 수강신청 최종 제출 완료 name=이리하
이리하 신청 완료 / 총 190명, 오늘 85명 추가되었습니다.
[2026-06-25 20:02:58] 기록 저장 완료 name=이리하 total=190 today=85
[2026-06-25 20:03:00] 대상 완료 name=이리하 total=190/300 today=85/103
[2026-06-25 20:03:03] 다음 가입 예약: 2026-06-25 20:06:32까지 대기
[2026-06-25 20:06:32] 신규 대상 시작 plan={'sex': '여자', 'day': '화목'}
[2026-06-25 20:06:35] 회원가입 시도 1/4
[2026-06-25 20:06:35] 회원가입 시작 sheet=PH plan={'sex': '여자', 'day': '화목'}
[2026-06-25 20:06:40] 회원가입 폼 진입 완료
[2026-06-25 20:06:43] 우편번호 검색 query=경북 포항시 남구 오천읍 해병로 127
[2026-06-25 20:06:43] 우편번호 검색 실패 query=경북 포항시 남구 오천읍 해병로 127 error=Error('Locator.count: Execution context was destroyed, most likely because of a navigation')
[2026-06-25 20:06:44] 우편번호 검색 query=경북 포항시 남구 오천읍 해병로 127
[2026-06-25 20:06:44] 우편번호 입력 완료 zip=37902 addr=경북 포항시 남구 오천읍 해병로 127 (구정리, 우방신세계타운2차)
[2026-06-25 20:06:45] 회원가입 제출 클릭 name=배소정 id=novashook18s school=구정초등학교
[2026-06-25 20:06:46] 회원가입 알림 name=배소정 id=novashook18s message=회원 가입하시겠습니까?
[2026-06-25 20:06:47] 회원가입 알림 name=배소정 id=novashook18s message=회원 가입에 감사드립니다.
[2026-06-25 20:06:56] 회원가입 검증 완료 name=배소정 day=화목 dialogs=['회원 가입하시겠습니까?', '회원 가입에 감사드립니다.']
[2026-06-25 20:06:56] 수강신청 시도 1 name=배소정 id=novashook18s
[2026-06-25 20:06:56] 수강신청 시작 name=배소정 sheet=PH day=화목
[2026-06-25 20:07:05] PH 과정 선택 완료 day=화목 course_id=2_62 label='' week_filter=True
[2026-06-25 20:07:05] 수강신청 요일 선택 완료 name=배소정 day=화목
[2026-06-25 20:07:07] 수강신청 1차 제출 완료 name=배소정
[2026-06-25 20:07:10] 수강신청 최종 제출 완료 name=배소정
배소정 신청 완료 / 총 191명, 오늘 86명 추가되었습니다.
[2026-06-25 20:07:11] 기록 저장 완료 name=배소정 total=191 today=86
[2026-06-25 20:07:13] 대상 완료 name=배소정 total=191/300 today=86/103
[2026-06-25 20:07:16] 다음 가입 예약: 2026-06-25 20:11:01까지 대기
[2026-06-25 20:11:01] 신규 대상 시작 plan={'sex': '남자', 'day': '월수'}
[2026-06-25 20:11:03] 회원가입 시도 1/4
[2026-06-25 20:11:03] 회원가입 시작 sheet=PH plan={'sex': '남자', 'day': '월수'}
[2026-06-25 20:11:08] 회원가입 폼 진입 완료
[2026-06-25 20:11:11] 우편번호 검색 query=경북 포항시 북구 환호공원길 53-4
[2026-06-25 20:11:12] 주소 지역 불일치 query=경북 포항시 북구 환호공원길 53-4 result=대구 군위군 군위읍 무성2길 53-4
[2026-06-25 20:11:12] 우편번호 검색 query=경북 포항시 북구 환호공원길 53-4
[2026-06-25 20:11:12] 주소 지역 불일치 query=경북 포항시 북구 환호공원길 53-4 result=대구 군위군 군위읍 무성2길 53-4
[2026-06-25 20:11:13] 우편번호 검색 query=포항해맞이초등학교
[2026-06-25 20:11:14] 우편번호 입력 완료 zip=37600 addr=경북 포항시 북구 환호공원길 53-4 (환호동, 해변타운)
[2026-06-25 20:11:14] 회원가입 제출 클릭 name=박태민 id=studiocharml694 school=포항해맞이초등학교
[2026-06-25 20:11:15] 회원가입 알림 name=박태민 id=studiocharml694 message=회원 가입하시겠습니까?
[2026-06-25 20:11:16] 회원가입 알림 name=박태민 id=studiocharml694 message=회원 가입에 감사드립니다.
[2026-06-25 20:11:26] 회원가입 검증 완료 name=박태민 day=월수 dialogs=['회원 가입하시겠습니까?', '회원 가입에 감사드립니다.']
[2026-06-25 20:11:26] 수강신청 시도 1 name=박태민 id=studiocharml694
[2026-06-25 20:11:26] 수강신청 시작 name=박태민 sheet=PH day=월수
[2026-06-25 20:11:34] PH 과정 선택 완료 day=월수 course_id=1_61 label='' week_filter=True
[2026-06-25 20:11:34] 수강신청 요일 선택 완료 name=박태민 day=월수
[2026-06-25 20:11:36] 수강신청 1차 제출 완료 name=박태민
[2026-06-25 20:11:40] 수강신청 최종 제출 완료 name=박태민
박태민 신청 완료 / 총 192명, 오늘 87명 추가되었습니다.
[2026-06-25 20:11:41] 기록 저장 완료 name=박태민 total=192 today=87
[2026-06-25 20:11:42] 대상 완료 name=박태민 total=192/300 today=87/103
[2026-06-25 20:11:46] 다음 가입 예약: 2026-06-25 20:14:20까지 대기
[2026-06-25 20:14:20] 신규 대상 시작 plan={'sex': '남자', 'day': '화목'}
[2026-06-25 20:14:23] 회원가입 시도 1/4
[2026-06-25 20:14:23] 회원가입 시작 sheet=PH plan={'sex': '남자', 'day': '화목'}
[2026-06-25 20:14:31] 회원가입 폼 진입 완료
[2026-06-25 20:14:35] 우편번호 검색 query=경북 포항시 북구 용흥동 포항우방타운
[2026-06-25 20:14:36] 우편번호 입력 완료 zip=37650 addr=경북 포항시 북구 대안길 56 (용흥동, 우방타운)
[2026-06-25 20:14:38] 회원가입 제출 클릭 name=이노아 id=artistcultur34o school=포항대흥초등학교
[2026-06-25 20:14:39] 회원가입 알림 name=이노아 id=artistcultur34o message=회원 가입하시겠습니까?
[2026-06-25 20:14:40] 회원가입 알림 name=이노아 id=artistcultur34o message=회원 가입에 감사드립니다.
[2026-06-25 20:14:49] 회원가입 검증 완료 name=이노아 day=화목 dialogs=['회원 가입하시겠습니까?', '회원 가입에 감사드립니다.']
[2026-06-25 20:14:49] 수강신청 시도 1 name=이노아 id=artistcultur34o
[2026-06-25 20:14:49] 수강신청 시작 name=이노아 sheet=PH day=화목
[2026-06-25 20:14:58] PH 과정 선택 완료 day=화목 course_id=2_62 label='' week_filter=True
[2026-06-25 20:14:58] 수강신청 요일 선택 완료 name=이노아 day=화목
[2026-06-25 20:15:00] 수강신청 1차 제출 완료 name=이노아
[2026-06-25 20:15:03] 수강신청 최종 제출 완료 name=이노아
이노아 신청 완료 / 총 193명, 오늘 88명 추가되었습니다.
[2026-06-25 20:15:04] 기록 저장 완료 name=이노아 total=193 today=88
[2026-06-25 20:15:06] 대상 완료 name=이노아 total=193/300 today=88/103
[2026-06-25 20:15:09] 다음 가입 예약: 2026-06-25 20:19:25까지 대기
[2026-06-25 20:19:25] 신규 대상 시작 plan={'sex': '여자', 'day': '월수'}
[2026-06-25 20:19:28] 회원가입 시도 1/4
[2026-06-25 20:19:28] 회원가입 시작 sheet=PH plan={'sex': '여자', 'day': '월수'}
[2026-06-25 20:19:33] 회원가입 폼 진입 완료
[2026-06-25 20:19:35] 우편번호 검색 query=경북 포항시 남구 오천읍 해병로 127
[2026-06-25 20:19:37] 우편번호 입력 완료 zip=37902 addr=경북 포항시 남구 오천읍 해병로 127 (구정리, 우방신세계타운2차)
[2026-06-25 20:19:38] 회원가입 제출 클릭 name=김세인 id=doctorsejon6172 school=구정초등학교
[2026-06-25 20:19:39] 회원가입 알림 name=김세인 id=doctorsejon6172 message=회원 가입하시겠습니까?
[2026-06-25 20:19:39] 회원가입 알림 name=김세인 id=doctorsejon6172 message=회원 가입에 감사드립니다.
[2026-06-25 20:19:49] 회원가입 검증 완료 name=김세인 day=월수 dialogs=['회원 가입하시겠습니까?', '회원 가입에 감사드립니다.']
[2026-06-25 20:19:49] 수강신청 시도 1 name=김세인 id=doctorsejon6172
[2026-06-25 20:19:49] 수강신청 시작 name=김세인 sheet=PH day=월수
[2026-06-25 20:19:57] PH 과정 선택 완료 day=월수 course_id=1_61 label='' week_filter=True
[2026-06-25 20:19:57] 수강신청 요일 선택 완료 name=김세인 day=월수
[2026-06-25 20:19:59] 수강신청 1차 제출 완료 name=김세인
[2026-06-25 20:20:03] 수강신청 최종 제출 완료 name=김세인
김세인 신청 완료 / 총 194명, 오늘 89명 추가되었습니다.
[2026-06-25 20:20:04] 기록 저장 완료 name=김세인 total=194 today=89
[2026-06-25 20:20:08] 대상 완료 name=김세인 total=194/300 today=89/103
[2026-06-25 20:20:13] 다음 가입 예약: 2026-06-25 20:21:04까지 대기
[2026-06-25 20:21:04] 신규 대상 시작 plan={'sex': '여자', 'day': '월수'}
[2026-06-25 20:21:06] 회원가입 시도 1/4
[2026-06-25 20:21:06] 회원가입 시작 sheet=PH plan={'sex': '여자', 'day': '월수'}
[2026-06-25 20:21:12] 회원가입 폼 진입 완료
[2026-06-25 20:21:15] 우편번호 검색 query=경북 포항시 남구 오천읍 냉천로 340
[2026-06-25 20:21:17] 우편번호 입력 완료 zip=37886 addr=경북 포항시 남구 오천읍 냉천로 340 (문덕리, 대궁꿈마을아파트)
[2026-06-25 20:21:18] 회원가입 제출 클릭 name=이채윤 id=starrysaetm3704 school=문덕초등학교
[2026-06-25 20:21:19] 회원가입 알림 name=이채윤 id=starrysaetm3704 message=회원 가입하시겠습니까?
[2026-06-25 20:21:19] 회원가입 알림 name=이채윤 id=starrysaetm3704 message=회원 가입에 감사드립니다.
[2026-06-25 20:21:29] 회원가입 검증 완료 name=이채윤 day=월수 dialogs=['회원 가입하시겠습니까?', '회원 가입에 감사드립니다.']
[2026-06-25 20:21:29] 수강신청 시도 1 name=이채윤 id=starrysaetm3704
[2026-06-25 20:21:29] 수강신청 시작 name=이채윤 sheet=PH day=월수
[2026-06-25 20:21:37] PH 과정 선택 완료 day=월수 course_id=1_61 label='' week_filter=True
[2026-06-25 20:21:37] 수강신청 요일 선택 완료 name=이채윤 day=월수
[2026-06-25 20:21:39] 수강신청 1차 제출 완료 name=이채윤
[2026-06-25 20:21:43] 수강신청 최종 제출 완료 name=이채윤
이채윤 신청 완료 / 총 195명, 오늘 90명 추가되었습니다.
[2026-06-25 20:21:44] 기록 저장 완료 name=이채윤 total=195 today=90
[2026-06-25 20:21:46] 대상 완료 name=이채윤 total=195/300 today=90/103
[2026-06-25 20:21:49] 다음 가입 예약: 2026-06-25 20:22:25까지 대기
[2026-06-25 20:22:25] 신규 대상 시작 plan={'sex': '남자', 'day': '월수'}
[2026-06-25 20:22:30] 회원가입 시도 1/4
[2026-06-25 20:22:30] 회원가입 시작 sheet=PH plan={'sex': '남자', 'day': '월수'}
[2026-06-25 20:22:36] 회원가입 폼 진입 완료
[2026-06-25 20:22:38] 우편번호 검색 query=경북 포항시 북구 중흥로161번길 24-8 경동하이츠13차
[2026-06-25 20:22:40] 우편번호 입력 완료 zip=37756 addr=경북 포항시 북구 중흥로161번길 24-8 (죽도동, 경동하이츠13차)
[2026-06-25 20:22:42] 회원가입 제출 클릭 name=현동훈 id=creatorbride646 school=상대초등학교
[2026-06-25 20:22:43] 회원가입 알림 name=현동훈 id=creatorbride646 message=회원 가입하시겠습니까?
[2026-06-25 20:22:44] 회원가입 알림 name=현동훈 id=creatorbride646 message=회원 가입에 감사드립니다.
[2026-06-25 20:22:54] 회원가입 검증 완료 name=현동훈 day=월수 dialogs=['회원 가입하시겠습니까?', '회원 가입에 감사드립니다.']
[2026-06-25 20:22:54] 수강신청 시도 1 name=현동훈 id=creatorbride646
[2026-06-25 20:22:54] 수강신청 시작 name=현동훈 sheet=PH day=월수
[2026-06-25 20:23:02] PH 과정 선택 완료 day=월수 course_id=1_61 label='' week_filter=True
[2026-06-25 20:23:02] 수강신청 요일 선택 완료 name=현동훈 day=월수
[2026-06-25 20:23:04] 수강신청 1차 제출 완료 name=현동훈
[2026-06-25 20:23:08] 수강신청 최종 제출 완료 name=현동훈
현동훈 신청 완료 / 총 196명, 오늘 91명 추가되었습니다.
[2026-06-25 20:23:09] 기록 저장 완료 name=현동훈 total=196 today=91
[2026-06-25 20:23:11] 대상 완료 name=현동훈 total=196/300 today=91/103
[2026-06-25 20:23:13] 다음 가입 예약: 2026-06-25 20:25:50까지 대기
[2026-06-25 20:25:50] 신규 대상 시작 plan={'sex': '남자', 'day': '월수'}
[2026-06-25 20:25:53] 회원가입 시도 1/4
[2026-06-25 20:25:53] 회원가입 시작 sheet=PH plan={'sex': '남자', 'day': '월수'}
[2026-06-25 20:25:58] 회원가입 폼 진입 완료
[2026-06-25 20:26:01] 우편번호 검색 query=경북 포항시 북구 우미길 90
[2026-06-25 20:26:03] 우편번호 입력 완료 zip=37647 addr=경북 포항시 북구 우미길 90 (용흥동, 해원하나로타운)
[2026-06-25 20:26:04] 회원가입 제출 클릭 name=박재현 id=volunteerath302 school=포항대흥초등학교
[2026-06-25 20:26:05] 회원가입 알림 name=박재현 id=volunteerath302 message=회원 가입하시겠습니까?
[2026-06-25 20:26:06] 회원가입 알림 name=박재현 id=volunteerath302 message=회원 가입에 감사드립니다.
[2026-06-25 20:26:16] 회원가입 검증 완료 name=박재현 day=월수 dialogs=['회원 가입하시겠습니까?', '회원 가입에 감사드립니다.']
[2026-06-25 20:26:16] 수강신청 시도 1 name=박재현 id=volunteerath302
[2026-06-25 20:26:16] 수강신청 시작 name=박재현 sheet=PH day=월수
[2026-06-25 20:26:24] PH 과정 선택 완료 day=월수 course_id=1_61 label='' week_filter=True
[2026-06-25 20:26:24] 수강신청 요일 선택 완료 name=박재현 day=월수
[2026-06-25 20:26:27] 수강신청 1차 제출 완료 name=박재현
[2026-06-25 20:26:31] 수강신청 최종 제출 완료 name=박재현
박재현 신청 완료 / 총 197명, 오늘 92명 추가되었습니다.
[2026-06-25 20:26:32] 기록 저장 완료 name=박재현 total=197 today=92
[2026-06-25 20:26:34] 대상 완료 name=박재현 total=197/300 today=92/103
[2026-06-25 20:26:37] 다음 가입 예약: 2026-06-25 20:33:27까지 대기
[2026-06-25 20:33:27] 신규 대상 시작 plan={'sex': '여자', 'day': '월수'}
[2026-06-25 20:33:29] 회원가입 시도 1/4
[2026-06-25 20:33:29] 회원가입 시작 sheet=PH plan={'sex': '여자', 'day': '월수'}
[2026-06-25 20:33:35] 회원가입 폼 진입 완료
[2026-06-25 20:33:39] 우편번호 검색 query=경북 포항시 북구 우미길 90
[2026-06-25 20:33:40] 우편번호 입력 완료 zip=37647 addr=경북 포항시 북구 우미길 90 (용흥동, 해원하나로타운)
[2026-06-25 20:33:41] 회원가입 제출 클릭 name=표율아 id=scientistopt74n school=포항대흥초등학교
[2026-06-25 20:33:41] 회원가입 알림 name=표율아 id=scientistopt74n message=회원 가입하시겠습니까?
[2026-06-25 20:33:42] 회원가입 알림 name=표율아 id=scientistopt74n message=회원 가입에 감사드립니다.
[2026-06-25 20:33:52] 회원가입 검증 완료 name=표율아 day=월수 dialogs=['회원 가입하시겠습니까?', '회원 가입에 감사드립니다.']
[2026-06-25 20:33:52] 수강신청 시도 1 name=표율아 id=scientistopt74n
[2026-06-25 20:33:52] 수강신청 시작 name=표율아 sheet=PH day=월수
[2026-06-25 20:34:00] PH 과정 선택 완료 day=월수 course_id=1_61 label='' week_filter=True
[2026-06-25 20:34:00] 수강신청 요일 선택 완료 name=표율아 day=월수
[2026-06-25 20:34:02] 수강신청 1차 제출 완료 name=표율아
[2026-06-25 20:34:06] 수강신청 최종 제출 완료 name=표율아
표율아 신청 완료 / 총 198명, 오늘 93명 추가되었습니다.
[2026-06-25 20:34:08] 기록 저장 완료 name=표율아 total=198 today=93
[2026-06-25 20:34:12] 대상 완료 name=표율아 total=198/300 today=93/103
[2026-06-25 20:34:16] 다음 가입 예약: 2026-06-25 20:37:26까지 대기
[2026-06-25 20:37:26] 신규 대상 시작 plan={'sex': '여자', 'day': '월수'}
[2026-06-25 20:37:29] 회원가입 시도 1/4
[2026-06-25 20:37:29] 회원가입 시작 sheet=PH plan={'sex': '여자', 'day': '월수'}
[2026-06-25 20:37:34] 회원가입 폼 진입 완료
[2026-06-25 20:37:37] 우편번호 검색 query=경북 포항시 북구 흥해읍 도음로877번길 9
[2026-06-25 20:37:37] 우편번호 검색 실패 query=경북 포항시 북구 흥해읍 도음로877번길 9 error=Error('Locator.count: Execution context was destroyed, most likely because of a navigation')
[2026-06-25 20:37:38] 우편번호 검색 query=경북 포항시 북구 흥해읍 도음로877번길 9
[2026-06-25 20:37:39] 우편번호 입력 완료 zip=37562 addr=경북 포항시 북구 흥해읍 도음로877번길 9 (학천리, 학천삼도 미래타운1차)
[2026-06-25 20:37:40] 회원가입 제출 클릭 name=김예령 id=motivatedpho50w school=학천초등학교
[2026-06-25 20:37:41] 회원가입 알림 name=김예령 id=motivatedpho50w message=회원 가입하시겠습니까?
[2026-06-25 20:37:41] 회원가입 알림 name=김예령 id=motivatedpho50w message=회원 가입에 감사드립니다.
[2026-06-25 20:37:51] 회원가입 검증 완료 name=김예령 day=월수 dialogs=['회원 가입하시겠습니까?', '회원 가입에 감사드립니다.']
[2026-06-25 20:37:51] 수강신청 시도 1 name=김예령 id=motivatedpho50w
[2026-06-25 20:37:51] 수강신청 시작 name=김예령 sheet=PH day=월수
[2026-06-25 20:37:59] PH 과정 선택 완료 day=월수 course_id=1_61 label='' week_filter=True
[2026-06-25 20:37:59] 수강신청 요일 선택 완료 name=김예령 day=월수
[2026-06-25 20:38:01] 수강신청 1차 제출 완료 name=김예령
[2026-06-25 20:38:05] 수강신청 최종 제출 완료 name=김예령
김예령 신청 완료 / 총 199명, 오늘 94명 추가되었습니다.
[2026-06-25 20:38:06] 기록 저장 완료 name=김예령 total=199 today=94
[2026-06-25 20:38:10] 대상 완료 name=김예령 total=199/300 today=94/103
[2026-06-25 20:38:14] 다음 가입 예약: 2026-06-25 20:38:57까지 대기
[2026-06-25 20:38:57] 신규 대상 시작 plan={'sex': '여자', 'day': '월수'}
[2026-06-25 20:39:00] 회원가입 시도 1/4
[2026-06-25 20:39:00] 회원가입 시작 sheet=PH plan={'sex': '여자', 'day': '월수'}
[2026-06-25 20:39:05] 회원가입 폼 진입 완료
[2026-06-25 20:39:07] 우편번호 검색 query=경북 포항시 북구 대곡로 21 창포아이파크2차아파트
[2026-06-25 20:39:09] 우편번호 입력 완료 zip=37618 addr=경북 포항시 북구 대곡로 21 (두호동, 창포2차아이파크)
[2026-06-25 20:39:10] 회원가입 제출 클릭 name=최모아 id=daygeriyeser724 school=창포초등학교
[2026-06-25 20:39:11] 회원가입 알림 name=최모아 id=daygeriyeser724 message=회원 가입하시겠습니까?
[2026-06-25 20:39:12] 회원가입 알림 name=최모아 id=daygeriyeser724 message=회원 가입에 감사드립니다.
[2026-06-25 20:39:21] 회원가입 검증 완료 name=최모아 day=월수 dialogs=['회원 가입하시겠습니까?', '회원 가입에 감사드립니다.']
[2026-06-25 20:39:21] 수강신청 시도 1 name=최모아 id=daygeriyeser724
[2026-06-25 20:39:21] 수강신청 시작 name=최모아 sheet=PH day=월수
[2026-06-25 20:39:29] PH 과정 선택 완료 day=월수 course_id=1_61 label='' week_filter=True
[2026-06-25 20:39:29] 수강신청 요일 선택 완료 name=최모아 day=월수
[2026-06-25 20:39:31] 수강신청 1차 제출 완료 name=최모아
[2026-06-25 20:39:35] 수강신청 최종 제출 완료 name=최모아
최모아 신청 완료 / 총 200명, 오늘 95명 추가되었습니다.
[2026-06-25 20:39:36] 기록 저장 완료 name=최모아 total=200 today=95
[2026-06-25 20:39:38] 대상 완료 name=최모아 total=200/300 today=95/103
[2026-06-25 20:39:41] 다음 가입 예약: 2026-06-25 20:40:42까지 대기
[2026-06-25 20:40:42] 신규 대상 시작 plan={'sex': '여자', 'day': '월수'}
[2026-06-25 20:40:45] 회원가입 시도 1/4
[2026-06-25 20:40:45] 회원가입 시작 sheet=PH plan={'sex': '여자', 'day': '월수'}
[2026-06-25 20:40:50] 회원가입 폼 진입 완료
[2026-06-25 20:40:54] 우편번호 검색 query=경북 포항시 남구 오천읍 해병로 127
[2026-06-25 20:40:55] 우편번호 검색 실패 query=경북 포항시 남구 오천읍 해병로 127 error=Error('Locator.count: Execution context was destroyed, most likely because of a navigation')
[2026-06-25 20:40:56] 우편번호 검색 query=경북 포항시 남구 오천읍 해병로 127
[2026-06-25 20:40:56] 우편번호 입력 완료 zip=37902 addr=경북 포항시 남구 오천읍 해병로 127 (구정리, 우방신세계타운2차)
[2026-06-25 20:40:57] 회원가입 제출 클릭 name=강별 id=ragersilver3223 school=구정초등학교
[2026-06-25 20:40:58] 회원가입 알림 name=강별 id=ragersilver3223 message=회원 가입하시겠습니까?
[2026-06-25 20:40:59] 회원가입 알림 name=강별 id=ragersilver3223 message=회원 가입에 감사드립니다.
[2026-06-25 20:41:09] 회원가입 검증 완료 name=강별 day=월수 dialogs=['회원 가입하시겠습니까?', '회원 가입에 감사드립니다.']
[2026-06-25 20:41:09] 수강신청 시도 1 name=강별 id=ragersilver3223
[2026-06-25 20:41:09] 수강신청 시작 name=강별 sheet=PH day=월수
[2026-06-25 20:41:17] PH 과정 선택 완료 day=월수 course_id=1_61 label='' week_filter=True
[2026-06-25 20:41:17] 수강신청 요일 선택 완료 name=강별 day=월수
[2026-06-25 20:41:19] 수강신청 1차 제출 완료 name=강별
[2026-06-25 20:41:23] 수강신청 최종 제출 완료 name=강별
강별 신청 완료 / 총 201명, 오늘 96명 추가되었습니다.
[2026-06-25 20:41:24] 기록 저장 완료 name=강별 total=201 today=96
[2026-06-25 20:41:26] 대상 완료 name=강별 total=201/300 today=96/103
[2026-06-25 20:41:28] 다음 가입 예약: 2026-06-25 20:42:57까지 대기
[2026-06-25 20:42:57] 신규 대상 시작 plan={'sex': '여자', 'day': '화목'}
[2026-06-25 20:43:00] 회원가입 시도 1/4
[2026-06-25 20:43:00] 회원가입 시작 sheet=PH plan={'sex': '여자', 'day': '화목'}
[2026-06-25 20:43:05] 회원가입 폼 진입 완료
[2026-06-25 20:43:07] 우편번호 검색 query=경북 포항시 남구 오천읍 정몽주로 702
[2026-06-25 20:43:09] 우편번호 입력 완료 zip=37903 addr=경북 포항시 남구 오천읍 정몽주로 702 (구정리, 오천제일맨션)
[2026-06-25 20:43:10] 회원가입 제출 클릭 name=양다연 id=imaginative5307 school=구정초등학교
[2026-06-25 20:43:11] 회원가입 알림 name=양다연 id=imaginative5307 message=회원 가입하시겠습니까?
[2026-06-25 20:43:12] 회원가입 알림 name=양다연 id=imaginative5307 message=회원 가입에 감사드립니다.
[2026-06-25 20:43:22] 회원가입 검증 완료 name=양다연 day=화목 dialogs=['회원 가입하시겠습니까?', '회원 가입에 감사드립니다.']
[2026-06-25 20:43:22] 수강신청 시도 1 name=양다연 id=imaginative5307
[2026-06-25 20:43:22] 수강신청 시작 name=양다연 sheet=PH day=화목
[2026-06-25 20:43:30] PH 과정 선택 완료 day=화목 course_id=2_62 label='' week_filter=True
[2026-06-25 20:43:30] 수강신청 요일 선택 완료 name=양다연 day=화목
[2026-06-25 20:43:32] 수강신청 1차 제출 완료 name=양다연
[2026-06-25 20:43:36] 수강신청 최종 제출 완료 name=양다연
양다연 신청 완료 / 총 202명, 오늘 97명 추가되었습니다.
[2026-06-25 20:43:37] 기록 저장 완료 name=양다연 total=202 today=97
[2026-06-25 20:43:38] 대상 완료 name=양다연 total=202/300 today=97/103
[2026-06-25 20:43:41] 다음 가입 예약: 2026-06-25 20:48:34까지 대기
[2026-06-25 20:48:34] 신규 대상 시작 plan={'sex': '여자', 'day': '화목'}
[2026-06-25 20:48:36] 회원가입 시도 1/4
[2026-06-25 20:48:36] 회원가입 시작 sheet=PH plan={'sex': '여자', 'day': '화목'}
[2026-06-25 20:48:41] 회원가입 폼 진입 완료
[2026-06-25 20:48:44] 우편번호 검색 query=경북 포항시 북구 흥해읍 이인리 927-61
[2026-06-25 20:48:45] 우편번호 입력 완료 zip=37566 addr=경북 포항시 북구 흥해읍 달전로 365 (이인리, 삼도드림파크)
[2026-06-25 20:48:46] 회원가입 제출 클릭 name=김예온 id=violinnicecr84d school=달전초등학교
[2026-06-25 20:48:47] 회원가입 알림 name=김예온 id=violinnicecr84d message=회원 가입하시겠습니까?
[2026-06-25 20:48:48] 회원가입 알림 name=김예온 id=violinnicecr84d message=회원 가입에 감사드립니다.
[2026-06-25 20:48:58] 회원가입 검증 완료 name=김예온 day=화목 dialogs=['회원 가입하시겠습니까?', '회원 가입에 감사드립니다.']
[2026-06-25 20:48:58] 수강신청 시도 1 name=김예온 id=violinnicecr84d
[2026-06-25 20:48:58] 수강신청 시작 name=김예온 sheet=PH day=화목
[2026-06-25 20:49:06] PH 과정 선택 완료 day=화목 course_id=2_62 label='' week_filter=True
[2026-06-25 20:49:06] 수강신청 요일 선택 완료 name=김예온 day=화목
[2026-06-25 20:49:08] 수강신청 1차 제출 완료 name=김예온
[2026-06-25 20:49:12] 수강신청 최종 제출 완료 name=김예온
김예온 신청 완료 / 총 203명, 오늘 98명 추가되었습니다.
[2026-06-25 20:49:13] 기록 저장 완료 name=김예온 total=203 today=98
[2026-06-25 20:49:14] 대상 완료 name=김예온 total=203/300 today=98/103
[2026-06-25 20:49:18] 다음 가입 예약: 2026-06-25 20:49:24까지 대기
[2026-06-25 20:49:24] 신규 대상 시작 plan={'sex': '남자', 'day': '화목'}
[2026-06-25 20:49:26] 회원가입 시도 1/4
[2026-06-25 20:49:26] 회원가입 시작 sheet=PH plan={'sex': '남자', 'day': '화목'}
[2026-06-25 20:49:32] 회원가입 폼 진입 완료
[2026-06-25 20:49:35] 우편번호 검색 query=경북 포항시 북구 흥해읍 도음로877번길 9
[2026-06-25 20:49:35] 우편번호 검색 실패 query=경북 포항시 북구 흥해읍 도음로877번길 9 error=Error('Locator.count: Execution context was destroyed, most likely because of a navigation')
[2026-06-25 20:49:36] 우편번호 검색 query=경북 포항시 북구 흥해읍 도음로877번길 9
[2026-06-25 20:49:37] 우편번호 입력 완료 zip=37562 addr=경북 포항시 북구 흥해읍 도음로877번길 9 (학천리, 학천삼도 미래타운1차)
