[2026-06-29 13:29:23] 현황 저장 시트 결정: PH + 2기 -> PH2
[2026-06-29 13:29:23] 동작 시작 sheet=PH total=203/300 today=0 active=9:00-21:00
[2026-06-29 13:29:46] 신규 대상 시작 plan={'sex': '여자', 'day': '화목'}
[2026-06-29 13:29:52] 회원가입 시도 1/4
[2026-06-29 13:29:52] 회원가입 시작 sheet=PH plan={'sex': '여자', 'day': '화목'}
[2026-06-29 13:30:03] 회원가입 폼 진입 완료
[2026-06-29 13:30:07] 우편번호 검색 query=경북 포항시 남구 지곡로 294
[2026-06-29 13:30:09] 우편번호 입력 완료 zip=37669 addr=경북 포항시 남구 지곡로 294 (지곡동, 효자그린아파트)
[2026-06-29 13:30:10] 회원가입 제출 클릭 name=김재희 id=bridgeplanef632 school=달전초등학교
[2026-06-29 13:30:11] 회원가입 알림 name=김재희 id=bridgeplanef632 message=회원 가입하시겠습니까?
[2026-06-29 13:30:12] 회원가입 알림 name=김재희 id=bridgeplanef632 message=회원 가입에 감사드립니다.
[2026-06-29 13:30:26] 회원가입 검증 완료 name=김재희 day=화목 dialogs=['회원 가입하시겠습니까?', '회원 가입에 감사드립니다.']
[2026-06-29 13:30:26] 수강신청 시도 1 name=김재희 id=bridgeplanef632
[2026-06-29 13:30:26] 수강신청 시작 name=김재희 sheet=PH day=화목
[2026-06-29 13:30:34] PH 과정 선택 완료 day=화목 course_id=2_62 label='' week_filter=True
[2026-06-29 13:30:34] 수강신청 요일 선택 완료 name=김재희 day=화목
[2026-06-29 13:30:36] 수강신청 1차 제출 완료 name=김재희
[2026-06-29 13:30:41] 수강신청 최종 제출 완료 name=김재희
김재희 신청 완료 / 총 204명, 오늘 1명 추가되었습니다.
[2026-06-29 13:30:42] 기록 저장 완료 name=김재희 total=204 today=1
[2026-06-29 13:30:55] 대상 완료 name=김재희 total=204/300 today=1/97
[2026-06-29 13:30:58] 신규 대상 시작 plan={'sex': '여자', 'day': '월수'}
[2026-06-29 13:31:03] 회원가입 시도 1/4
[2026-06-29 13:31:03] 회원가입 시작 sheet=PH plan={'sex': '여자', 'day': '월수'}
[2026-06-29 13:31:10] 회원가입 폼 진입 완료
[2026-06-29 13:31:13] 우편번호 검색 query=경북 포항시 남구 오천읍 해병로 127
[2026-06-29 13:31:13] 우편번호 검색 실패 query=경북 포항시 남구 오천읍 해병로 127 error=Error('Locator.count: Execution context was destroyed, most likely because of a navigation')
[2026-06-29 13:31:15] 우편번호 검색 query=경북 포항시 남구 오천읍 해병로 127
[2026-06-29 13:31:15] 주소 지역 불일치 query=경북 포항시 남구 오천읍 해병로 127 result=대구 군위군 군위읍 광현길 127
[2026-06-29 13:31:15] 우편번호 검색 query=구정초등학교
[2026-06-29 13:31:24] 우편번호 검색 query=구정초등학교
[2026-06-29 13:31:36] 회원가입 실패 try=1 error=RuntimeError("우편번호/주소 입력 실패 queries=['경북 포항시 남구 오천읍 해병로 127', '구정초등학교'] required=포항 last_error=검색 결과 없음 query=구정초등학교")
[2026-06-29 13:31:38] 회원가입 시도 2/4
[2026-06-29 13:31:38] 회원가입 시작 sheet=PH plan={'sex': '여자', 'day': '월수'}
[2026-06-29 13:31:44] 회원가입 폼 진입 완료
[2026-06-29 13:31:53] 우편번호 검색 query=경북 포항시 북구 창흥로 67
[2026-06-29 13:31:53] 우편번호 검색 실패 query=경북 포항시 북구 창흥로 67 error=Error('Locator.count: Execution context was destroyed, most likely because of a navigation')
[2026-06-29 13:31:54] 우편번호 검색 query=경북 포항시 북구 창흥로 67
[2026-06-29 13:31:55] 우편번호 입력 완료 zip=37632 addr=경북 포항시 북구 창흥로 67 (창포동, 두호주공2차아파트)
[2026-06-29 13:31:56] 회원가입 제출 클릭 name=고효원 id=travelercurs307 school=포항중앙초등학교
[2026-06-29 13:31:58] 회원가입 알림 name=고효원 id=travelercurs307 message=회원 가입하시겠습니까?
[2026-06-29 13:31:59] 회원가입 알림 name=고효원 id=travelercurs307 message=회원 가입에 감사드립니다.
[2026-06-29 13:32:09] 회원가입 검증 완료 name=고효원 day=월수 dialogs=['회원 가입하시겠습니까?', '회원 가입에 감사드립니다.']
[2026-06-29 13:32:09] 수강신청 시도 1 name=고효원 id=travelercurs307
[2026-06-29 13:32:09] 수강신청 시작 name=고효원 sheet=PH day=월수
[2026-06-29 13:32:19] PH 과정 선택 완료 day=월수 course_id=1_61 label='' week_filter=True
[2026-06-29 13:32:19] 수강신청 요일 선택 완료 name=고효원 day=월수
[2026-06-29 13:32:21] 수강신청 1차 제출 완료 name=고효원
[2026-06-29 13:32:27] 수강신청 최종 제출 완료 name=고효원
고효원 신청 완료 / 총 205명, 오늘 2명 추가되었습니다.
[2026-06-29 13:32:29] 기록 저장 완료 name=고효원 total=205 today=2
[2026-06-29 13:32:38] 대상 완료 name=고효원 total=205/300 today=2/97
[2026-06-29 13:32:41] 신규 대상 시작 plan={'sex': '여자', 'day': '화목'}
[2026-06-29 13:32:50] 회원가입 시도 1/4
[2026-06-29 13:32:50] 회원가입 시작 sheet=PH plan={'sex': '여자', 'day': '화목'}
[2026-06-29 13:33:04] 회원가입 폼 진입 완료
[2026-06-29 13:33:10] 우편번호 검색 query=경북 포항시 북구 흥해읍 중성로32번길 30-1
[2026-06-29 13:33:24] 우편번호 검색 query=경북 포항시 북구 흥해읍 중성로32번길 30-1
[2026-06-29 13:33:25] 우편번호 입력 완료 zip=37545 addr=경북 포항시 북구 흥해읍 중성로32번길 30-1 (남성리, 대동빌라)
[2026-06-29 13:33:26] 회원가입 제출 클릭 name=강효린 id=monkeytrain4483 school=흥해남산초등학교
[2026-06-29 13:33:28] 회원가입 알림 name=강효린 id=monkeytrain4483 message=회원 가입하시겠습니까?
[2026-06-29 13:33:28] 회원가입 알림 name=강효린 id=monkeytrain4483 message=회원 가입에 감사드립니다.
[2026-06-29 13:33:39] 회원가입 검증 완료 name=강효린 day=화목 dialogs=['회원 가입하시겠습니까?', '회원 가입에 감사드립니다.']
[2026-06-29 13:33:39] 수강신청 시도 1 name=강효린 id=monkeytrain4483
[2026-06-29 13:33:39] 수강신청 시작 name=강효린 sheet=PH day=화목
[2026-06-29 13:33:54] PH 과정 선택 완료 day=화목 course_id=2_62 label='' week_filter=True
[2026-06-29 13:33:54] 수강신청 요일 선택 완료 name=강효린 day=화목
[2026-06-29 13:33:56] 수강신청 1차 제출 완료 name=강효린
[2026-06-29 13:34:01] 수강신청 최종 제출 완료 name=강효린
강효린 신청 완료 / 총 206명, 오늘 3명 추가되었습니다.
[2026-06-29 13:34:04] 기록 저장 완료 name=강효린 total=206 today=3
[2026-06-29 13:34:27] 대상 완료 name=강효린 total=206/300 today=3/97
[2026-06-29 13:34:31] 신규 대상 시작 plan={'sex': '여자', 'day': '월수'}
[2026-06-29 13:34:40] 회원가입 시도 1/4
[2026-06-29 13:34:40] 회원가입 시작 sheet=PH plan={'sex': '여자', 'day': '월수'}
[2026-06-29 13:34:49] 회원가입 폼 진입 완료
[2026-06-29 13:34:55] 우편번호 검색 query=경북 포항시 남구 대해로79번길 14-10 성경빌라
[2026-06-29 13:34:55] 우편번호 검색 실패 query=경북 포항시 남구 대해로79번길 14-10 성경빌라 error=Error('Locator.count: Execution context was destroyed, most likely because of a navigation')
[2026-06-29 13:34:56] 우편번호 검색 query=경북 포항시 남구 대해로79번길 14-10 성경빌라
[2026-06-29 13:35:05] 우편번호 검색 query=상대초등학교
[2026-06-29 13:35:06] 우편번호 입력 완료 zip=37826 addr=경북 포항시 남구 상공로92번길 25-10 (대도동, 대도초등학교)
[2026-06-29 13:35:07] 회원가입 제출 클릭 name=강아라 id=singerdance4865 school=상대초등학교
[2026-06-29 13:35:08] 회원가입 알림 name=강아라 id=singerdance4865 message=회원 가입하시겠습니까?
[2026-06-29 13:35:08] 회원가입 알림 name=강아라 id=singerdance4865 message=회원 가입에 감사드립니다.
[2026-06-29 13:35:19] 회원가입 검증 완료 name=강아라 day=월수 dialogs=['회원 가입하시겠습니까?', '회원 가입에 감사드립니다.']
[2026-06-29 13:35:19] 수강신청 시도 1 name=강아라 id=singerdance4865
[2026-06-29 13:35:19] 수강신청 시작 name=강아라 sheet=PH day=월수
[2026-06-29 13:35:27] PH 과정 선택 완료 day=월수 course_id=1_61 label='' week_filter=True
[2026-06-29 13:35:27] 수강신청 요일 선택 완료 name=강아라 day=월수
[2026-06-29 13:35:29] 수강신청 1차 제출 완료 name=강아라
[2026-06-29 13:35:34] 수강신청 최종 제출 완료 name=강아라
강아라 신청 완료 / 총 207명, 오늘 4명 추가되었습니다.
[2026-06-29 13:35:35] 기록 저장 완료 name=강아라 total=207 today=4
[2026-06-29 13:35:42] 대상 완료 name=강아라 total=207/300 today=4/97
[2026-06-29 13:35:44] 신규 대상 시작 plan={'sex': '남자', 'day': '화목'}
[2026-06-29 13:35:50] 회원가입 시도 1/4
[2026-06-29 13:35:50] 회원가입 시작 sheet=PH plan={'sex': '남자', 'day': '화목'}
[2026-06-29 13:35:56] 회원가입 폼 진입 완료
[2026-06-29 13:35:59] 우편번호 검색 query=경북 포항시 북구 우창로 20
[2026-06-29 13:36:00] 우편번호 입력 완료 zip=37639 addr=경북 포항시 북구 우창로 20 (우현동, 신동아베르디1차)
[2026-06-29 13:36:01] 회원가입 제출 클릭 name=김정우 id=robloxsince6011 school=포항중앙초등학교
[2026-06-29 13:36:02] 회원가입 알림 name=김정우 id=robloxsince6011 message=회원 가입하시겠습니까?
[2026-06-29 13:36:03] 회원가입 알림 name=김정우 id=robloxsince6011 message=회원 가입에 감사드립니다.
[2026-06-29 13:36:13] 회원가입 검증 완료 name=김정우 day=화목 dialogs=['회원 가입하시겠습니까?', '회원 가입에 감사드립니다.']
[2026-06-29 13:36:13] 수강신청 시도 1 name=김정우 id=robloxsince6011
[2026-06-29 13:36:13] 수강신청 시작 name=김정우 sheet=PH day=화목
[2026-06-29 13:36:23] PH 과정 선택 완료 day=화목 course_id=2_62 label='' week_filter=True
[2026-06-29 13:36:23] 수강신청 요일 선택 완료 name=김정우 day=화목
[2026-06-29 13:36:25] 수강신청 1차 제출 완료 name=김정우
[2026-06-29 13:36:30] 수강신청 최종 제출 완료 name=김정우
김정우 신청 완료 / 총 208명, 오늘 5명 추가되었습니다.
[2026-06-29 13:36:31] 기록 저장 완료 name=김정우 total=208 today=5
[2026-06-29 13:36:34] 대상 완료 name=김정우 total=208/300 today=5/97
[2026-06-29 13:36:37] 신규 대상 시작 plan={'sex': '남자', 'day': '월수'}
[2026-06-29 13:36:41] 회원가입 시도 1/4
[2026-06-29 13:36:41] 회원가입 시작 sheet=PH plan={'sex': '남자', 'day': '월수'}
[2026-06-29 13:36:48] 회원가입 폼 진입 완료
[2026-06-29 13:36:53] 우편번호 검색 query=경북 포항시 북구 창흥로 67
[2026-06-29 13:36:54] 주소 지역 불일치 query=경북 포항시 북구 창흥로 67 result=대구 군위군 군위읍 군위공단길 67
[2026-06-29 13:36:54] 우편번호 검색 query=경북 포항시 북구 창흥로 67
[2026-06-29 13:36:54] 주소 지역 불일치 query=경북 포항시 북구 창흥로 67 result=대구 군위군 군위읍 군위공단길 67
[2026-06-29 13:36:55] 우편번호 검색 query=포항중앙초등학교
[2026-06-29 13:36:55] 우편번호 입력 완료 zip=37632 addr=경북 포항시 북구 창흥로 67 (창포동, 두호주공2차아파트)
[2026-06-29 13:36:56] 회원가입 제출 클릭 name=정현수 id=starrysaetiy337 school=포항중앙초등학교
[2026-06-29 13:36:58] 회원가입 알림 name=정현수 id=starrysaetiy337 message=회원 가입하시겠습니까?
[2026-06-29 13:36:58] 회원가입 알림 name=정현수 id=starrysaetiy337 message=회원 가입에 감사드립니다.
[2026-06-29 13:37:08] 회원가입 검증 완료 name=정현수 day=월수 dialogs=['회원 가입하시겠습니까?', '회원 가입에 감사드립니다.']
[2026-06-29 13:37:08] 수강신청 시도 1 name=정현수 id=starrysaetiy337
[2026-06-29 13:37:08] 수강신청 시작 name=정현수 sheet=PH day=월수
[2026-06-29 13:37:18] PH 과정 선택 완료 day=월수 course_id=1_61 label='' week_filter=True
[2026-06-29 13:37:18] 수강신청 요일 선택 완료 name=정현수 day=월수
[2026-06-29 13:37:20] 수강신청 1차 제출 완료 name=정현수
[2026-06-29 13:37:24] 수강신청 최종 제출 완료 name=정현수
정현수 신청 완료 / 총 209명, 오늘 6명 추가되었습니다.
[2026-06-29 13:37:26] 기록 저장 완료 name=정현수 total=209 today=6
[2026-06-29 13:37:31] 대상 완료 name=정현수 total=209/300 today=6/97
[2026-06-29 13:37:34] 신규 대상 시작 plan={'sex': '여자', 'day': '월수'}
[2026-06-29 13:37:38] 회원가입 시도 1/4
[2026-06-29 13:37:38] 회원가입 시작 sheet=PH plan={'sex': '여자', 'day': '월수'}
[2026-06-29 13:37:44] 회원가입 폼 진입 완료
[2026-06-29 13:37:47] 우편번호 검색 query=경북 포항시 북구 용두산길 62
[2026-06-29 13:37:49] 우편번호 입력 완료 zip=37608 addr=경북 포항시 북구 용두산길 62 (두호동, 청우대림2차아파트)
[2026-06-29 13:37:50] 회원가입 제출 클릭 name=변한나 id=silvercooki1618 school=장량초등학교
[2026-06-29 13:37:51] 회원가입 알림 name=변한나 id=silvercooki1618 message=회원 가입하시겠습니까?
[2026-06-29 13:37:52] 회원가입 알림 name=변한나 id=silvercooki1618 message=회원 가입에 감사드립니다.
[2026-06-29 13:38:02] 회원가입 검증 완료 name=변한나 day=월수 dialogs=['회원 가입하시겠습니까?', '회원 가입에 감사드립니다.']
[2026-06-29 13:38:02] 수강신청 시도 1 name=변한나 id=silvercooki1618
[2026-06-29 13:38:02] 수강신청 시작 name=변한나 sheet=PH day=월수
[2026-06-29 13:38:11] PH 과정 선택 완료 day=월수 course_id=1_61 label='' week_filter=True
[2026-06-29 13:38:11] 수강신청 요일 선택 완료 name=변한나 day=월수
[2026-06-29 13:38:13] 수강신청 1차 제출 완료 name=변한나
[2026-06-29 13:38:18] 수강신청 최종 제출 완료 name=변한나
변한나 신청 완료 / 총 210명, 오늘 7명 추가되었습니다.
[2026-06-29 13:38:20] 기록 저장 완료 name=변한나 total=210 today=7
[2026-06-29 13:38:23] 대상 완료 name=변한나 total=210/300 today=7/97
[2026-06-29 13:38:26] 신규 대상 시작 plan={'sex': '남자', 'day': '화목'}
[2026-06-29 13:38:31] 회원가입 시도 1/4
[2026-06-29 13:38:31] 회원가입 시작 sheet=PH plan={'sex': '남자', 'day': '화목'}
[2026-06-29 13:38:38] 회원가입 폼 진입 완료
[2026-06-29 13:38:42] 우편번호 검색 query=경북 포항시 남구 중원로 16
[2026-06-29 13:38:44] 우편번호 입력 완료 zip=37879 addr=경북 포항시 남구 오천읍 중원로 16 (원리, 힐스테이트 포항)
[2026-06-29 13:38:45] 회원가입 제출 클릭 name=김아준 id=intelligents41n school=구정초등학교
[2026-06-29 13:38:46] 회원가입 알림 name=김아준 id=intelligents41n message=회원 가입하시겠습니까?
[2026-06-29 13:38:46] 회원가입 알림 name=김아준 id=intelligents41n message=회원 가입에 감사드립니다.
[2026-06-29 13:38:57] 회원가입 검증 완료 name=김아준 day=화목 dialogs=['회원 가입하시겠습니까?', '회원 가입에 감사드립니다.']
[2026-06-29 13:38:57] 수강신청 시도 1 name=김아준 id=intelligents41n
[2026-06-29 13:38:57] 수강신청 시작 name=김아준 sheet=PH day=화목
[2026-06-29 13:39:06] PH 과정 선택 완료 day=화목 course_id=2_62 label='' week_filter=True
[2026-06-29 13:39:06] 수강신청 요일 선택 완료 name=김아준 day=화목
[2026-06-29 13:39:08] 수강신청 1차 제출 완료 name=김아준
[2026-06-29 13:39:13] 수강신청 최종 제출 완료 name=김아준
김아준 신청 완료 / 총 211명, 오늘 8명 추가되었습니다.
[2026-06-29 13:39:15] 기록 저장 완료 name=김아준 total=211 today=8
[2026-06-29 13:39:24] 대상 완료 name=김아준 total=211/300 today=8/97
[2026-06-29 13:39:27] 신규 대상 시작 plan={'sex': '여자', 'day': '월수'}
[2026-06-29 13:39:32] 회원가입 시도 1/4
[2026-06-29 13:39:32] 회원가입 시작 sheet=PH plan={'sex': '여자', 'day': '월수'}
[2026-06-29 13:39:38] 회원가입 폼 진입 완료
[2026-06-29 13:39:42] 우편번호 검색 query=경북 포항시 북구 흥해읍 중성로32번길 30-1
[2026-06-29 13:39:43] 우편번호 입력 완료 zip=37545 addr=경북 포항시 북구 흥해읍 중성로32번길 30-1 (남성리, 대동빌라)
[2026-06-29 13:39:44] 회원가입 제출 클릭 name=문혜윤 id=happyriverf526 school=흥해남산초등학교
[2026-06-29 13:39:45] 회원가입 알림 name=문혜윤 id=happyriverf526 message=회원 가입하시겠습니까?
[2026-06-29 13:39:46] 회원가입 알림 name=문혜윤 id=happyriverf526 message=회원 가입에 감사드립니다.
[2026-06-29 13:39:56] 회원가입 검증 완료 name=문혜윤 day=월수 dialogs=['회원 가입하시겠습니까?', '회원 가입에 감사드립니다.']
[2026-06-29 13:39:56] 수강신청 시도 1 name=문혜윤 id=happyriverf526
[2026-06-29 13:39:56] 수강신청 시작 name=문혜윤 sheet=PH day=월수
[2026-06-29 13:40:05] PH 과정 선택 완료 day=월수 course_id=1_61 label='' week_filter=True
[2026-06-29 13:40:05] 수강신청 요일 선택 완료 name=문혜윤 day=월수
[2026-06-29 13:40:07] 수강신청 1차 제출 완료 name=문혜윤
[2026-06-29 13:40:11] 수강신청 최종 제출 완료 name=문혜윤
문혜윤 신청 완료 / 총 212명, 오늘 9명 추가되었습니다.
[2026-06-29 13:40:14] 기록 저장 완료 name=문혜윤 total=212 today=9
[2026-06-29 13:40:37] 대상 완료 name=문혜윤 total=212/300 today=9/97
[2026-06-29 13:40:41] 신규 대상 시작 plan={'sex': '여자', 'day': '화목'}
[2026-06-29 13:40:46] 회원가입 시도 1/4
[2026-06-29 13:40:46] 회원가입 시작 sheet=PH plan={'sex': '여자', 'day': '화목'}
[2026-06-29 13:40:54] 회원가입 폼 진입 완료
[2026-06-29 13:41:02] 우편번호 검색 query=경북 포항시 북구 이인로 56 포항역삼구트리니엔
[2026-06-29 13:41:16] 우편번호 검색 query=경북 포항시 북구 이인로 56 포항역삼구트리니엔
[2026-06-29 13:41:18] 우편번호 입력 완료 zip=37566 addr=경북 포항시 북구 흥해읍 이인로 56 (이인리, 포항역삼구트리니엔)
[2026-06-29 13:41:20] 회원가입 제출 클릭 name=이라윤 id=confidentcul90v school=학천초등학교
[2026-06-29 13:41:21] 회원가입 알림 name=이라윤 id=confidentcul90v message=회원 가입하시겠습니까?
[2026-06-29 13:41:22] 회원가입 알림 name=이라윤 id=confidentcul90v message=회원 가입에 감사드립니다.
[2026-06-29 13:41:32] 회원가입 검증 완료 name=이라윤 day=화목 dialogs=['회원 가입하시겠습니까?', '회원 가입에 감사드립니다.']
[2026-06-29 13:41:32] 수강신청 시도 1 name=이라윤 id=confidentcul90v
[2026-06-29 13:41:32] 수강신청 시작 name=이라윤 sheet=PH day=화목
[2026-06-29 13:41:41] PH 과정 선택 완료 day=화목 course_id=2_62 label='' week_filter=True
[2026-06-29 13:41:41] 수강신청 요일 선택 완료 name=이라윤 day=화목
[2026-06-29 13:41:43] 수강신청 1차 제출 완료 name=이라윤
[2026-06-29 13:41:48] 수강신청 최종 제출 완료 name=이라윤
이라윤 신청 완료 / 총 213명, 오늘 10명 추가되었습니다.
[2026-06-29 13:41:49] 기록 저장 완료 name=이라윤 total=213 today=10
[2026-06-29 13:41:56] 대상 완료 name=이라윤 total=213/300 today=10/97
[2026-06-29 13:41:59] 신규 대상 시작 plan={'sex': '여자', 'day': '월수'}
[2026-06-29 13:42:03] 회원가입 시도 1/4
[2026-06-29 13:42:03] 회원가입 시작 sheet=PH plan={'sex': '여자', 'day': '월수'}
[2026-06-29 13:42:12] 회원가입 폼 진입 완료
[2026-06-29 13:42:16] 우편번호 검색 query=경북 포항시 북구 중흥로161번길 30
[2026-06-29 13:42:29] 우편번호 검색 query=경북 포항시 북구 중흥로161번길 30
[2026-06-29 13:42:32] 우편번호 입력 완료 zip=37756 addr=경북 포항시 북구 중흥로161번길 30 (죽도동, 남부아파트)
[2026-06-29 13:42:33] 회원가입 제출 클릭 name=이나원 id=problemsolve231 school=상대초등학교
[2026-06-29 13:42:34] 회원가입 알림 name=이나원 id=problemsolve231 message=회원 가입하시겠습니까?
[2026-06-29 13:42:35] 회원가입 알림 name=이나원 id=problemsolve231 message=회원 가입에 감사드립니다.
[2026-06-29 13:42:46] 회원가입 검증 완료 name=이나원 day=월수 dialogs=['회원 가입하시겠습니까?', '회원 가입에 감사드립니다.']
[2026-06-29 13:42:46] 수강신청 시도 1 name=이나원 id=problemsolve231
[2026-06-29 13:42:46] 수강신청 시작 name=이나원 sheet=PH day=월수
[2026-06-29 13:42:56] PH 과정 선택 완료 day=월수 course_id=1_61 label='' week_filter=True
[2026-06-29 13:42:56] 수강신청 요일 선택 완료 name=이나원 day=월수
[2026-06-29 13:42:58] 수강신청 1차 제출 완료 name=이나원
[2026-06-29 13:43:04] 수강신청 최종 제출 완료 name=이나원
이나원 신청 완료 / 총 214명, 오늘 11명 추가되었습니다.
[2026-06-29 13:43:10] 기록 저장 완료 name=이나원 total=214 today=11
[2026-06-29 13:43:30] 대상 완료 name=이나원 total=214/300 today=11/97
[2026-06-29 13:43:35] 신규 대상 시작 plan={'sex': '여자', 'day': '화목'}
[2026-06-29 13:43:43] 회원가입 시도 1/4
[2026-06-29 13:43:43] 회원가입 시작 sheet=PH plan={'sex': '여자', 'day': '화목'}
[2026-06-29 13:43:56] 회원가입 폼 진입 완료
[2026-06-29 13:44:03] 우편번호 검색 query=경북 포항시 남구 오천읍 문덕로12번길 29
[2026-06-29 13:44:17] 우편번호 검색 query=경북 포항시 남구 오천읍 문덕로12번길 29
[2026-06-29 13:44:19] 우편번호 입력 완료 zip=37887 addr=경북 포항시 남구 오천읍 문덕로12번길 29 (문덕리, 성우천마타운2차)
[2026-06-29 13:44:20] 회원가입 제출 클릭 name=김담 id=contributor1544 school=문덕초등학교
[2026-06-29 13:44:22] 회원가입 알림 name=김담 id=contributor1544 message=회원 가입하시겠습니까?
[2026-06-29 13:44:23] 회원가입 알림 name=김담 id=contributor1544 message=회원 가입에 감사드립니다.
[2026-06-29 13:44:33] 회원가입 검증 완료 name=김담 day=화목 dialogs=['회원 가입하시겠습니까?', '회원 가입에 감사드립니다.']
[2026-06-29 13:44:33] 수강신청 시도 1 name=김담 id=contributor1544
[2026-06-29 13:44:33] 수강신청 시작 name=김담 sheet=PH day=화목
[2026-06-29 13:44:44] PH 과정 선택 완료 day=화목 course_id=2_62 label='' week_filter=True
[2026-06-29 13:44:44] 수강신청 요일 선택 완료 name=김담 day=화목
[2026-06-29 13:44:46] 수강신청 1차 제출 완료 name=김담
[2026-06-29 13:44:51] 수강신청 최종 제출 완료 name=김담
김담 신청 완료 / 총 215명, 오늘 12명 추가되었습니다.
[2026-06-29 13:44:54] 기록 저장 완료 name=김담 total=215 today=12
[2026-06-29 13:45:02] 대상 완료 name=김담 total=215/300 today=12/97
[2026-06-29 13:45:06] 신규 대상 시작 plan={'sex': '남자', 'day': '월수'}
[2026-06-29 13:45:12] 회원가입 시도 1/4
[2026-06-29 13:45:12] 회원가입 시작 sheet=PH plan={'sex': '남자', 'day': '월수'}
[2026-06-29 13:45:20] 회원가입 폼 진입 완료
[2026-06-29 13:45:26] 우편번호 검색 query=경북 포항시 북구 삼호로 391
[2026-06-29 13:45:28] 우편번호 입력 완료 zip=37604 addr=경북 포항시 북구 삼호로 391 (환호동, 환호해맞이그린빌)
[2026-06-29 13:45:29] 회원가입 제출 클릭 name=서도훈 id=designerquex295 school=포항해맞이초등학교
[2026-06-29 13:45:30] 회원가입 알림 name=서도훈 id=designerquex295 message=회원 가입하시겠습니까?
[2026-06-29 13:45:30] 회원가입 알림 name=서도훈 id=designerquex295 message=회원 가입에 감사드립니다.
[2026-06-29 13:45:40] 회원가입 검증 완료 name=서도훈 day=월수 dialogs=['회원 가입하시겠습니까?', '회원 가입에 감사드립니다.']
[2026-06-29 13:45:40] 수강신청 시도 1 name=서도훈 id=designerquex295
[2026-06-29 13:45:40] 수강신청 시작 name=서도훈 sheet=PH day=월수
[2026-06-29 13:45:49] PH 과정 선택 완료 day=월수 course_id=1_61 label='' week_filter=True
[2026-06-29 13:45:49] 수강신청 요일 선택 완료 name=서도훈 day=월수
[2026-06-29 13:45:51] 수강신청 1차 제출 완료 name=서도훈
[2026-06-29 13:45:55] 수강신청 최종 제출 완료 name=서도훈
서도훈 신청 완료 / 총 216명, 오늘 13명 추가되었습니다.
[2026-06-29 13:45:56] 기록 저장 완료 name=서도훈 total=216 today=13
[2026-06-29 13:45:58] 대상 완료 name=서도훈 total=216/300 today=13/97
[2026-06-29 13:46:01] 신규 대상 시작 plan={'sex': '남자', 'day': '화목'}
[2026-06-29 13:46:05] 회원가입 시도 1/4
[2026-06-29 13:46:05] 회원가입 시작 sheet=PH plan={'sex': '남자', 'day': '화목'}
[2026-06-29 13:46:14] 회원가입 폼 진입 완료
[2026-06-29 13:46:19] 우편번호 검색 query=경북 포항시 북구 새천년대로1075번길 10
[2026-06-29 13:46:20] 우편번호 입력 완료 zip=37630 addr=경북 포항시 북구 새천년대로1075번길 10 (창포동, 창포주공1단지아파트)
[2026-06-29 13:46:21] 회원가입 제출 클릭 name=신동준 id=breadcrumbinc49 school=창포초등학교
[2026-06-29 13:46:23] 회원가입 알림 name=신동준 id=breadcrumbinc49 message=회원 가입하시겠습니까?
[2026-06-29 13:46:23] 회원가입 알림 name=신동준 id=breadcrumbinc49 message=회원 가입에 감사드립니다.
[2026-06-29 13:46:33] 회원가입 검증 완료 name=신동준 day=화목 dialogs=['회원 가입하시겠습니까?', '회원 가입에 감사드립니다.']
[2026-06-29 13:46:33] 수강신청 시도 1 name=신동준 id=breadcrumbinc49
[2026-06-29 13:46:33] 수강신청 시작 name=신동준 sheet=PH day=화목
[2026-06-29 13:46:42] PH 과정 선택 완료 day=화목 course_id=2_62 label='' week_filter=True
[2026-06-29 13:46:42] 수강신청 요일 선택 완료 name=신동준 day=화목
[2026-06-29 13:46:44] 수강신청 1차 제출 완료 name=신동준
[2026-06-29 13:46:49] 수강신청 최종 제출 완료 name=신동준
신동준 신청 완료 / 총 217명, 오늘 14명 추가되었습니다.
[2026-06-29 13:46:51] 기록 저장 완료 name=신동준 total=217 today=14
[2026-06-29 13:47:01] 대상 완료 name=신동준 total=217/300 today=14/97
[2026-06-29 13:47:05] 신규 대상 시작 plan={'sex': '남자', 'day': '화목'}
[2026-06-29 13:47:09] 회원가입 시도 1/4
[2026-06-29 13:47:09] 회원가입 시작 sheet=PH plan={'sex': '남자', 'day': '화목'}
[2026-06-29 13:47:17] 회원가입 폼 진입 완료
[2026-06-29 13:47:21] 우편번호 검색 query=경북 포항시 북구 흥해읍 남성리 587-1
[2026-06-29 13:47:34] 우편번호 검색 query=경북 포항시 북구 흥해읍 남성리 587-1
[2026-06-29 13:47:47] 우편번호 검색 query=흥해남산초등학교
[2026-06-29 13:47:48] 우편번호 입력 완료 zip=37546 addr=경북 포항시 북구 흥해읍 남미질로 26 (남성리, 흥해남산초등학교)
[2026-06-29 13:47:49] 회원가입 제출 클릭 name=장용준 id=couragefaci9405 school=흥해남산초등학교
[2026-06-29 13:47:50] 회원가입 알림 name=장용준 id=couragefaci9405 message=회원 가입하시겠습니까?
[2026-06-29 13:47:51] 회원가입 알림 name=장용준 id=couragefaci9405 message=회원 가입에 감사드립니다.
[2026-06-29 13:48:01] 회원가입 검증 완료 name=장용준 day=화목 dialogs=['회원 가입하시겠습니까?', '회원 가입에 감사드립니다.']
[2026-06-29 13:48:01] 수강신청 시도 1 name=장용준 id=couragefaci9405
[2026-06-29 13:48:01] 수강신청 시작 name=장용준 sheet=PH day=화목
[2026-06-29 13:48:10] PH 과정 선택 완료 day=화목 course_id=2_62 label='' week_filter=True
[2026-06-29 13:48:10] 수강신청 요일 선택 완료 name=장용준 day=화목
[2026-06-29 13:48:12] 수강신청 1차 제출 완료 name=장용준
[2026-06-29 13:48:17] 수강신청 최종 제출 완료 name=장용준
장용준 신청 완료 / 총 218명, 오늘 15명 추가되었습니다.
[2026-06-29 13:48:19] 기록 저장 완료 name=장용준 total=218 today=15
[2026-06-29 13:48:24] 대상 완료 name=장용준 total=218/300 today=15/97
[2026-06-29 13:48:27] 신규 대상 시작 plan={'sex': '남자', 'day': '화목'}
[2026-06-29 13:48:33] 회원가입 시도 1/4
[2026-06-29 13:48:33] 회원가입 시작 sheet=PH plan={'sex': '남자', 'day': '화목'}
[2026-06-29 13:48:42] 회원가입 폼 진입 완료
[2026-06-29 13:48:47] 우편번호 검색 query=경북 포항시 남구 해병로 125
[2026-06-29 13:48:48] 우편번호 입력 완료 zip=37902 addr=경북 포항시 남구 해병로 125 (인덕동, 우방신세계1차아파트)
[2026-06-29 13:48:49] 회원가입 제출 클릭 name=조이헌 id=gucciorbit6585 school=인덕초등학교
[2026-06-29 13:48:51] 회원가입 알림 name=조이헌 id=gucciorbit6585 message=회원 가입하시겠습니까?
[2026-06-29 13:48:51] 회원가입 알림 name=조이헌 id=gucciorbit6585 message=회원 가입에 감사드립니다.
[2026-06-29 13:49:02] 회원가입 검증 완료 name=조이헌 day=화목 dialogs=['회원 가입하시겠습니까?', '회원 가입에 감사드립니다.']
[2026-06-29 13:49:02] 수강신청 시도 1 name=조이헌 id=gucciorbit6585
[2026-06-29 13:49:02] 수강신청 시작 name=조이헌 sheet=PH day=화목
[2026-06-29 13:49:11] PH 과정 선택 완료 day=화목 course_id=2_62 label='' week_filter=True
[2026-06-29 13:49:11] 수강신청 요일 선택 완료 name=조이헌 day=화목
[2026-06-29 13:49:13] 수강신청 1차 제출 완료 name=조이헌
[2026-06-29 13:49:17] 수강신청 최종 제출 완료 name=조이헌
조이헌 신청 완료 / 총 219명, 오늘 16명 추가되었습니다.
[2026-06-29 13:49:18] 기록 저장 완료 name=조이헌 total=219 today=16
[2026-06-29 13:49:24] 대상 완료 name=조이헌 total=219/300 today=16/97
[2026-06-29 13:49:27] 신규 대상 시작 plan={'sex': '여자', 'day': '월수'}
[2026-06-29 13:49:32] 회원가입 시도 1/4
[2026-06-29 13:49:32] 회원가입 시작 sheet=PH plan={'sex': '여자', 'day': '월수'}
[2026-06-29 13:49:38] 회원가입 폼 진입 완료
[2026-06-29 13:49:41] 우편번호 검색 query=경북 포항시 북구 이인로 56 포항역삼구트리니엔
[2026-06-29 13:49:41] 우편번호 검색 실패 query=경북 포항시 북구 이인로 56 포항역삼구트리니엔 error=Error('Locator.count: Execution context was destroyed, most likely because of a navigation')
[2026-06-29 13:49:42] 우편번호 검색 query=경북 포항시 북구 이인로 56 포항역삼구트리니엔
[2026-06-29 13:49:43] 우편번호 입력 완료 zip=37566 addr=경북 포항시 북구 흥해읍 이인로 56 (이인리, 포항역삼구트리니엔)
[2026-06-29 13:49:44] 회원가입 제출 클릭 name=우소담 id=mintdirector99g school=학천초등학교
[2026-06-29 13:49:45] 회원가입 알림 name=우소담 id=mintdirector99g message=회원 가입하시겠습니까?
[2026-06-29 13:49:46] 회원가입 알림 name=우소담 id=mintdirector99g message=회원 가입에 감사드립니다.
[2026-06-29 13:49:57] 회원가입 검증 완료 name=우소담 day=월수 dialogs=['회원 가입하시겠습니까?', '회원 가입에 감사드립니다.']
[2026-06-29 13:49:57] 수강신청 시도 1 name=우소담 id=mintdirector99g
[2026-06-29 13:49:57] 수강신청 시작 name=우소담 sheet=PH day=월수
[2026-06-29 13:50:05] PH 과정 선택 완료 day=월수 course_id=1_61 label='' week_filter=True
[2026-06-29 13:50:05] 수강신청 요일 선택 완료 name=우소담 day=월수
[2026-06-29 13:50:08] 수강신청 1차 제출 완료 name=우소담
[2026-06-29 13:50:12] 수강신청 최종 제출 완료 name=우소담
우소담 신청 완료 / 총 220명, 오늘 17명 추가되었습니다.
[2026-06-29 13:50:15] 기록 저장 완료 name=우소담 total=220 today=17
[2026-06-29 13:50:30] 대상 완료 name=우소담 total=220/300 today=17/97
[2026-06-29 13:50:33] 신규 대상 시작 plan={'sex': '여자', 'day': '화목'}
[2026-06-29 13:50:38] 회원가입 시도 1/4
[2026-06-29 13:50:38] 회원가입 시작 sheet=PH plan={'sex': '여자', 'day': '화목'}
[2026-06-29 13:50:45] 회원가입 폼 진입 완료
[2026-06-29 13:50:48] 우편번호 검색 query=경북 포항시 북구 삼호로 391
[2026-06-29 13:50:48] 우편번호 검색 실패 query=경북 포항시 북구 삼호로 391 error=Error('Locator.count: Execution context was destroyed, most likely because of a navigation')
[2026-06-29 13:50:49] 우편번호 검색 query=경북 포항시 북구 삼호로 391
[2026-06-29 13:50:50] 주소 지역 불일치 query=경북 포항시 북구 삼호로 391 result=대구 남구 앞산순환로 391
[2026-06-29 13:50:50] 우편번호 검색 query=포항해맞이초등학교
[2026-06-29 13:50:51] 우편번호 입력 완료 zip=37604 addr=경북 포항시 북구 삼호로 391 (환호동, 환호해맞이그린빌)
[2026-06-29 13:50:52] 회원가입 제출 클릭 name=이서아 id=mollymastera221 school=포항해맞이초등학교
[2026-06-29 13:50:53] 회원가입 알림 name=이서아 id=mollymastera221 message=회원 가입하시겠습니까?
[2026-06-29 13:50:54] 회원가입 알림 name=이서아 id=mollymastera221 message=회원 가입에 감사드립니다.
[2026-06-29 13:51:04] 회원가입 검증 완료 name=이서아 day=화목 dialogs=['회원 가입하시겠습니까?', '회원 가입에 감사드립니다.']
[2026-06-29 13:51:04] 수강신청 시도 1 name=이서아 id=mollymastera221
[2026-06-29 13:51:04] 수강신청 시작 name=이서아 sheet=PH day=화목
[2026-06-29 13:51:13] PH 과정 선택 완료 day=화목 course_id=2_62 label='' week_filter=True
[2026-06-29 13:51:13] 수강신청 요일 선택 완료 name=이서아 day=화목
[2026-06-29 13:51:15] 수강신청 1차 제출 완료 name=이서아
[2026-06-29 13:51:20] 수강신청 최종 제출 완료 name=이서아
이서아 신청 완료 / 총 221명, 오늘 18명 추가되었습니다.
[2026-06-29 13:51:21] 기록 저장 완료 name=이서아 total=221 today=18
[2026-06-29 13:51:30] 대상 완료 name=이서아 total=221/300 today=18/97
[2026-06-29 13:51:33] 신규 대상 시작 plan={'sex': '남자', 'day': '화목'}
[2026-06-29 13:51:38] 회원가입 시도 1/4
[2026-06-29 13:51:38] 회원가입 시작 sheet=PH plan={'sex': '남자', 'day': '화목'}
[2026-06-29 13:51:44] 회원가입 폼 진입 완료
[2026-06-29 13:51:47] 우편번호 검색 query=경북 포항시 북구 중흥로161번길 24-8 경동하이츠13차
[2026-06-29 13:51:47] 우편번호 검색 실패 query=경북 포항시 북구 중흥로161번길 24-8 경동하이츠13차 error=Error('Locator.count: Execution context was destroyed, most likely because of a navigation')
[2026-06-29 13:51:49] 우편번호 검색 query=경북 포항시 북구 중흥로161번길 24-8 경동하이츠13차
[2026-06-29 13:51:50] 우편번호 입력 완료 zip=37756 addr=경북 포항시 북구 중흥로161번길 24-8 (죽도동, 경동하이츠13차)
[2026-06-29 13:51:51] 회원가입 제출 클릭 name=신한빈 id=kpophangrynl524 school=상대초등학교
[2026-06-29 13:51:52] 회원가입 알림 name=신한빈 id=kpophangrynl524 message=회원 가입하시겠습니까?
[2026-06-29 13:51:53] 회원가입 알림 name=신한빈 id=kpophangrynl524 message=회원 가입에 감사드립니다.
[2026-06-29 13:52:03] 회원가입 검증 완료 name=신한빈 day=화목 dialogs=['회원 가입하시겠습니까?', '회원 가입에 감사드립니다.']
[2026-06-29 13:52:03] 수강신청 시도 1 name=신한빈 id=kpophangrynl524
[2026-06-29 13:52:03] 수강신청 시작 name=신한빈 sheet=PH day=화목
[2026-06-29 13:52:12] PH 과정 선택 완료 day=화목 course_id=2_62 label='' week_filter=True
[2026-06-29 13:52:12] 수강신청 요일 선택 완료 name=신한빈 day=화목
[2026-06-29 13:52:15] 수강신청 1차 제출 완료 name=신한빈
[2026-06-29 13:52:20] 수강신청 최종 제출 완료 name=신한빈
신한빈 신청 완료 / 총 222명, 오늘 19명 추가되었습니다.
[2026-06-29 13:52:21] 기록 저장 완료 name=신한빈 total=222 today=19
[2026-06-29 13:52:28] 대상 완료 name=신한빈 total=222/300 today=19/97
[2026-06-29 13:52:32] 신규 대상 시작 plan={'sex': '남자', 'day': '화목'}
[2026-06-29 13:52:38] 회원가입 시도 1/4
[2026-06-29 13:52:38] 회원가입 시작 sheet=PH plan={'sex': '남자', 'day': '화목'}
[2026-06-29 13:52:46] 회원가입 폼 진입 완료
[2026-06-29 13:52:50] 우편번호 검색 query=경북 포항시 북구 우미길 90
[2026-06-29 13:52:52] 우편번호 입력 완료 zip=37647 addr=경북 포항시 북구 우미길 90 (용흥동, 해원하나로타운)
[2026-06-29 13:52:54] 회원가입 제출 클릭 name=지태준 id=ultramediato79o school=포항대흥초등학교
[2026-06-29 13:52:55] 회원가입 알림 name=지태준 id=ultramediato79o message=회원 가입하시겠습니까?
[2026-06-29 13:52:56] 회원가입 알림 name=지태준 id=ultramediato79o message=회원 가입에 감사드립니다.
[2026-06-29 13:53:06] 회원가입 검증 완료 name=지태준 day=화목 dialogs=['회원 가입하시겠습니까?', '회원 가입에 감사드립니다.']
[2026-06-29 13:53:06] 수강신청 시도 1 name=지태준 id=ultramediato79o
[2026-06-29 13:53:06] 수강신청 시작 name=지태준 sheet=PH day=화목
[2026-06-29 13:53:15] PH 과정 선택 완료 day=화목 course_id=2_62 label='' week_filter=True
[2026-06-29 13:53:15] 수강신청 요일 선택 완료 name=지태준 day=화목
[2026-06-29 13:53:17] 수강신청 1차 제출 완료 name=지태준
[2026-06-29 13:53:21] 수강신청 최종 제출 완료 name=지태준
지태준 신청 완료 / 총 223명, 오늘 20명 추가되었습니다.
[2026-06-29 13:53:23] 기록 저장 완료 name=지태준 total=223 today=20
[2026-06-29 13:53:26] 대상 완료 name=지태준 total=223/300 today=20/97
[2026-06-29 13:53:29] 신규 대상 시작 plan={'sex': '여자', 'day': '월수'}
[2026-06-29 13:53:32] 회원가입 시도 1/4
[2026-06-29 13:53:33] 회원가입 시작 sheet=PH plan={'sex': '여자', 'day': '월수'}
[2026-06-29 13:53:39] 회원가입 폼 진입 완료
[2026-06-29 13:53:41] 우편번호 검색 query=경북 포항시 북구 우미길 90
[2026-06-29 13:53:41] 우편번호 검색 실패 query=경북 포항시 북구 우미길 90 error=Error('Locator.count: Execution context was destroyed, most likely because of a navigation')
[2026-06-29 13:53:43] 우편번호 검색 query=경북 포항시 북구 우미길 90
[2026-06-29 13:53:43] 우편번호 입력 완료 zip=37647 addr=경북 포항시 북구 우미길 90 (용흥동, 해원하나로타운)
[2026-06-29 13:53:44] 회원가입 제출 클릭 name=조라희 id=diversityye2918 school=포항대흥초등학교
[2026-06-29 13:53:45] 회원가입 알림 name=조라희 id=diversityye2918 message=회원 가입하시겠습니까?
[2026-06-29 13:53:46] 회원가입 알림 name=조라희 id=diversityye2918 message=회원 가입에 감사드립니다.
[2026-06-29 13:53:56] 회원가입 검증 완료 name=조라희 day=월수 dialogs=['회원 가입하시겠습니까?', '회원 가입에 감사드립니다.']
[2026-06-29 13:53:56] 수강신청 시도 1 name=조라희 id=diversityye2918
[2026-06-29 13:53:56] 수강신청 시작 name=조라희 sheet=PH day=월수
[2026-06-29 13:54:05] PH 과정 선택 완료 day=월수 course_id=1_61 label='' week_filter=True
[2026-06-29 13:54:05] 수강신청 요일 선택 완료 name=조라희 day=월수
[2026-06-29 13:54:07] 수강신청 1차 제출 완료 name=조라희
[2026-06-29 13:54:11] 수강신청 최종 제출 완료 name=조라희
조라희 신청 완료 / 총 224명, 오늘 21명 추가되었습니다.
[2026-06-29 13:54:13] 기록 저장 완료 name=조라희 total=224 today=21
[2026-06-29 13:54:17] 대상 완료 name=조라희 total=224/300 today=21/97
[2026-06-29 13:54:20] 신규 대상 시작 plan={'sex': '여자', 'day': '월수'}
[2026-06-29 13:54:26] 회원가입 시도 1/4
[2026-06-29 13:54:26] 회원가입 시작 sheet=PH plan={'sex': '여자', 'day': '월수'}
[2026-06-29 13:54:35] 회원가입 폼 진입 완료
[2026-06-29 13:54:38] 우편번호 검색 query=경북 포항시 남구 해병로 405 청호하이츠
[2026-06-29 13:54:39] 우편번호 입력 완료 zip=37916 addr=경북 포항시 남구 오천읍 해병로 405 (문덕리, 청호하이츠)
[2026-06-29 13:54:40] 회원가입 제출 클릭 name=조혜리 id=historiango70l school=문덕초등학교
[2026-06-29 13:54:41] 회원가입 알림 name=조혜리 id=historiango70l message=회원 가입하시겠습니까?
[2026-06-29 13:54:42] 회원가입 알림 name=조혜리 id=historiango70l message=회원 가입에 감사드립니다.
[2026-06-29 13:54:53] 회원가입 검증 완료 name=조혜리 day=월수 dialogs=['회원 가입하시겠습니까?', '회원 가입에 감사드립니다.']
[2026-06-29 13:54:53] 수강신청 시도 1 name=조혜리 id=historiango70l
[2026-06-29 13:54:53] 수강신청 시작 name=조혜리 sheet=PH day=월수
[2026-06-29 13:55:01] PH 과정 선택 완료 day=월수 course_id=1_61 label='' week_filter=True
[2026-06-29 13:55:01] 수강신청 요일 선택 완료 name=조혜리 day=월수
[2026-06-29 13:55:03] 수강신청 1차 제출 완료 name=조혜리
[2026-06-29 13:55:08] 수강신청 최종 제출 완료 name=조혜리
조혜리 신청 완료 / 총 225명, 오늘 22명 추가되었습니다.
[2026-06-29 13:55:09] 기록 저장 완료 name=조혜리 total=225 today=22
[2026-06-29 13:55:11] 대상 완료 name=조혜리 total=225/300 today=22/97
[2026-06-29 13:55:14] 신규 대상 시작 plan={'sex': '여자', 'day': '월수'}
[2026-06-29 13:55:18] 회원가입 시도 1/4
[2026-06-29 13:55:18] 회원가입 시작 sheet=PH plan={'sex': '여자', 'day': '월수'}
[2026-06-29 13:55:24] 회원가입 폼 진입 완료
[2026-06-29 13:55:27] 우편번호 검색 query=경북 포항시 남구 지곡로 294
[2026-06-29 13:55:27] 우편번호 검색 실패 query=경북 포항시 남구 지곡로 294 error=Error('Locator.count: Execution context was destroyed, most likely because of a navigation')
[2026-06-29 13:55:28] 우편번호 검색 query=경북 포항시 남구 지곡로 294
[2026-06-29 13:55:29] 우편번호 입력 완료 zip=37669 addr=경북 포항시 남구 지곡로 294 (지곡동, 효자그린아파트)
[2026-06-29 13:55:30] 회원가입 제출 클릭 name=남예인 id=throwdownimx703 school=달전초등학교
[2026-06-29 13:55:31] 회원가입 알림 name=남예인 id=throwdownimx703 message=회원 가입하시겠습니까?
[2026-06-29 13:55:32] 회원가입 알림 name=남예인 id=throwdownimx703 message=회원 가입에 감사드립니다.
[2026-06-29 13:55:42] 회원가입 검증 완료 name=남예인 day=월수 dialogs=['회원 가입하시겠습니까?', '회원 가입에 감사드립니다.']
[2026-06-29 13:55:42] 수강신청 시도 1 name=남예인 id=throwdownimx703
[2026-06-29 13:55:42] 수강신청 시작 name=남예인 sheet=PH day=월수
[2026-06-29 13:55:50] PH 과정 선택 완료 day=월수 course_id=1_61 label='' week_filter=True
[2026-06-29 13:55:50] 수강신청 요일 선택 완료 name=남예인 day=월수
[2026-06-29 13:55:52] 수강신청 1차 제출 완료 name=남예인
[2026-06-29 13:55:56] 수강신청 최종 제출 완료 name=남예인
남예인 신청 완료 / 총 226명, 오늘 23명 추가되었습니다.
[2026-06-29 13:55:57] 기록 저장 완료 name=남예인 total=226 today=23
[2026-06-29 13:56:00] 대상 완료 name=남예인 total=226/300 today=23/97
[2026-06-29 13:56:02] 신규 대상 시작 plan={'sex': '남자', 'day': '화목'}
[2026-06-29 13:56:07] 회원가입 시도 1/4
[2026-06-29 13:56:07] 회원가입 시작 sheet=PH plan={'sex': '남자', 'day': '화목'}
[2026-06-29 13:56:15] 회원가입 폼 진입 완료
[2026-06-29 13:56:20] 우편번호 검색 query=경북 포항시 북구 삼흥로32번길 5
[2026-06-29 13:56:20] 주소 지역 불일치 query=경북 포항시 북구 삼흥로32번길 5 result=경북 경주시 한빛길32번길 5
[2026-06-29 13:56:21] 우편번호 검색 query=경북 포항시 북구 삼흥로32번길 5
[2026-06-29 13:56:21] 주소 지역 불일치 query=경북 포항시 북구 삼흥로32번길 5 result=경북 경주시 한빛길32번길 5
[2026-06-29 13:56:22] 우편번호 검색 query=포항동부초등학교
[2026-06-29 13:56:23] 우편번호 입력 완료 zip=37620 addr=경북 포항시 북구 삼호로 273 (두호동, 포항동부초등학교)
[2026-06-29 13:56:24] 회원가입 제출 클릭 name=권주호 id=rockettea1475 school=포항동부초등학교
[2026-06-29 13:56:25] 회원가입 알림 name=권주호 id=rockettea1475 message=회원 가입하시겠습니까?
[2026-06-29 13:56:25] 회원가입 알림 name=권주호 id=rockettea1475 message=회원 가입에 감사드립니다.
[2026-06-29 13:56:35] 회원가입 검증 완료 name=권주호 day=화목 dialogs=['회원 가입하시겠습니까?', '회원 가입에 감사드립니다.']
[2026-06-29 13:56:35] 수강신청 시도 1 name=권주호 id=rockettea1475
[2026-06-29 13:56:35] 수강신청 시작 name=권주호 sheet=PH day=화목
[2026-06-29 13:56:44] PH 과정 선택 완료 day=화목 course_id=2_62 label='' week_filter=True
[2026-06-29 13:56:44] 수강신청 요일 선택 완료 name=권주호 day=화목
[2026-06-29 13:56:46] 수강신청 1차 제출 완료 name=권주호
[2026-06-29 13:56:51] 수강신청 최종 제출 완료 name=권주호
권주호 신청 완료 / 총 227명, 오늘 24명 추가되었습니다.
[2026-06-29 13:56:53] 기록 저장 완료 name=권주호 total=227 today=24
[2026-06-29 13:56:56] 대상 완료 name=권주호 total=227/300 today=24/97
[2026-06-29 13:56:58] 신규 대상 시작 plan={'sex': '여자', 'day': '화목'}
[2026-06-29 13:57:02] 회원가입 시도 1/4
[2026-06-29 13:57:02] 회원가입 시작 sheet=PH plan={'sex': '여자', 'day': '화목'}
[2026-06-29 13:57:08] 회원가입 폼 진입 완료
[2026-06-29 13:57:11] 우편번호 검색 query=경북 포항시 북구 흥해읍 남성리 587-1
[2026-06-29 13:57:11] 우편번호 검색 실패 query=경북 포항시 북구 흥해읍 남성리 587-1 error=Error('Locator.count: Execution context was destroyed, most likely because of a navigation')
[2026-06-29 13:57:12] 우편번호 검색 query=경북 포항시 북구 흥해읍 남성리 587-1
[2026-06-29 13:57:25] 우편번호 검색 query=흥해남산초등학교
[2026-06-29 13:57:26] 우편번호 입력 완료 zip=37546 addr=경북 포항시 북구 흥해읍 남미질로 26 (남성리, 흥해남산초등학교)
[2026-06-29 13:57:27] 회원가입 제출 클릭 name=노가연 id=scientistadx891 school=흥해남산초등학교
[2026-06-29 13:57:28] 회원가입 알림 name=노가연 id=scientistadx891 message=회원 가입하시겠습니까?
[2026-06-29 13:57:29] 회원가입 알림 name=노가연 id=scientistadx891 message=회원 가입에 감사드립니다.
[2026-06-29 13:57:39] 회원가입 검증 완료 name=노가연 day=화목 dialogs=['회원 가입하시겠습니까?', '회원 가입에 감사드립니다.']
[2026-06-29 13:57:39] 수강신청 시도 1 name=노가연 id=scientistadx891
[2026-06-29 13:57:39] 수강신청 시작 name=노가연 sheet=PH day=화목
[2026-06-29 13:57:47] PH 과정 선택 완료 day=화목 course_id=2_62 label='' week_filter=True
[2026-06-29 13:57:47] 수강신청 요일 선택 완료 name=노가연 day=화목
[2026-06-29 13:57:49] 수강신청 1차 제출 완료 name=노가연
[2026-06-29 13:57:54] 수강신청 최종 제출 완료 name=노가연
노가연 신청 완료 / 총 228명, 오늘 25명 추가되었습니다.
[2026-06-29 13:57:55] 기록 저장 완료 name=노가연 total=228 today=25
[2026-06-29 13:57:57] 대상 완료 name=노가연 total=228/300 today=25/97
[2026-06-29 13:57:59] 신규 대상 시작 plan={'sex': '남자', 'day': '월수'}
[2026-06-29 13:58:03] 회원가입 시도 1/4
[2026-06-29 13:58:03] 회원가입 시작 sheet=PH plan={'sex': '남자', 'day': '월수'}
[2026-06-29 13:58:10] 회원가입 폼 진입 완료
[2026-06-29 13:58:14] 우편번호 검색 query=경북 포항시 남구 중원로 16
[2026-06-29 13:58:15] 주소 지역 불일치 query=경북 포항시 남구 중원로 16 result=대구 군위군 군위읍 경북대로 3076-16 (와우무인텔)
[2026-06-29 13:58:16] 우편번호 검색 query=경북 포항시 남구 중원로 16
[2026-06-29 13:58:16] 주소 지역 불일치 query=경북 포항시 남구 중원로 16 result=대구 군위군 군위읍 경북대로 3076-16 (와우무인텔)
[2026-06-29 13:58:17] 우편번호 검색 query=구정초등학교
[2026-06-29 13:58:18] 우편번호 입력 완료 zip=37879 addr=경북 포항시 남구 오천읍 중원로 16 (원리, 힐스테이트 포항)
[2026-06-29 13:58:20] 회원가입 제출 클릭 name=이태유 id=lambdadevelx214 school=구정초등학교
[2026-06-29 13:58:21] 회원가입 알림 name=이태유 id=lambdadevelx214 message=회원 가입하시겠습니까?
[2026-06-29 13:58:22] 회원가입 알림 name=이태유 id=lambdadevelx214 message=회원 가입에 감사드립니다.
[2026-06-29 13:58:32] 회원가입 검증 완료 name=이태유 day=월수 dialogs=['회원 가입하시겠습니까?', '회원 가입에 감사드립니다.']
[2026-06-29 13:58:32] 수강신청 시도 1 name=이태유 id=lambdadevelx214
[2026-06-29 13:58:32] 수강신청 시작 name=이태유 sheet=PH day=월수
[2026-06-29 13:58:41] PH 과정 선택 완료 day=월수 course_id=1_61 label='' week_filter=True
[2026-06-29 13:58:41] 수강신청 요일 선택 완료 name=이태유 day=월수
[2026-06-29 13:58:43] 수강신청 1차 제출 완료 name=이태유
[2026-06-29 13:58:48] 수강신청 최종 제출 완료 name=이태유
이태유 신청 완료 / 총 229명, 오늘 26명 추가되었습니다.
[2026-06-29 13:58:50] 기록 저장 완료 name=이태유 total=229 today=26
[2026-06-29 13:58:55] 대상 완료 name=이태유 total=229/300 today=26/97
[2026-06-29 13:58:58] 신규 대상 시작 plan={'sex': '남자', 'day': '월수'}
[2026-06-29 13:59:02] 회원가입 시도 1/4
[2026-06-29 13:59:02] 회원가입 시작 sheet=PH plan={'sex': '남자', 'day': '월수'}
[2026-06-29 13:59:08] 회원가입 폼 진입 완료
[2026-06-29 13:59:12] 우편번호 검색 query=경북 포항시 북구 흥해읍 중성로32번길 30-1
[2026-06-29 13:59:13] 우편번호 입력 완료 zip=37545 addr=경북 포항시 북구 흥해읍 중성로32번길 30-1 (남성리, 대동빌라)
[2026-06-29 13:59:14] 회원가입 제출 클릭 name=전신우 id=twitterslosx222 school=흥해남산초등학교
[2026-06-29 13:59:15] 회원가입 알림 name=전신우 id=twitterslosx222 message=회원 가입하시겠습니까?
[2026-06-29 13:59:16] 회원가입 알림 name=전신우 id=twitterslosx222 message=회원 가입에 감사드립니다.
[2026-06-29 13:59:26] 회원가입 검증 완료 name=전신우 day=월수 dialogs=['회원 가입하시겠습니까?', '회원 가입에 감사드립니다.']
[2026-06-29 13:59:26] 수강신청 시도 1 name=전신우 id=twitterslosx222
[2026-06-29 13:59:26] 수강신청 시작 name=전신우 sheet=PH day=월수
[2026-06-29 13:59:35] PH 과정 선택 완료 day=월수 course_id=1_61 label='' week_filter=True
[2026-06-29 13:59:35] 수강신청 요일 선택 완료 name=전신우 day=월수
[2026-06-29 13:59:37] 수강신청 1차 제출 완료 name=전신우
[2026-06-29 13:59:41] 수강신청 최종 제출 완료 name=전신우
전신우 신청 완료 / 총 230명, 오늘 27명 추가되었습니다.
[2026-06-29 13:59:42] 기록 저장 완료 name=전신우 total=230 today=27
[2026-06-29 13:59:44] 대상 완료 name=전신우 total=230/300 today=27/97
[2026-06-29 13:59:46] 신규 대상 시작 plan={'sex': '여자', 'day': '월수'}
[2026-06-29 13:59:50] 회원가입 시도 1/4
[2026-06-29 13:59:50] 회원가입 시작 sheet=PH plan={'sex': '여자', 'day': '월수'}
[2026-06-29 13:59:56] 회원가입 폼 진입 완료
[2026-06-29 13:59:59] 우편번호 검색 query=경북 포항시 북구 용흥동 포항우방타운
[2026-06-29 13:59:59] 우편번호 검색 실패 query=경북 포항시 북구 용흥동 포항우방타운 error=Error('Locator.count: Execution context was destroyed, most likely because of a navigation')
[2026-06-29 14:00:00] 우편번호 검색 query=경북 포항시 북구 용흥동 포항우방타운
[2026-06-29 14:00:01] 우편번호 입력 완료 zip=37650 addr=경북 포항시 북구 대안길 56 (용흥동, 우방타운)
[2026-06-29 14:00:02] 회원가입 제출 클릭 name=정아린 id=boldmusic5206 school=포항대흥초등학교
[2026-06-29 14:00:03] 회원가입 알림 name=정아린 id=boldmusic5206 message=회원 가입하시겠습니까?
[2026-06-29 14:00:04] 회원가입 알림 name=정아린 id=boldmusic5206 message=회원 가입에 감사드립니다.
[2026-06-29 14:00:14] 회원가입 검증 완료 name=정아린 day=월수 dialogs=['회원 가입하시겠습니까?', '회원 가입에 감사드립니다.']
[2026-06-29 14:00:14] 수강신청 시도 1 name=정아린 id=boldmusic5206
[2026-06-29 14:00:14] 수강신청 시작 name=정아린 sheet=PH day=월수
[2026-06-29 14:00:24] PH 과정 선택 완료 day=월수 course_id=1_61 label='' week_filter=True
[2026-06-29 14:00:24] 수강신청 요일 선택 완료 name=정아린 day=월수
[2026-06-29 14:00:26] 수강신청 1차 제출 완료 name=정아린
[2026-06-29 14:00:30] 수강신청 최종 제출 완료 name=정아린
정아린 신청 완료 / 총 231명, 오늘 28명 추가되었습니다.
[2026-06-29 14:00:32] 기록 저장 완료 name=정아린 total=231 today=28
[2026-06-29 14:00:37] 대상 완료 name=정아린 total=231/300 today=28/97
[2026-06-29 14:00:41] 신규 대상 시작 plan={'sex': '남자', 'day': '월수'}
[2026-06-29 14:00:47] 회원가입 시도 1/4
[2026-06-29 14:00:47] 회원가입 시작 sheet=PH plan={'sex': '남자', 'day': '월수'}
[2026-06-29 14:00:53] 회원가입 폼 진입 완료
[2026-06-29 14:00:56] 우편번호 검색 query=경북 포항시 남구 오천읍 냉천로 340
[2026-06-29 14:00:57] 주소 지역 불일치 query=경북 포항시 남구 오천읍 냉천로 340 result=대구 군위군 군위읍 내외량길 340
[2026-06-29 14:00:58] 우편번호 검색 query=경북 포항시 남구 오천읍 냉천로 340
[2026-06-29 14:00:58] 주소 지역 불일치 query=경북 포항시 남구 오천읍 냉천로 340 result=대구 군위군 군위읍 내외량길 340
[2026-06-29 14:00:58] 우편번호 검색 query=문덕초등학교
[2026-06-29 14:01:06] 우편번호 검색 query=문덕초등학교
[2026-06-29 14:01:18] 회원가입 실패 try=1 error=RuntimeError("우편번호/주소 입력 실패 queries=['경북 포항시 남구 오천읍 냉천로 340', '문덕초등학교'] required=포항 last_error=검색 결과 없음 query=문덕초등학교")
[2026-06-29 14:01:19] 회원가입 시도 2/4
[2026-06-29 14:01:19] 회원가입 시작 sheet=PH plan={'sex': '남자', 'day': '월수'}
[2026-06-29 14:01:22] 회원가입 폼 진입 완료
[2026-06-29 14:01:25] 우편번호 검색 query=경북 포항시 남구 오천읍 문덕로12번길 6
[2026-06-29 14:01:27] 우편번호 입력 완료 zip=37887 addr=경북 포항시 남구 오천읍 문덕로12번길 6 (문덕리, 준양프리미엄3차)
[2026-06-29 14:01:28] 회원가입 제출 클릭 name=신주완 id=pokemonlearnl58 school=포항원동초등학교
[2026-06-29 14:01:29] 회원가입 알림 name=신주완 id=pokemonlearnl58 message=회원 가입하시겠습니까?
[2026-06-29 14:01:30] 회원가입 알림 name=신주완 id=pokemonlearnl58 message=회원 가입에 감사드립니다.
[2026-06-29 14:01:39] 회원가입 검증 완료 name=신주완 day=월수 dialogs=['회원 가입하시겠습니까?', '회원 가입에 감사드립니다.']
[2026-06-29 14:01:39] 수강신청 시도 1 name=신주완 id=pokemonlearnl58
[2026-06-29 14:01:39] 수강신청 시작 name=신주완 sheet=PH day=월수
[2026-06-29 14:01:48] PH 과정 선택 완료 day=월수 course_id=1_61 label='' week_filter=True
[2026-06-29 14:01:48] 수강신청 요일 선택 완료 name=신주완 day=월수
[2026-06-29 14:01:50] 수강신청 1차 제출 완료 name=신주완
[2026-06-29 14:01:53] 수강신청 최종 제출 완료 name=신주완
신주완 신청 완료 / 총 232명, 오늘 29명 추가되었습니다.
[2026-06-29 14:01:55] 기록 저장 완료 name=신주완 total=232 today=29
[2026-06-29 14:01:56] 대상 완료 name=신주완 total=232/300 today=29/97
[2026-06-29 14:01:58] 신규 대상 시작 plan={'sex': '여자', 'day': '화목'}
[2026-06-29 14:02:01] 회원가입 시도 1/4
[2026-06-29 14:02:01] 회원가입 시작 sheet=PH plan={'sex': '여자', 'day': '화목'}
[2026-06-29 14:02:07] 회원가입 폼 진입 완료
[2026-06-29 14:02:10] 우편번호 검색 query=경북 포항시 북구 환호공원길 53-4
[2026-06-29 14:02:11] 주소 지역 불일치 query=경북 포항시 북구 환호공원길 53-4 result=대구 군위군 군위읍 무성2길 53-4
[2026-06-29 14:02:12] 우편번호 검색 query=경북 포항시 북구 환호공원길 53-4
[2026-06-29 14:02:13] 우편번호 입력 완료 zip=37600 addr=경북 포항시 북구 환호공원길 53-4 (환호동, 해변타운)
[2026-06-29 14:02:14] 회원가입 제출 클릭 name=여해린 id=mollydayger15f school=포항해맞이초등학교
[2026-06-29 14:02:16] 회원가입 알림 name=여해린 id=mollydayger15f message=회원 가입하시겠습니까?
[2026-06-29 14:02:17] 회원가입 알림 name=여해린 id=mollydayger15f message=회원 가입에 감사드립니다.
[2026-06-29 14:02:27] 회원가입 검증 완료 name=여해린 day=화목 dialogs=['회원 가입하시겠습니까?', '회원 가입에 감사드립니다.']
[2026-06-29 14:02:27] 수강신청 시도 1 name=여해린 id=mollydayger15f
[2026-06-29 14:02:27] 수강신청 시작 name=여해린 sheet=PH day=화목
[2026-06-29 14:02:35] PH 과정 선택 완료 day=화목 course_id=2_62 label='' week_filter=True
[2026-06-29 14:02:35] 수강신청 요일 선택 완료 name=여해린 day=화목
[2026-06-29 14:02:37] 수강신청 1차 제출 완료 name=여해린
[2026-06-29 14:02:41] 수강신청 최종 제출 완료 name=여해린
여해린 신청 완료 / 총 233명, 오늘 30명 추가되었습니다.
[2026-06-29 14:02:43] 기록 저장 완료 name=여해린 total=233 today=30
[2026-06-29 14:02:47] 대상 완료 name=여해린 total=233/300 today=30/97
[2026-06-29 14:02:51] 신규 대상 시작 plan={'sex': '남자', 'day': '월수'}
[2026-06-29 14:02:54] 회원가입 시도 1/4
[2026-06-29 14:02:54] 회원가입 시작 sheet=PH plan={'sex': '남자', 'day': '월수'}
[2026-06-29 14:03:00] 회원가입 폼 진입 완료
[2026-06-29 14:03:03] 우편번호 검색 query=경북 포항시 남구 오천읍 문덕로12번길 29
[2026-06-29 14:03:03] 우편번호 검색 실패 query=경북 포항시 남구 오천읍 문덕로12번길 29 error=Error('Locator.count: Execution context was destroyed, most likely because of a navigation')
[2026-06-29 14:03:04] 우편번호 검색 query=경북 포항시 남구 오천읍 문덕로12번길 29
[2026-06-29 14:03:05] 우편번호 입력 완료 zip=37887 addr=경북 포항시 남구 오천읍 문덕로12번길 29 (문덕리, 성우천마타운2차)
[2026-06-29 14:03:07] 회원가입 제출 클릭 name=이유찬 id=naturekingr274 school=문덕초등학교
[2026-06-29 14:03:08] 회원가입 알림 name=이유찬 id=naturekingr274 message=회원 가입하시겠습니까?
[2026-06-29 14:03:09] 회원가입 알림 name=이유찬 id=naturekingr274 message=회원 가입에 감사드립니다.
[2026-06-29 14:03:19] 회원가입 검증 완료 name=이유찬 day=월수 dialogs=['회원 가입하시겠습니까?', '회원 가입에 감사드립니다.']
[2026-06-29 14:03:19] 수강신청 시도 1 name=이유찬 id=naturekingr274
[2026-06-29 14:03:19] 수강신청 시작 name=이유찬 sheet=PH day=월수
[2026-06-29 14:03:27] PH 과정 선택 완료 day=월수 course_id=1_61 label='' week_filter=True
[2026-06-29 14:03:27] 수강신청 요일 선택 완료 name=이유찬 day=월수
[2026-06-29 14:03:29] 수강신청 1차 제출 완료 name=이유찬
[2026-06-29 14:03:33] 수강신청 최종 제출 완료 name=이유찬
이유찬 신청 완료 / 총 234명, 오늘 31명 추가되었습니다.
[2026-06-29 14:03:34] 기록 저장 완료 name=이유찬 total=234 today=31
[2026-06-29 14:03:36] 대상 완료 name=이유찬 total=234/300 today=31/97
[2026-06-29 14:03:38] 신규 대상 시작 plan={'sex': '남자', 'day': '화목'}
[2026-06-29 14:03:41] 회원가입 시도 1/4
[2026-06-29 14:03:41] 회원가입 시작 sheet=PH plan={'sex': '남자', 'day': '화목'}
[2026-06-29 14:03:47] 회원가입 폼 진입 완료
[2026-06-29 14:03:50] 우편번호 검색 query=경북 포항시 북구 흥해읍 중성로32번길 30-1
[2026-06-29 14:03:51] 우편번호 입력 완료 zip=37545 addr=경북 포항시 북구 흥해읍 중성로32번길 30-1 (남성리, 대동빌라)
[2026-06-29 14:03:52] 회원가입 제출 클릭 name=김효준 id=kidpeaceimag327 school=흥해남산초등학교
[2026-06-29 14:03:53] 회원가입 알림 name=김효준 id=kidpeaceimag327 message=회원 가입하시겠습니까?
[2026-06-29 14:03:54] 회원가입 알림 name=김효준 id=kidpeaceimag327 message=회원 가입에 감사드립니다.
[2026-06-29 14:04:04] 회원가입 검증 완료 name=김효준 day=화목 dialogs=['회원 가입하시겠습니까?', '회원 가입에 감사드립니다.']
[2026-06-29 14:04:04] 수강신청 시도 1 name=김효준 id=kidpeaceimag327
[2026-06-29 14:04:04] 수강신청 시작 name=김효준 sheet=PH day=화목
[2026-06-29 14:04:13] PH 과정 선택 완료 day=화목 course_id=2_62 label='' week_filter=True
[2026-06-29 14:04:13] 수강신청 요일 선택 완료 name=김효준 day=화목
[2026-06-29 14:04:16] 수강신청 1차 제출 완료 name=김효준
[2026-06-29 14:04:20] 수강신청 최종 제출 완료 name=김효준
김효준 신청 완료 / 총 235명, 오늘 32명 추가되었습니다.
[2026-06-29 14:04:22] 기록 저장 완료 name=김효준 total=235 today=32
[2026-06-29 14:04:24] 대상 완료 name=김효준 total=235/300 today=32/97
[2026-06-29 14:04:27] 신규 대상 시작 plan={'sex': '여자', 'day': '화목'}
[2026-06-29 14:04:32] 회원가입 시도 1/4
[2026-06-29 14:04:32] 회원가입 시작 sheet=PH plan={'sex': '여자', 'day': '화목'}
[2026-06-29 14:04:40] 회원가입 폼 진입 완료
[2026-06-29 14:04:43] 우편번호 검색 query=경북 포항시 남구 인덕로 71
[2026-06-29 14:04:44] 우편번호 입력 완료 zip=37878 addr=경북 포항시 남구 인덕로 71 (인덕동, 소망아파트)
[2026-06-29 14:04:45] 회원가입 제출 클릭 name=이하연 id=skillfulcras13p school=인덕초등학교
[2026-06-29 14:04:46] 회원가입 알림 name=이하연 id=skillfulcras13p message=회원 가입하시겠습니까?
[2026-06-29 14:04:47] 회원가입 알림 name=이하연 id=skillfulcras13p message=회원 가입에 감사드립니다.
[2026-06-29 14:04:57] 회원가입 검증 완료 name=이하연 day=화목 dialogs=['회원 가입하시겠습니까?', '회원 가입에 감사드립니다.']
[2026-06-29 14:04:57] 수강신청 시도 1 name=이하연 id=skillfulcras13p
[2026-06-29 14:04:57] 수강신청 시작 name=이하연 sheet=PH day=화목
[2026-06-29 14:05:06] PH 과정 선택 완료 day=화목 course_id=2_62 label='' week_filter=True
[2026-06-29 14:05:06] 수강신청 요일 선택 완료 name=이하연 day=화목
[2026-06-29 14:05:08] 수강신청 1차 제출 완료 name=이하연
[2026-06-29 14:05:12] 수강신청 최종 제출 완료 name=이하연
이하연 신청 완료 / 총 236명, 오늘 33명 추가되었습니다.
[2026-06-29 14:05:13] 기록 저장 완료 name=이하연 total=236 today=33
[2026-06-29 14:05:16] 대상 완료 name=이하연 total=236/300 today=33/97
[2026-06-29 14:05:19] 신규 대상 시작 plan={'sex': '여자', 'day': '월수'}
[2026-06-29 14:05:23] 회원가입 시도 1/4
[2026-06-29 14:05:23] 회원가입 시작 sheet=PH plan={'sex': '여자', 'day': '월수'}
[2026-06-29 14:05:29] 회원가입 폼 진입 완료
[2026-06-29 14:05:31] 우편번호 검색 query=경북 포항시 북구 중흥로161번길 30
[2026-06-29 14:05:33] 우편번호 입력 완료 zip=37756 addr=경북 포항시 북구 중흥로161번길 30 (죽도동, 남부아파트)
[2026-06-29 14:05:34] 회원가입 제출 클릭 name=윤세령 id=wisemindfulw831 school=상대초등학교
[2026-06-29 14:05:35] 회원가입 알림 name=윤세령 id=wisemindfulw831 message=회원 가입하시겠습니까?
[2026-06-29 14:05:36] 회원가입 알림 name=윤세령 id=wisemindfulw831 message=회원 가입에 감사드립니다.
[2026-06-29 14:05:46] 회원가입 검증 완료 name=윤세령 day=월수 dialogs=['회원 가입하시겠습니까?', '회원 가입에 감사드립니다.']
[2026-06-29 14:05:46] 수강신청 시도 1 name=윤세령 id=wisemindfulw831
[2026-06-29 14:05:46] 수강신청 시작 name=윤세령 sheet=PH day=월수
[2026-06-29 14:05:55] PH 과정 선택 완료 day=월수 course_id=1_61 label='' week_filter=True
[2026-06-29 14:05:55] 수강신청 요일 선택 완료 name=윤세령 day=월수
[2026-06-29 14:05:57] 수강신청 1차 제출 완료 name=윤세령
[2026-06-29 14:06:01] 수강신청 최종 제출 완료 name=윤세령
윤세령 신청 완료 / 총 237명, 오늘 34명 추가되었습니다.
[2026-06-29 14:06:02] 기록 저장 완료 name=윤세령 total=237 today=34
[2026-06-29 14:06:04] 대상 완료 name=윤세령 total=237/300 today=34/97
[2026-06-29 14:06:07] 신규 대상 시작 plan={'sex': '여자', 'day': '화목'}
[2026-06-29 14:06:12] 회원가입 시도 1/4
[2026-06-29 14:06:12] 회원가입 시작 sheet=PH plan={'sex': '여자', 'day': '화목'}
[2026-06-29 14:06:19] 회원가입 폼 진입 완료
[2026-06-29 14:06:23] 우편번호 검색 query=경북 포항시 북구 흥해읍 남성리 587-1
[2026-06-29 14:06:36] 우편번호 검색 query=경북 포항시 북구 흥해읍 남성리 587-1
[2026-06-29 14:06:49] 우편번호 검색 query=흥해남산초등학교
[2026-06-29 14:06:50] 우편번호 입력 완료 zip=37546 addr=경북 포항시 북구 흥해읍 남미질로 26 (남성리, 흥해남산초등학교)
[2026-06-29 14:06:51] 회원가입 제출 클릭 name=손유진 id=studiocolla4028 school=흥해남산초등학교
[2026-06-29 14:06:52] 회원가입 알림 name=손유진 id=studiocolla4028 message=회원 가입하시겠습니까?
[2026-06-29 14:06:53] 회원가입 알림 name=손유진 id=studiocolla4028 message=회원 가입에 감사드립니다.
[2026-06-29 14:07:02] 회원가입 검증 완료 name=손유진 day=화목 dialogs=['회원 가입하시겠습니까?', '회원 가입에 감사드립니다.']
[2026-06-29 14:07:02] 수강신청 시도 1 name=손유진 id=studiocolla4028
[2026-06-29 14:07:02] 수강신청 시작 name=손유진 sheet=PH day=화목
[2026-06-29 14:07:11] PH 과정 선택 완료 day=화목 course_id=2_62 label='' week_filter=True
[2026-06-29 14:07:11] 수강신청 요일 선택 완료 name=손유진 day=화목
[2026-06-29 14:07:13] 수강신청 1차 제출 완료 name=손유진
[2026-06-29 14:07:16] 수강신청 최종 제출 완료 name=손유진
손유진 신청 완료 / 총 238명, 오늘 35명 추가되었습니다.
[2026-06-29 14:07:17] 기록 저장 완료 name=손유진 total=238 today=35
[2026-06-29 14:07:19] 대상 완료 name=손유진 total=238/300 today=35/97
[2026-06-29 14:07:22] 신규 대상 시작 plan={'sex': '여자', 'day': '화목'}
[2026-06-29 14:07:25] 회원가입 시도 1/4
[2026-06-29 14:07:25] 회원가입 시작 sheet=PH plan={'sex': '여자', 'day': '화목'}
[2026-06-29 14:07:32] 회원가입 폼 진입 완료
[2026-06-29 14:07:34] 우편번호 검색 query=경북 포항시 북구 삼흥로88번길 10
[2026-06-29 14:07:34] 우편번호 검색 실패 query=경북 포항시 북구 삼흥로88번길 10 error=Error('Locator.count: Execution context was destroyed, most likely because of a navigation')
[2026-06-29 14:07:36] 우편번호 검색 query=경북 포항시 북구 삼흥로88번길 10
[2026-06-29 14:07:37] 우편번호 입력 완료 zip=37607 addr=경북 포항시 북구 삼흥로88번길 10 (장성동, 장미아파트)
[2026-06-29 14:07:38] 회원가입 제출 클릭 name=차은빈 id=blackpinkre2812 school=장량초등학교
[2026-06-29 14:07:39] 회원가입 알림 name=차은빈 id=blackpinkre2812 message=회원 가입하시겠습니까?
[2026-06-29 14:07:40] 회원가입 알림 name=차은빈 id=blackpinkre2812 message=회원 가입에 감사드립니다.
[2026-06-29 14:07:50] 회원가입 검증 완료 name=차은빈 day=화목 dialogs=['회원 가입하시겠습니까?', '회원 가입에 감사드립니다.']
[2026-06-29 14:07:50] 수강신청 시도 1 name=차은빈 id=blackpinkre2812
[2026-06-29 14:07:50] 수강신청 시작 name=차은빈 sheet=PH day=화목
[2026-06-29 14:07:58] PH 과정 선택 완료 day=화목 course_id=2_62 label='' week_filter=True
[2026-06-29 14:07:58] 수강신청 요일 선택 완료 name=차은빈 day=화목
[2026-06-29 14:08:00] 수강신청 1차 제출 완료 name=차은빈
[2026-06-29 14:08:04] 수강신청 최종 제출 완료 name=차은빈
차은빈 신청 완료 / 총 239명, 오늘 36명 추가되었습니다.
[2026-06-29 14:08:06] 기록 저장 완료 name=차은빈 total=239 today=36
[2026-06-29 14:08:10] 대상 완료 name=차은빈 total=239/300 today=36/97
[2026-06-29 14:08:13] 신규 대상 시작 plan={'sex': '여자', 'day': '월수'}
[2026-06-29 14:08:17] 회원가입 시도 1/4
[2026-06-29 14:08:17] 회원가입 시작 sheet=PH plan={'sex': '여자', 'day': '월수'}
[2026-06-29 14:08:24] 회원가입 폼 진입 완료
[2026-06-29 14:08:28] 우편번호 검색 query=경북 포항시 북구 용두산길 62
[2026-06-29 14:08:30] 우편번호 입력 완료 zip=37608 addr=경북 포항시 북구 용두산길 62 (두호동, 청우대림2차아파트)
[2026-06-29 14:08:31] 회원가입 제출 클릭 name=정누리 id=baseballmedia68 school=장량초등학교
[2026-06-29 14:08:32] 회원가입 알림 name=정누리 id=baseballmedia68 message=회원 가입하시겠습니까?
[2026-06-29 14:08:33] 회원가입 알림 name=정누리 id=baseballmedia68 message=회원 가입에 감사드립니다.
[2026-06-29 14:08:43] 회원가입 검증 완료 name=정누리 day=월수 dialogs=['회원 가입하시겠습니까?', '회원 가입에 감사드립니다.']
[2026-06-29 14:08:43] 수강신청 시도 1 name=정누리 id=baseballmedia68
[2026-06-29 14:08:43] 수강신청 시작 name=정누리 sheet=PH day=월수
[2026-06-29 14:08:51] PH 과정 선택 완료 day=월수 course_id=1_61 label='' week_filter=True
[2026-06-29 14:08:51] 수강신청 요일 선택 완료 name=정누리 day=월수
[2026-06-29 14:08:53] 수강신청 1차 제출 완료 name=정누리
[2026-06-29 14:08:57] 수강신청 최종 제출 완료 name=정누리
정누리 신청 완료 / 총 240명, 오늘 37명 추가되었습니다.
[2026-06-29 14:08:59] 기록 저장 완료 name=정누리 total=240 today=37
[2026-06-29 14:09:00] 대상 완료 name=정누리 total=240/300 today=37/97
[2026-06-29 14:09:02] 신규 대상 시작 plan={'sex': '남자', 'day': '화목'}
[2026-06-29 14:09:06] 회원가입 시도 1/4
[2026-06-29 14:09:06] 회원가입 시작 sheet=PH plan={'sex': '남자', 'day': '화목'}
[2026-06-29 14:09:11] 회원가입 폼 진입 완료
[2026-06-29 14:09:14] 우편번호 검색 query=경북 포항시 북구 삼흥로32번길 5
[2026-06-29 14:09:16] 우편번호 입력 완료 zip=37609 addr=경북 포항시 북구 삼흥로32번길 5 (장성동, 럭키장성아파트)
[2026-06-29 14:09:17] 회원가입 제출 클릭 name=최정혁 id=pokemonfutuo684 school=포항동부초등학교
[2026-06-29 14:09:18] 회원가입 알림 name=최정혁 id=pokemonfutuo684 message=회원 가입하시겠습니까?
[2026-06-29 14:09:19] 회원가입 알림 name=최정혁 id=pokemonfutuo684 message=회원 가입에 감사드립니다.
[2026-06-29 14:09:29] 회원가입 검증 완료 name=최정혁 day=화목 dialogs=['회원 가입하시겠습니까?', '회원 가입에 감사드립니다.']
[2026-06-29 14:09:29] 수강신청 시도 1 name=최정혁 id=pokemonfutuo684
[2026-06-29 14:09:29] 수강신청 시작 name=최정혁 sheet=PH day=화목
[2026-06-29 14:09:37] PH 과정 선택 완료 day=화목 course_id=2_62 label='' week_filter=True
[2026-06-29 14:09:37] 수강신청 요일 선택 완료 name=최정혁 day=화목
[2026-06-29 14:09:39] 수강신청 1차 제출 완료 name=최정혁
[2026-06-29 14:09:43] 수강신청 최종 제출 완료 name=최정혁
최정혁 신청 완료 / 총 241명, 오늘 38명 추가되었습니다.
[2026-06-29 14:09:44] 기록 저장 완료 name=최정혁 total=241 today=38
[2026-06-29 14:09:45] 대상 완료 name=최정혁 total=241/300 today=38/97
[2026-06-29 14:09:48] 신규 대상 시작 plan={'sex': '여자', 'day': '월수'}
[2026-06-29 14:09:52] 회원가입 시도 1/4
[2026-06-29 14:09:52] 회원가입 시작 sheet=PH plan={'sex': '여자', 'day': '월수'}
[2026-06-29 14:09:57] 회원가입 폼 진입 완료
[2026-06-29 14:10:00] 우편번호 검색 query=경북 포항시 북구 흥해읍 남성리 587-1
[2026-06-29 14:10:14] 우편번호 검색 query=경북 포항시 북구 흥해읍 남성리 587-1
[2026-06-29 14:10:27] 우편번호 검색 query=흥해남산초등학교
[2026-06-29 14:10:28] 우편번호 입력 완료 zip=37546 addr=경북 포항시 북구 흥해읍 남미질로 26 (남성리, 흥해남산초등학교)
[2026-06-29 14:10:29] 회원가입 제출 클릭 name=김단비 id=nightthrowdop64 school=흥해남산초등학교
[2026-06-29 14:10:30] 회원가입 알림 name=김단비 id=nightthrowdop64 message=회원 가입하시겠습니까?
[2026-06-29 14:10:31] 회원가입 알림 name=김단비 id=nightthrowdop64 message=회원 가입에 감사드립니다.
[2026-06-29 14:10:41] 회원가입 검증 완료 name=김단비 day=월수 dialogs=['회원 가입하시겠습니까?', '회원 가입에 감사드립니다.']
[2026-06-29 14:10:41] 수강신청 시도 1 name=김단비 id=nightthrowdop64
[2026-06-29 14:10:41] 수강신청 시작 name=김단비 sheet=PH day=월수
[2026-06-29 14:10:49] PH 과정 선택 완료 day=월수 course_id=1_61 label='' week_filter=True
[2026-06-29 14:10:49] 수강신청 요일 선택 완료 name=김단비 day=월수
[2026-06-29 14:10:52] 수강신청 1차 제출 완료 name=김단비
[2026-06-29 14:10:57] 수강신청 최종 제출 완료 name=김단비
김단비 신청 완료 / 총 242명, 오늘 39명 추가되었습니다.
[2026-06-29 14:10:58] 기록 저장 완료 name=김단비 total=242 today=39
[2026-06-29 14:11:00] 대상 완료 name=김단비 total=242/300 today=39/97
[2026-06-29 14:11:02] 신규 대상 시작 plan={'sex': '남자', 'day': '화목'}
[2026-06-29 14:11:06] 회원가입 시도 1/4
[2026-06-29 14:11:06] 회원가입 시작 sheet=PH plan={'sex': '남자', 'day': '화목'}
[2026-06-29 14:11:12] 회원가입 폼 진입 완료
[2026-06-29 14:11:14] 우편번호 검색 query=경북 포항시 북구 우창로 166 창포메트로시티2단지
[2026-06-29 14:11:16] 우편번호 입력 완료 zip=37627 addr=경북 포항시 북구 우창로 166 (창포동, 창포메트로시티2단지)
[2026-06-29 14:11:18] 회원가입 제출 클릭 name=이윤건 id=blackpinksup48d school=창포초등학교
[2026-06-29 14:11:19] 회원가입 알림 name=이윤건 id=blackpinksup48d message=회원 가입하시겠습니까?
[2026-06-29 14:11:20] 회원가입 알림 name=이윤건 id=blackpinksup48d message=회원 가입에 감사드립니다.
[2026-06-29 14:11:29] 회원가입 검증 완료 name=이윤건 day=화목 dialogs=['회원 가입하시겠습니까?', '회원 가입에 감사드립니다.']
[2026-06-29 14:11:29] 수강신청 시도 1 name=이윤건 id=blackpinksup48d
[2026-06-29 14:11:29] 수강신청 시작 name=이윤건 sheet=PH day=화목
[2026-06-29 14:11:38] PH 과정 선택 완료 day=화목 course_id=2_62 label='' week_filter=True
[2026-06-29 14:11:38] 수강신청 요일 선택 완료 name=이윤건 day=화목
[2026-06-29 14:11:40] 수강신청 1차 제출 완료 name=이윤건
[2026-06-29 14:11:43] 수강신청 최종 제출 완료 name=이윤건
이윤건 신청 완료 / 총 243명, 오늘 40명 추가되었습니다.
[2026-06-29 14:11:44] 기록 저장 완료 name=이윤건 total=243 today=40
[2026-06-29 14:11:46] 대상 완료 name=이윤건 total=243/300 today=40/97
[2026-06-29 14:11:49] 신규 대상 시작 plan={'sex': '여자', 'day': '화목'}
[2026-06-29 14:11:52] 회원가입 시도 1/4
[2026-06-29 14:11:52] 회원가입 시작 sheet=PH plan={'sex': '여자', 'day': '화목'}
[2026-06-29 14:11:57] 회원가입 폼 진입 완료
[2026-06-29 14:12:00] 우편번호 검색 query=경북 포항시 북구 우미길 90
[2026-06-29 14:12:01] 우편번호 입력 완료 zip=37647 addr=경북 포항시 북구 우미길 90 (용흥동, 해원하나로타운)
[2026-06-29 14:12:02] 회원가입 제출 클릭 name=류이은 id=translatorco66i school=포항대흥초등학교
[2026-06-29 14:12:03] 회원가입 알림 name=류이은 id=translatorco66i message=회원 가입하시겠습니까?
[2026-06-29 14:12:04] 회원가입 알림 name=류이은 id=translatorco66i message=회원 가입에 감사드립니다.
[2026-06-29 14:12:15] 회원가입 검증 완료 name=류이은 day=화목 dialogs=['회원 가입하시겠습니까?', '회원 가입에 감사드립니다.']
[2026-06-29 14:12:15] 수강신청 시도 1 name=류이은 id=translatorco66i
[2026-06-29 14:12:15] 수강신청 시작 name=류이은 sheet=PH day=화목
[2026-06-29 14:12:24] PH 과정 선택 완료 day=화목 course_id=2_62 label='' week_filter=True
[2026-06-29 14:12:24] 수강신청 요일 선택 완료 name=류이은 day=화목
[2026-06-29 14:12:26] 수강신청 1차 제출 완료 name=류이은
[2026-06-29 14:12:30] 수강신청 최종 제출 완료 name=류이은
류이은 신청 완료 / 총 244명, 오늘 41명 추가되었습니다.
[2026-06-29 14:12:32] 기록 저장 완료 name=류이은 total=244 today=41
[2026-06-29 14:12:34] 대상 완료 name=류이은 total=244/300 today=41/97
[2026-06-29 14:12:37] 신규 대상 시작 plan={'sex': '남자', 'day': '화목'}
[2026-06-29 14:12:40] 회원가입 시도 1/4
[2026-06-29 14:12:40] 회원가입 시작 sheet=PH plan={'sex': '남자', 'day': '화목'}
[2026-06-29 14:12:46] 회원가입 폼 진입 완료
[2026-06-29 14:12:48] 우편번호 검색 query=경북 포항시 남구 해병로 405 청호하이츠
[2026-06-29 14:12:50] 우편번호 입력 완료 zip=37916 addr=경북 포항시 남구 오천읍 해병로 405 (문덕리, 청호하이츠)
[2026-06-29 14:12:50] 회원가입 제출 클릭 name=김민우 id=baseballfocx823 school=문덕초등학교
[2026-06-29 14:12:52] 회원가입 알림 name=김민우 id=baseballfocx823 message=회원 가입하시겠습니까?
[2026-06-29 14:12:53] 회원가입 알림 name=김민우 id=baseballfocx823 message=회원 가입에 감사드립니다.
[2026-06-29 14:13:02] 회원가입 검증 완료 name=김민우 day=화목 dialogs=['회원 가입하시겠습니까?', '회원 가입에 감사드립니다.']
[2026-06-29 14:13:03] 수강신청 시도 1 name=김민우 id=baseballfocx823
[2026-06-29 14:13:03] 수강신청 시작 name=김민우 sheet=PH day=화목
[2026-06-29 14:13:11] PH 과정 선택 완료 day=화목 course_id=2_62 label='' week_filter=True
[2026-06-29 14:13:11] 수강신청 요일 선택 완료 name=김민우 day=화목
[2026-06-29 14:13:13] 수강신청 1차 제출 완료 name=김민우
[2026-06-29 14:13:17] 수강신청 최종 제출 완료 name=김민우
김민우 신청 완료 / 총 245명, 오늘 42명 추가되었습니다.
[2026-06-29 14:13:18] 기록 저장 완료 name=김민우 total=245 today=42
[2026-06-29 14:13:19] 대상 완료 name=김민우 total=245/300 today=42/97
[2026-06-29 14:13:22] 신규 대상 시작 plan={'sex': '남자', 'day': '월수'}
[2026-06-29 14:13:25] 회원가입 시도 1/4
[2026-06-29 14:13:25] 회원가입 시작 sheet=PH plan={'sex': '남자', 'day': '월수'}
[2026-06-29 14:13:31] 회원가입 폼 진입 완료
[2026-06-29 14:13:33] 우편번호 검색 query=경북 포항시 북구 용흥동 포항우방타운
[2026-06-29 14:13:35] 우편번호 입력 완료 zip=37650 addr=경북 포항시 북구 대안길 56 (용흥동, 우방타운)
[2026-06-29 14:13:36] 회원가입 제출 클릭 name=김예훈 id=valueblackpi93c school=포항대흥초등학교
[2026-06-29 14:13:37] 회원가입 알림 name=김예훈 id=valueblackpi93c message=회원 가입하시겠습니까?
[2026-06-29 14:13:38] 회원가입 알림 name=김예훈 id=valueblackpi93c message=회원 가입에 감사드립니다.
[2026-06-29 14:13:48] 회원가입 검증 완료 name=김예훈 day=월수 dialogs=['회원 가입하시겠습니까?', '회원 가입에 감사드립니다.']
[2026-06-29 14:13:48] 수강신청 시도 1 name=김예훈 id=valueblackpi93c
[2026-06-29 14:13:48] 수강신청 시작 name=김예훈 sheet=PH day=월수
[2026-06-29 14:13:56] PH 과정 선택 완료 day=월수 course_id=1_61 label='' week_filter=True
[2026-06-29 14:13:56] 수강신청 요일 선택 완료 name=김예훈 day=월수
[2026-06-29 14:13:58] 수강신청 1차 제출 완료 name=김예훈
[2026-06-29 14:14:02] 수강신청 최종 제출 완료 name=김예훈
김예훈 신청 완료 / 총 246명, 오늘 43명 추가되었습니다.
[2026-06-29 14:14:03] 기록 저장 완료 name=김예훈 total=246 today=43
[2026-06-29 14:14:06] 대상 완료 name=김예훈 total=246/300 today=43/97
[2026-06-29 14:14:10] 신규 대상 시작 plan={'sex': '남자', 'day': '화목'}
[2026-06-29 14:14:14] 회원가입 시도 1/4
[2026-06-29 14:14:14] 회원가입 시작 sheet=PH plan={'sex': '남자', 'day': '화목'}
[2026-06-29 14:14:20] 회원가입 폼 진입 완료
[2026-06-29 14:14:22] 우편번호 검색 query=경북 포항시 남구 오천읍 해병로 127
[2026-06-29 14:14:24] 우편번호 입력 완료 zip=37902 addr=경북 포항시 남구 오천읍 해병로 127 (구정리, 우방신세계타운2차)
[2026-06-29 14:14:25] 회원가입 제출 클릭 name=윤강우 id=visionaryshp522 school=구정초등학교
[2026-06-29 14:14:26] 회원가입 알림 name=윤강우 id=visionaryshp522 message=회원 가입하시겠습니까?
[2026-06-29 14:14:27] 회원가입 알림 name=윤강우 id=visionaryshp522 message=회원 가입에 감사드립니다.
[2026-06-29 14:14:37] 회원가입 검증 완료 name=윤강우 day=화목 dialogs=['회원 가입하시겠습니까?', '회원 가입에 감사드립니다.']
[2026-06-29 14:14:37] 수강신청 시도 1 name=윤강우 id=visionaryshp522
[2026-06-29 14:14:37] 수강신청 시작 name=윤강우 sheet=PH day=화목
[2026-06-29 14:14:45] PH 과정 선택 완료 day=화목 course_id=2_62 label='' week_filter=True
[2026-06-29 14:14:45] 수강신청 요일 선택 완료 name=윤강우 day=화목
[2026-06-29 14:14:47] 수강신청 1차 제출 완료 name=윤강우
[2026-06-29 14:14:51] 수강신청 최종 제출 완료 name=윤강우
윤강우 신청 완료 / 총 247명, 오늘 44명 추가되었습니다.
[2026-06-29 14:14:52] 기록 저장 완료 name=윤강우 total=247 today=44
[2026-06-29 14:14:54] 대상 완료 name=윤강우 total=247/300 today=44/97
[2026-06-29 14:14:56] 신규 대상 시작 plan={'sex': '여자', 'day': '월수'}
[2026-06-29 14:15:00] 회원가입 시도 1/4
[2026-06-29 14:15:00] 회원가입 시작 sheet=PH plan={'sex': '여자', 'day': '월수'}
[2026-06-29 14:15:06] 회원가입 폼 진입 완료
[2026-06-29 14:15:09] 우편번호 검색 query=경북 포항시 북구 중흥로161번길 24-8 경동하이츠13차
[2026-06-29 14:15:09] 우편번호 검색 실패 query=경북 포항시 북구 중흥로161번길 24-8 경동하이츠13차 error=Error('Locator.count: Execution context was destroyed, most likely because of a navigation')
[2026-06-29 14:15:10] 우편번호 검색 query=경북 포항시 북구 중흥로161번길 24-8 경동하이츠13차
[2026-06-29 14:15:11] 우편번호 입력 완료 zip=37756 addr=경북 포항시 북구 중흥로161번길 24-8 (죽도동, 경동하이츠13차)
[2026-06-29 14:15:12] 회원가입 제출 클릭 name=김아랑 id=kingorbit89w school=상대초등학교
[2026-06-29 14:15:13] 회원가입 알림 name=김아랑 id=kingorbit89w message=회원 가입하시겠습니까?
[2026-06-29 14:15:14] 회원가입 알림 name=김아랑 id=kingorbit89w message=회원 가입에 감사드립니다.
[2026-06-29 14:15:23] 회원가입 검증 완료 name=김아랑 day=월수 dialogs=['회원 가입하시겠습니까?', '회원 가입에 감사드립니다.']
[2026-06-29 14:15:23] 수강신청 시도 1 name=김아랑 id=kingorbit89w
[2026-06-29 14:15:23] 수강신청 시작 name=김아랑 sheet=PH day=월수
[2026-06-29 14:15:32] PH 과정 선택 완료 day=월수 course_id=1_61 label='' week_filter=True
[2026-06-29 14:15:32] 수강신청 요일 선택 완료 name=김아랑 day=월수
[2026-06-29 14:15:34] 수강신청 1차 제출 완료 name=김아랑
[2026-06-29 14:15:37] 수강신청 최종 제출 완료 name=김아랑
김아랑 신청 완료 / 총 248명, 오늘 45명 추가되었습니다.
[2026-06-29 14:15:39] 기록 저장 완료 name=김아랑 total=248 today=45
[2026-06-29 14:15:40] 대상 완료 name=김아랑 total=248/300 today=45/97
[2026-06-29 14:15:43] 신규 대상 시작 plan={'sex': '여자', 'day': '화목'}
[2026-06-29 14:15:46] 회원가입 시도 1/4
[2026-06-29 14:15:46] 회원가입 시작 sheet=PH plan={'sex': '여자', 'day': '화목'}
[2026-06-29 14:15:53] 회원가입 폼 진입 완료
[2026-06-29 14:15:55] 우편번호 검색 query=경북 포항시 북구 삼호로 391
[2026-06-29 14:15:57] 우편번호 입력 완료 zip=37604 addr=경북 포항시 북구 삼호로 391 (환호동, 환호해맞이그린빌)
[2026-06-29 14:15:58] 회원가입 제출 클릭 name=김태은 id=communicatop219 school=포항해맞이초등학교
[2026-06-29 14:15:59] 회원가입 알림 name=김태은 id=communicatop219 message=회원 가입하시겠습니까?
[2026-06-29 14:15:59] 회원가입 알림 name=김태은 id=communicatop219 message=회원 가입에 감사드립니다.
[2026-06-29 14:16:09] 회원가입 검증 완료 name=김태은 day=화목 dialogs=['회원 가입하시겠습니까?', '회원 가입에 감사드립니다.']
[2026-06-29 14:16:09] 수강신청 시도 1 name=김태은 id=communicatop219
[2026-06-29 14:16:09] 수강신청 시작 name=김태은 sheet=PH day=화목
[2026-06-29 14:16:18] PH 과정 선택 완료 day=화목 course_id=2_62 label='' week_filter=True
[2026-06-29 14:16:18] 수강신청 요일 선택 완료 name=김태은 day=화목
[2026-06-29 14:16:20] 수강신청 1차 제출 완료 name=김태은
[2026-06-29 14:16:24] 수강신청 최종 제출 완료 name=김태은
김태은 신청 완료 / 총 249명, 오늘 46명 추가되었습니다.
[2026-06-29 14:16:27] 기록 저장 완료 name=김태은 total=249 today=46
[2026-06-29 14:16:29] 대상 완료 name=김태은 total=249/300 today=46/97
[2026-06-29 14:16:32] 신규 대상 시작 plan={'sex': '여자', 'day': '월수'}
[2026-06-29 14:16:35] 회원가입 시도 1/4
[2026-06-29 14:16:35] 회원가입 시작 sheet=PH plan={'sex': '여자', 'day': '월수'}
[2026-06-29 14:16:41] 회원가입 폼 진입 완료
[2026-06-29 14:16:45] 우편번호 검색 query=경북 포항시 남구 정몽주로861번길 19
[2026-06-29 14:16:46] 우편번호 입력 완료 zip=37899 addr=경북 포항시 남구 정몽주로861번길 19 (청림동, 진달래1차아파트)
[2026-06-29 14:16:47] 회원가입 제출 클릭 name=방채영 id=memoriesghos97f school=인덕초등학교
[2026-06-29 14:16:48] 회원가입 알림 name=방채영 id=memoriesghos97f message=회원 가입하시겠습니까?
[2026-06-29 14:16:49] 회원가입 알림 name=방채영 id=memoriesghos97f message=회원 가입에 감사드립니다.
[2026-06-29 14:16:59] 회원가입 검증 완료 name=방채영 day=월수 dialogs=['회원 가입하시겠습니까?', '회원 가입에 감사드립니다.']
[2026-06-29 14:16:59] 수강신청 시도 1 name=방채영 id=memoriesghos97f
[2026-06-29 14:16:59] 수강신청 시작 name=방채영 sheet=PH day=월수
[2026-06-29 14:17:07] PH 과정 선택 완료 day=월수 course_id=1_61 label='' week_filter=True
[2026-06-29 14:17:07] 수강신청 요일 선택 완료 name=방채영 day=월수
[2026-06-29 14:17:09] 수강신청 1차 제출 완료 name=방채영
[2026-06-29 14:17:12] 수강신청 최종 제출 완료 name=방채영
방채영 신청 완료 / 총 250명, 오늘 47명 추가되었습니다.
[2026-06-29 14:17:13] 기록 저장 완료 name=방채영 total=250 today=47
[2026-06-29 14:17:15] 대상 완료 name=방채영 total=250/300 today=47/97
[2026-06-29 14:17:17] 신규 대상 시작 plan={'sex': '여자', 'day': '화목'}
[2026-06-29 14:17:21] 회원가입 시도 1/4
[2026-06-29 14:17:21] 회원가입 시작 sheet=PH plan={'sex': '여자', 'day': '화목'}
[2026-06-29 14:17:26] 회원가입 폼 진입 완료
[2026-06-29 14:17:29] 우편번호 검색 query=경북 포항시 남구 지곡로 294
[2026-06-29 14:17:31] 우편번호 입력 완료 zip=37669 addr=경북 포항시 남구 지곡로 294 (지곡동, 효자그린아파트)
[2026-06-29 14:17:32] 회원가입 제출 클릭 name=배다온 id=friendlycodi18n school=달전초등학교
[2026-06-29 14:17:33] 회원가입 알림 name=배다온 id=friendlycodi18n message=회원 가입하시겠습니까?
[2026-06-29 14:17:33] 회원가입 알림 name=배다온 id=friendlycodi18n message=회원 가입에 감사드립니다.
[2026-06-29 14:17:43] 회원가입 검증 완료 name=배다온 day=화목 dialogs=['회원 가입하시겠습니까?', '회원 가입에 감사드립니다.']
[2026-06-29 14:17:43] 수강신청 시도 1 name=배다온 id=friendlycodi18n
[2026-06-29 14:17:43] 수강신청 시작 name=배다온 sheet=PH day=화목
[2026-06-29 14:17:52] PH 과정 선택 완료 day=화목 course_id=2_62 label='' week_filter=True
[2026-06-29 14:17:52] 수강신청 요일 선택 완료 name=배다온 day=화목
[2026-06-29 14:17:54] 수강신청 1차 제출 완료 name=배다온
[2026-06-29 14:17:58] 수강신청 최종 제출 완료 name=배다온
배다온 신청 완료 / 총 251명, 오늘 48명 추가되었습니다.
[2026-06-29 14:17:59] 기록 저장 완료 name=배다온 total=251 today=48
[2026-06-29 14:18:01] 대상 완료 name=배다온 total=251/300 today=48/97
[2026-06-29 14:18:03] 신규 대상 시작 plan={'sex': '남자', 'day': '월수'}
[2026-06-29 14:18:07] 회원가입 시도 1/4
[2026-06-29 14:18:07] 회원가입 시작 sheet=PH plan={'sex': '남자', 'day': '월수'}
[2026-06-29 14:18:15] 회원가입 폼 진입 완료
[2026-06-29 14:18:17] 우편번호 검색 query=경북 포항시 남구 정몽주로861번길 19
[2026-06-29 14:18:19] 우편번호 입력 완료 zip=37899 addr=경북 포항시 남구 정몽주로861번길 19 (청림동, 진달래1차아파트)
[2026-06-29 14:18:20] 회원가입 제출 클릭 name=박호 id=honestyboldy533 school=인덕초등학교
[2026-06-29 14:18:21] 회원가입 알림 name=박호 id=honestyboldy533 message=회원 가입하시겠습니까?
[2026-06-29 14:18:22] 회원가입 알림 name=박호 id=honestyboldy533 message=회원 가입에 감사드립니다.
[2026-06-29 14:18:32] 회원가입 검증 완료 name=박호 day=월수 dialogs=['회원 가입하시겠습니까?', '회원 가입에 감사드립니다.']
[2026-06-29 14:18:32] 수강신청 시도 1 name=박호 id=honestyboldy533
[2026-06-29 14:18:32] 수강신청 시작 name=박호 sheet=PH day=월수
[2026-06-29 14:18:41] PH 과정 선택 완료 day=월수 course_id=1_61 label='' week_filter=True
[2026-06-29 14:18:41] 수강신청 요일 선택 완료 name=박호 day=월수
[2026-06-29 14:18:42] 수강신청 1차 제출 완료 name=박호
[2026-06-29 14:18:46] 수강신청 최종 제출 완료 name=박호
박호 신청 완료 / 총 252명, 오늘 49명 추가되었습니다.
[2026-06-29 14:18:47] 기록 저장 완료 name=박호 total=252 today=49
[2026-06-29 14:18:49] 대상 완료 name=박호 total=252/300 today=49/97
[2026-06-29 14:18:53] 신규 대상 시작 plan={'sex': '남자', 'day': '화목'}
[2026-06-29 14:18:56] 회원가입 시도 1/4
[2026-06-29 14:18:56] 회원가입 시작 sheet=PH plan={'sex': '남자', 'day': '화목'}
[2026-06-29 14:19:02] 회원가입 폼 진입 완료
[2026-06-29 14:19:04] 우편번호 검색 query=경북 포항시 남구 해병로 125
[2026-06-29 14:19:06] 우편번호 입력 완료 zip=37902 addr=경북 포항시 남구 해병로 125 (인덕동, 우방신세계1차아파트)
[2026-06-29 14:19:07] 회원가입 제출 클릭 name=조진우 id=legendjustio295 school=인덕초등학교
[2026-06-29 14:19:08] 회원가입 알림 name=조진우 id=legendjustio295 message=회원 가입하시겠습니까?
[2026-06-29 14:19:09] 회원가입 알림 name=조진우 id=legendjustio295 message=회원 가입에 감사드립니다.
[2026-06-29 14:19:19] 회원가입 검증 완료 name=조진우 day=화목 dialogs=['회원 가입하시겠습니까?', '회원 가입에 감사드립니다.']
[2026-06-29 14:19:19] 수강신청 시도 1 name=조진우 id=legendjustio295
[2026-06-29 14:19:19] 수강신청 시작 name=조진우 sheet=PH day=화목
[2026-06-29 14:19:27] PH 과정 선택 완료 day=화목 course_id=2_62 label='' week_filter=True
[2026-06-29 14:19:27] 수강신청 요일 선택 완료 name=조진우 day=화목
[2026-06-29 14:19:29] 수강신청 1차 제출 완료 name=조진우
[2026-06-29 14:19:33] 수강신청 최종 제출 완료 name=조진우
조진우 신청 완료 / 총 253명, 오늘 50명 추가되었습니다.
[2026-06-29 14:19:35] 기록 저장 완료 name=조진우 total=253 today=50
[2026-06-29 14:19:36] 대상 완료 name=조진우 total=253/300 today=50/97
[2026-06-29 14:19:38] 신규 대상 시작 plan={'sex': '여자', 'day': '화목'}
[2026-06-29 14:19:42] 회원가입 시도 1/4
[2026-06-29 14:19:42] 회원가입 시작 sheet=PH plan={'sex': '여자', 'day': '화목'}
[2026-06-29 14:19:48] 회원가입 폼 진입 완료
[2026-06-29 14:19:50] 우편번호 검색 query=경북 포항시 북구 흥해읍 도음로827번길 9
[2026-06-29 14:19:50] 우편번호 검색 실패 query=경북 포항시 북구 흥해읍 도음로827번길 9 error=Error('Locator.count: Execution context was destroyed, most likely because of a navigation')
[2026-06-29 14:19:51] 우편번호 검색 query=경북 포항시 북구 흥해읍 도음로827번길 9
[2026-06-29 14:19:52] 우편번호 입력 완료 zip=37562 addr=경북 포항시 북구 흥해읍 도음로827번길 9 (학천리)
[2026-06-29 14:19:53] 회원가입 제출 클릭 name=진시원 id=explorerach1772 school=학천초등학교
[2026-06-29 14:19:54] 회원가입 알림 name=진시원 id=explorerach1772 message=회원 가입하시겠습니까?
[2026-06-29 14:19:55] 회원가입 알림 name=진시원 id=explorerach1772 message=회원 가입에 감사드립니다.
[2026-06-29 14:20:05] 회원가입 검증 완료 name=진시원 day=화목 dialogs=['회원 가입하시겠습니까?', '회원 가입에 감사드립니다.']
[2026-06-29 14:20:05] 수강신청 시도 1 name=진시원 id=explorerach1772
[2026-06-29 14:20:05] 수강신청 시작 name=진시원 sheet=PH day=화목
[2026-06-29 14:20:13] PH 과정 선택 완료 day=화목 course_id=2_62 label='' week_filter=True
[2026-06-29 14:20:13] 수강신청 요일 선택 완료 name=진시원 day=화목
[2026-06-29 14:20:16] 수강신청 1차 제출 완료 name=진시원
[2026-06-29 14:20:19] 수강신청 최종 제출 완료 name=진시원
진시원 신청 완료 / 총 254명, 오늘 51명 추가되었습니다.
[2026-06-29 14:20:21] 기록 저장 완료 name=진시원 total=254 today=51
[2026-06-29 14:20:26] 대상 완료 name=진시원 total=254/300 today=51/97
[2026-06-29 14:20:29] 신규 대상 시작 plan={'sex': '여자', 'day': '월수'}
[2026-06-29 14:20:33] 회원가입 시도 1/4
[2026-06-29 14:20:33] 회원가입 시작 sheet=PH plan={'sex': '여자', 'day': '월수'}
[2026-06-29 14:20:40] 회원가입 폼 진입 완료
[2026-06-29 14:20:42] 우편번호 검색 query=경북 포항시 북구 삼흥로88번길 10
[2026-06-29 14:20:42] 우편번호 검색 실패 query=경북 포항시 북구 삼흥로88번길 10 error=Error('Locator.count: Execution context was destroyed, most likely because of a navigation')
[2026-06-29 14:20:43] 우편번호 검색 query=경북 포항시 북구 삼흥로88번길 10
[2026-06-29 14:20:44] 우편번호 입력 완료 zip=37607 addr=경북 포항시 북구 삼흥로88번길 10 (장성동, 장미아파트)
[2026-06-29 14:20:45] 회원가입 제출 클릭 name=김시현 id=leaderflexr351 school=장량초등학교
[2026-06-29 14:20:46] 회원가입 알림 name=김시현 id=leaderflexr351 message=회원 가입하시겠습니까?
[2026-06-29 14:20:47] 회원가입 알림 name=김시현 id=leaderflexr351 message=회원 가입에 감사드립니다.
[2026-06-29 14:20:57] 회원가입 검증 완료 name=김시현 day=월수 dialogs=['회원 가입하시겠습니까?', '회원 가입에 감사드립니다.']
[2026-06-29 14:20:57] 수강신청 시도 1 name=김시현 id=leaderflexr351
[2026-06-29 14:20:57] 수강신청 시작 name=김시현 sheet=PH day=월수
[2026-06-29 14:21:06] PH 과정 선택 완료 day=월수 course_id=1_61 label='' week_filter=True
[2026-06-29 14:21:06] 수강신청 요일 선택 완료 name=김시현 day=월수
[2026-06-29 14:21:08] 수강신청 1차 제출 완료 name=김시현
[2026-06-29 14:21:12] 수강신청 최종 제출 완료 name=김시현
김시현 신청 완료 / 총 255명, 오늘 52명 추가되었습니다.
[2026-06-29 14:21:13] 기록 저장 완료 name=김시현 total=255 today=52
[2026-06-29 14:21:16] 대상 완료 name=김시현 total=255/300 today=52/97
[2026-06-29 14:21:19] 신규 대상 시작 plan={'sex': '남자', 'day': '월수'}
[2026-06-29 14:21:23] 회원가입 시도 1/4
[2026-06-29 14:21:23] 회원가입 시작 sheet=PH plan={'sex': '남자', 'day': '월수'}
[2026-06-29 14:21:28] 회원가입 폼 진입 완료
[2026-06-29 14:21:31] 우편번호 검색 query=경북 포항시 남구 오천읍 해병로 127
[2026-06-29 14:21:31] 우편번호 검색 실패 query=경북 포항시 남구 오천읍 해병로 127 error=Error('Locator.count: Execution context was destroyed, most likely because of a navigation')
[2026-06-29 14:21:32] 우편번호 검색 query=경북 포항시 남구 오천읍 해병로 127
[2026-06-29 14:21:33] 우편번호 입력 완료 zip=37902 addr=경북 포항시 남구 오천읍 해병로 127 (구정리, 우방신세계타운2차)
[2026-06-29 14:21:35] 회원가입 제출 클릭 name=김예성 id=mintexplora9689 school=구정초등학교
[2026-06-29 14:21:36] 회원가입 알림 name=김예성 id=mintexplora9689 message=회원 가입하시겠습니까?
[2026-06-29 14:21:37] 회원가입 알림 name=김예성 id=mintexplora9689 message=회원 가입에 감사드립니다.
[2026-06-29 14:21:46] 회원가입 검증 완료 name=김예성 day=월수 dialogs=['회원 가입하시겠습니까?', '회원 가입에 감사드립니다.']
[2026-06-29 14:21:46] 수강신청 시도 1 name=김예성 id=mintexplora9689
[2026-06-29 14:21:46] 수강신청 시작 name=김예성 sheet=PH day=월수
[2026-06-29 14:21:55] PH 과정 선택 완료 day=월수 course_id=1_61 label='' week_filter=True
[2026-06-29 14:21:55] 수강신청 요일 선택 완료 name=김예성 day=월수
[2026-06-29 14:21:57] 수강신청 1차 제출 완료 name=김예성
[2026-06-29 14:22:01] 수강신청 최종 제출 완료 name=김예성
김예성 신청 완료 / 총 256명, 오늘 53명 추가되었습니다.
[2026-06-29 14:22:02] 기록 저장 완료 name=김예성 total=256 today=53
[2026-06-29 14:22:04] 대상 완료 name=김예성 total=256/300 today=53/97
[2026-06-29 14:22:07] 신규 대상 시작 plan={'sex': '남자', 'day': '화목'}
[2026-06-29 14:22:12] 회원가입 시도 1/4
[2026-06-29 14:22:12] 회원가입 시작 sheet=PH plan={'sex': '남자', 'day': '화목'}
[2026-06-29 14:22:19] 회원가입 폼 진입 완료
[2026-06-29 14:22:22] 우편번호 검색 query=경북 포항시 북구 삼흥로32번길 5
[2026-06-29 14:22:24] 우편번호 입력 완료 zip=37609 addr=경북 포항시 북구 삼흥로32번길 5 (장성동, 럭키장성아파트)
[2026-06-29 14:22:25] 회원가입 제출 클릭 name=오해준 id=crashyinspir110 school=포항동부초등학교
[2026-06-29 14:22:26] 회원가입 알림 name=오해준 id=crashyinspir110 message=회원 가입하시겠습니까?
[2026-06-29 14:22:26] 회원가입 알림 name=오해준 id=crashyinspir110 message=회원 가입에 감사드립니다.
[2026-06-29 14:22:36] 회원가입 검증 완료 name=오해준 day=화목 dialogs=['회원 가입하시겠습니까?', '회원 가입에 감사드립니다.']
[2026-06-29 14:22:36] 수강신청 시도 1 name=오해준 id=crashyinspir110
[2026-06-29 14:22:36] 수강신청 시작 name=오해준 sheet=PH day=화목
[2026-06-29 14:22:45] PH 과정 선택 완료 day=화목 course_id=2_62 label='' week_filter=True
[2026-06-29 14:22:45] 수강신청 요일 선택 완료 name=오해준 day=화목
[2026-06-29 14:22:47] 수강신청 1차 제출 완료 name=오해준
[2026-06-29 14:22:51] 수강신청 최종 제출 완료 name=오해준
오해준 신청 완료 / 총 257명, 오늘 54명 추가되었습니다.
[2026-06-29 14:22:52] 기록 저장 완료 name=오해준 total=257 today=54
[2026-06-29 14:22:55] 대상 완료 name=오해준 total=257/300 today=54/97
[2026-06-29 14:22:57] 신규 대상 시작 plan={'sex': '여자', 'day': '월수'}
[2026-06-29 14:23:00] 회원가입 시도 1/4
[2026-06-29 14:23:00] 회원가입 시작 sheet=PH plan={'sex': '여자', 'day': '월수'}
[2026-06-29 14:23:06] 회원가입 폼 진입 완료
[2026-06-29 14:23:09] 우편번호 검색 query=경북 포항시 북구 우창로 166 창포메트로시티2단지
[2026-06-29 14:23:10] 우편번호 입력 완료 zip=37627 addr=경북 포항시 북구 우창로 166 (창포동, 창포메트로시티2단지)
[2026-06-29 14:23:12] 회원가입 제출 클릭 name=김지예 id=artfitnesss6710 school=창포초등학교
[2026-06-29 14:23:13] 회원가입 알림 name=김지예 id=artfitnesss6710 message=회원 가입하시겠습니까?
[2026-06-29 14:23:14] 회원가입 알림 name=김지예 id=artfitnesss6710 message=회원 가입에 감사드립니다.
[2026-06-29 14:23:23] 회원가입 검증 완료 name=김지예 day=월수 dialogs=['회원 가입하시겠습니까?', '회원 가입에 감사드립니다.']
[2026-06-29 14:23:23] 수강신청 시도 1 name=김지예 id=artfitnesss6710
[2026-06-29 14:23:23] 수강신청 시작 name=김지예 sheet=PH day=월수
[2026-06-29 14:23:32] PH 과정 선택 완료 day=월수 course_id=1_61 label='' week_filter=True
[2026-06-29 14:23:32] 수강신청 요일 선택 완료 name=김지예 day=월수
[2026-06-29 14:23:34] 수강신청 1차 제출 완료 name=김지예
[2026-06-29 14:23:38] 수강신청 최종 제출 완료 name=김지예
김지예 신청 완료 / 총 258명, 오늘 55명 추가되었습니다.
[2026-06-29 14:23:39] 기록 저장 완료 name=김지예 total=258 today=55
[2026-06-29 14:23:41] 대상 완료 name=김지예 total=258/300 today=55/97
[2026-06-29 14:23:43] 신규 대상 시작 plan={'sex': '남자', 'day': '월수'}
[2026-06-29 14:23:46] 회원가입 시도 1/4
[2026-06-29 14:23:46] 회원가입 시작 sheet=PH plan={'sex': '남자', 'day': '월수'}
[2026-06-29 14:23:52] 회원가입 폼 진입 완료
[2026-06-29 14:23:55] 우편번호 검색 query=경북 포항시 북구 흥해읍 중성로32번길 30-1
[2026-06-29 14:23:55] 우편번호 검색 실패 query=경북 포항시 북구 흥해읍 중성로32번길 30-1 error=Error('Locator.count: Execution context was destroyed, most likely because of a navigation')
[2026-06-29 14:23:56] 우편번호 검색 query=경북 포항시 북구 흥해읍 중성로32번길 30-1
[2026-06-29 14:23:57] 우편번호 입력 완료 zip=37545 addr=경북 포항시 북구 흥해읍 중성로32번길 30-1 (남성리, 대동빌라)
[2026-06-29 14:23:58] 회원가입 제출 클릭 name=김승현 id=dopealphaboa608 school=흥해남산초등학교
[2026-06-29 14:24:00] 회원가입 알림 name=김승현 id=dopealphaboa608 message=아이디 중복체크를 해주세요.
[2026-06-29 14:24:00] 회원가입 알림 name=김승현 id=dopealphaboa608 message=아이디 중복체크를 해주세요.
[2026-06-29 14:24:01] 회원가입 알림 name=김승현 id=dopealphaboa608 message=아이디 중복체크를 해주세요.
[2026-06-29 14:24:02] 회원가입 알림 name=김승현 id=dopealphaboa608 message=아이디 중복체크를 해주세요.
[2026-06-29 14:24:02] 회원가입 알림 name=김승현 id=dopealphaboa608 message=아이디 중복체크를 해주세요.
[2026-06-29 14:24:03] 회원가입 알림 name=김승현 id=dopealphaboa608 message=아이디 중복체크를 해주세요.
[2026-06-29 14:24:04] 회원가입 알림 name=김승현 id=dopealphaboa608 message=아이디 중복체크를 해주세요.
[2026-06-29 14:24:04] 회원가입 알림 name=김승현 id=dopealphaboa608 message=아이디 중복체크를 해주세요.
[2026-06-29 14:24:05] 회원가입 실패 try=1 error=RuntimeError("회원가입 성공 확인 실패 name=김승현 id=dopealphaboa608 dialogs=['아이디 중복체크를 해주세요.', '아이디 중복체크를 해주세요.', '아이디 중복체크를 해주세요.', '아이디 중복체크를 해주세요.', '아이디 중복체크를 해주세요.', '아이디 중복체크를 해주세요.', '아이디 중복체크를 해주세요.', '아이디 중복체크를 해주세요.']")
[2026-06-29 14:24:06] 회원가입 시도 2/4
[2026-06-29 14:24:06] 회원가입 시작 sheet=PH plan={'sex': '남자', 'day': '월수'}
[2026-06-29 14:24:10] 회원가입 폼 진입 완료
[2026-06-29 14:24:14] 우편번호 검색 query=경북 포항시 북구 흥해읍 이인리 927-61
[2026-06-29 14:24:14] 우편번호 검색 실패 query=경북 포항시 북구 흥해읍 이인리 927-61 error=Error('Locator.count: Execution context was destroyed, most likely because of a navigation')
[2026-06-29 14:24:15] 우편번호 검색 query=경북 포항시 북구 흥해읍 이인리 927-61
[2026-06-29 14:24:16] 우편번호 입력 완료 zip=37566 addr=경북 포항시 북구 흥해읍 달전로 365 (이인리, 삼도드림파크)
[2026-06-29 14:24:17] 회원가입 제출 클릭 name=유준이 id=instagramloy93d school=달전초등학교
[2026-06-29 14:24:18] 회원가입 알림 name=유준이 id=instagramloy93d message=회원 가입하시겠습니까?
[2026-06-29 14:24:19] 회원가입 알림 name=유준이 id=instagramloy93d message=회원 가입에 감사드립니다.
[2026-06-29 14:24:29] 회원가입 검증 완료 name=유준이 day=월수 dialogs=['회원 가입하시겠습니까?', '회원 가입에 감사드립니다.']
[2026-06-29 14:24:29] 수강신청 시도 1 name=유준이 id=instagramloy93d
[2026-06-29 14:24:29] 수강신청 시작 name=유준이 sheet=PH day=월수
[2026-06-29 14:24:38] PH 과정 선택 완료 day=월수 course_id=1_61 label='' week_filter=True
[2026-06-29 14:24:38] 수강신청 요일 선택 완료 name=유준이 day=월수
[2026-06-29 14:24:40] 수강신청 1차 제출 완료 name=유준이
[2026-06-29 14:24:44] 수강신청 최종 제출 완료 name=유준이
유준이 신청 완료 / 총 259명, 오늘 56명 추가되었습니다.
[2026-06-29 14:24:45] 기록 저장 완료 name=유준이 total=259 today=56
[2026-06-29 14:24:47] 대상 완료 name=유준이 total=259/300 today=56/97
[2026-06-29 14:24:49] 신규 대상 시작 plan={'sex': '여자', 'day': '월수'}
[2026-06-29 14:24:53] 회원가입 시도 1/4
[2026-06-29 14:24:53] 회원가입 시작 sheet=PH plan={'sex': '여자', 'day': '월수'}
[2026-06-29 14:24:58] 회원가입 폼 진입 완료
[2026-06-29 14:25:01] 우편번호 검색 query=경북 포항시 북구 흥해읍 이인리 927-61
[2026-06-29 14:25:02] 우편번호 입력 완료 zip=37566 addr=경북 포항시 북구 흥해읍 달전로 365 (이인리, 삼도드림파크)
[2026-06-29 14:25:04] 회원가입 제출 클릭 name=이수지 id=foodieyeese5072 school=달전초등학교
[2026-06-29 14:25:05] 회원가입 알림 name=이수지 id=foodieyeese5072 message=회원 가입하시겠습니까?
[2026-06-29 14:25:06] 회원가입 알림 name=이수지 id=foodieyeese5072 message=회원 가입에 감사드립니다.
[2026-06-29 14:25:15] 회원가입 검증 완료 name=이수지 day=월수 dialogs=['회원 가입하시겠습니까?', '회원 가입에 감사드립니다.']
[2026-06-29 14:25:15] 수강신청 시도 1 name=이수지 id=foodieyeese5072
[2026-06-29 14:25:15] 수강신청 시작 name=이수지 sheet=PH day=월수
[2026-06-29 14:25:24] PH 과정 선택 완료 day=월수 course_id=1_61 label='' week_filter=True
[2026-06-29 14:25:24] 수강신청 요일 선택 완료 name=이수지 day=월수
[2026-06-29 14:25:26] 수강신청 1차 제출 완료 name=이수지
[2026-06-29 14:25:29] 수강신청 최종 제출 완료 name=이수지
이수지 신청 완료 / 총 260명, 오늘 57명 추가되었습니다.
[2026-06-29 14:25:30] 기록 저장 완료 name=이수지 total=260 today=57
[2026-06-29 14:25:32] 대상 완료 name=이수지 total=260/300 today=57/97
[2026-06-29 14:25:34] 신규 대상 시작 plan={'sex': '남자', 'day': '월수'}
[2026-06-29 14:25:38] 회원가입 시도 1/4
[2026-06-29 14:25:38] 회원가입 시작 sheet=PH plan={'sex': '남자', 'day': '월수'}
[2026-06-29 14:25:43] 회원가입 폼 진입 완료
[2026-06-29 14:25:46] 우편번호 검색 query=경북 포항시 남구 인덕로 71
[2026-06-29 14:25:46] 우편번호 검색 실패 query=경북 포항시 남구 인덕로 71 error=Error('Locator.count: Execution context was destroyed, most likely because of a navigation')
[2026-06-29 14:25:47] 우편번호 검색 query=경북 포항시 남구 인덕로 71
[2026-06-29 14:25:48] 우편번호 입력 완료 zip=37878 addr=경북 포항시 남구 인덕로 71 (인덕동, 소망아파트)
[2026-06-29 14:25:49] 회원가입 제출 클릭 name=이우찬 id=matrixwriter66a school=인덕초등학교
[2026-06-29 14:25:50] 회원가입 알림 name=이우찬 id=matrixwriter66a message=회원 가입하시겠습니까?
[2026-06-29 14:25:50] 회원가입 알림 name=이우찬 id=matrixwriter66a message=회원 가입에 감사드립니다.
[2026-06-29 14:26:00] 회원가입 검증 완료 name=이우찬 day=월수 dialogs=['회원 가입하시겠습니까?', '회원 가입에 감사드립니다.']
[2026-06-29 14:26:00] 수강신청 시도 1 name=이우찬 id=matrixwriter66a
[2026-06-29 14:26:00] 수강신청 시작 name=이우찬 sheet=PH day=월수
[2026-06-29 14:26:09] PH 과정 선택 완료 day=월수 course_id=1_61 label='' week_filter=True
[2026-06-29 14:26:09] 수강신청 요일 선택 완료 name=이우찬 day=월수
[2026-06-29 14:26:11] 수강신청 1차 제출 완료 name=이우찬
[2026-06-29 14:26:15] 수강신청 최종 제출 완료 name=이우찬
이우찬 신청 완료 / 총 261명, 오늘 58명 추가되었습니다.
[2026-06-29 14:26:17] 기록 저장 완료 name=이우찬 total=261 today=58
[2026-06-29 14:26:19] 대상 완료 name=이우찬 total=261/300 today=58/97
[2026-06-29 14:26:22] 신규 대상 시작 plan={'sex': '남자', 'day': '월수'}
[2026-06-29 14:26:26] 회원가입 시도 1/4
[2026-06-29 14:26:26] 회원가입 시작 sheet=PH plan={'sex': '남자', 'day': '월수'}
[2026-06-29 14:26:34] 회원가입 폼 진입 완료
[2026-06-29 14:26:38] 우편번호 검색 query=경북 포항시 남구 오천읍 해병로 127
[2026-06-29 14:26:40] 우편번호 입력 완료 zip=37902 addr=경북 포항시 남구 오천읍 해병로 127 (구정리, 우방신세계타운2차)
[2026-06-29 14:26:40] 회원가입 제출 클릭 name=김시훈 id=pokemonscien46i school=구정초등학교
[2026-06-29 14:26:42] 회원가입 알림 name=김시훈 id=pokemonscien46i message=회원 가입하시겠습니까?
[2026-06-29 14:26:42] 회원가입 알림 name=김시훈 id=pokemonscien46i message=회원 가입에 감사드립니다.
[2026-06-29 14:26:52] 회원가입 검증 완료 name=김시훈 day=월수 dialogs=['회원 가입하시겠습니까?', '회원 가입에 감사드립니다.']
[2026-06-29 14:26:52] 수강신청 시도 1 name=김시훈 id=pokemonscien46i
[2026-06-29 14:26:52] 수강신청 시작 name=김시훈 sheet=PH day=월수
[2026-06-29 14:27:00] PH 과정 선택 완료 day=월수 course_id=1_61 label='' week_filter=True
[2026-06-29 14:27:00] 수강신청 요일 선택 완료 name=김시훈 day=월수
[2026-06-29 14:27:03] 수강신청 1차 제출 완료 name=김시훈
[2026-06-29 14:27:06] 수강신청 최종 제출 완료 name=김시훈
김시훈 신청 완료 / 총 262명, 오늘 59명 추가되었습니다.
[2026-06-29 14:27:07] 기록 저장 완료 name=김시훈 total=262 today=59
[2026-06-29 14:27:10] 대상 완료 name=김시훈 total=262/300 today=59/97
[2026-06-29 14:27:12] 신규 대상 시작 plan={'sex': '여자', 'day': '월수'}
[2026-06-29 14:27:16] 회원가입 시도 1/4
[2026-06-29 14:27:16] 회원가입 시작 sheet=PH plan={'sex': '여자', 'day': '월수'}
[2026-06-29 14:27:21] 회원가입 폼 진입 완료
[2026-06-29 14:27:24] 우편번호 검색 query=경북 포항시 북구 환호공원길 53-4
[2026-06-29 14:27:26] 우편번호 입력 완료 zip=37600 addr=경북 포항시 북구 환호공원길 53-4 (환호동, 해변타운)
[2026-06-29 14:27:26] 회원가입 제출 클릭 name=김은하 id=daygersigna8614 school=포항해맞이초등학교
[2026-06-29 14:27:28] 회원가입 알림 name=김은하 id=daygersigna8614 message=회원 가입하시겠습니까?
[2026-06-29 14:27:28] 회원가입 알림 name=김은하 id=daygersigna8614 message=회원 가입에 감사드립니다.
[2026-06-29 14:27:38] 회원가입 검증 완료 name=김은하 day=월수 dialogs=['회원 가입하시겠습니까?', '회원 가입에 감사드립니다.']
[2026-06-29 14:27:38] 수강신청 시도 1 name=김은하 id=daygersigna8614
[2026-06-29 14:27:38] 수강신청 시작 name=김은하 sheet=PH day=월수
[2026-06-29 14:27:47] PH 과정 선택 완료 day=월수 course_id=1_61 label='' week_filter=True
[2026-06-29 14:27:47] 수강신청 요일 선택 완료 name=김은하 day=월수
[2026-06-29 14:27:49] 수강신청 1차 제출 완료 name=김은하
[2026-06-29 14:27:52] 수강신청 최종 제출 완료 name=김은하
김은하 신청 완료 / 총 263명, 오늘 60명 추가되었습니다.
[2026-06-29 14:27:54] 기록 저장 완료 name=김은하 total=263 today=60
[2026-06-29 14:27:55] 대상 완료 name=김은하 total=263/300 today=60/97
[2026-06-29 14:27:58] 신규 대상 시작 plan={'sex': '남자', 'day': '월수'}
[2026-06-29 14:28:01] 회원가입 시도 1/4
[2026-06-29 14:28:01] 회원가입 시작 sheet=PH plan={'sex': '남자', 'day': '월수'}
[2026-06-29 14:28:06] 회원가입 폼 진입 완료
[2026-06-29 14:28:10] 우편번호 검색 query=경북 포항시 남구 오천읍 문덕로12번길 29
[2026-06-29 14:28:10] 우편번호 검색 실패 query=경북 포항시 남구 오천읍 문덕로12번길 29 error=Error('Locator.count: Execution context was destroyed, most likely because of a navigation')
[2026-06-29 14:28:12] 우편번호 검색 query=경북 포항시 남구 오천읍 문덕로12번길 29
[2026-06-29 14:28:12] 주소 지역 불일치 query=경북 포항시 남구 오천읍 문덕로12번길 29 result=경북 영주시 가흥로12번길 29
[2026-06-29 14:28:12] 우편번호 검색 query=문덕초등학교
[2026-06-29 14:28:21] 우편번호 검색 query=문덕초등학교
[2026-06-29 14:28:33] 회원가입 실패 try=1 error=RuntimeError("우편번호/주소 입력 실패 queries=['경북 포항시 남구 오천읍 문덕로12번길 29', '문덕초등학교'] required=포항 last_error=검색 결과 없음 query=문덕초등학교")
[2026-06-29 14:28:34] 회원가입 시도 2/4
[2026-06-29 14:28:34] 회원가입 시작 sheet=PH plan={'sex': '남자', 'day': '월수'}
[2026-06-29 14:28:37] 회원가입 폼 진입 완료
[2026-06-29 14:28:39] 우편번호 검색 query=경북 포항시 북구 삼흥로32번길 5
[2026-06-29 14:28:40] 우편번호 입력 완료 zip=37609 addr=경북 포항시 북구 삼흥로32번길 5 (장성동, 럭키장성아파트)
[2026-06-29 14:28:41] 회원가입 제출 클릭 name=김민성 id=inspiredevel75r school=포항동부초등학교
[2026-06-29 14:28:43] 회원가입 알림 name=김민성 id=inspiredevel75r message=회원 가입하시겠습니까?
[2026-06-29 14:28:43] 회원가입 알림 name=김민성 id=inspiredevel75r message=회원 가입에 감사드립니다.
[2026-06-29 14:28:53] 회원가입 검증 완료 name=김민성 day=월수 dialogs=['회원 가입하시겠습니까?', '회원 가입에 감사드립니다.']
[2026-06-29 14:28:53] 수강신청 시도 1 name=김민성 id=inspiredevel75r
[2026-06-29 14:28:53] 수강신청 시작 name=김민성 sheet=PH day=월수
[2026-06-29 14:29:01] PH 과정 선택 완료 day=월수 course_id=1_61 label='' week_filter=True
[2026-06-29 14:29:01] 수강신청 요일 선택 완료 name=김민성 day=월수
[2026-06-29 14:29:03] 수강신청 1차 제출 완료 name=김민성
[2026-06-29 14:29:08] 수강신청 최종 제출 완료 name=김민성
김민성 신청 완료 / 총 264명, 오늘 61명 추가되었습니다.
[2026-06-29 14:29:09] 기록 저장 완료 name=김민성 total=264 today=61
[2026-06-29 14:29:11] 대상 완료 name=김민성 total=264/300 today=61/97
[2026-06-29 14:29:13] 신규 대상 시작 plan={'sex': '남자', 'day': '월수'}
[2026-06-29 14:29:16] 회원가입 시도 1/4
[2026-06-29 14:29:16] 회원가입 시작 sheet=PH plan={'sex': '남자', 'day': '월수'}
[2026-06-29 14:29:22] 회원가입 폼 진입 완료
[2026-06-29 14:29:24] 우편번호 검색 query=경북 포항시 남구 오천읍 냉천로 340
[2026-06-29 14:29:26] 우편번호 입력 완료 zip=37886 addr=경북 포항시 남구 오천읍 냉천로 340 (문덕리, 대궁꿈마을아파트)
[2026-06-29 14:29:27] 회원가입 제출 클릭 name=임지용 id=crazymoderaz804 school=문덕초등학교
[2026-06-29 14:29:28] 회원가입 알림 name=임지용 id=crazymoderaz804 message=회원 가입하시겠습니까?
[2026-06-29 14:29:29] 회원가입 알림 name=임지용 id=crazymoderaz804 message=회원 가입에 감사드립니다.
[2026-06-29 14:29:39] 회원가입 검증 완료 name=임지용 day=월수 dialogs=['회원 가입하시겠습니까?', '회원 가입에 감사드립니다.']
[2026-06-29 14:29:39] 수강신청 시도 1 name=임지용 id=crazymoderaz804
[2026-06-29 14:29:39] 수강신청 시작 name=임지용 sheet=PH day=월수
[2026-06-29 14:29:47] PH 과정 선택 완료 day=월수 course_id=1_61 label='' week_filter=True
[2026-06-29 14:29:47] 수강신청 요일 선택 완료 name=임지용 day=월수
[2026-06-29 14:29:49] 수강신청 1차 제출 완료 name=임지용
[2026-06-29 14:29:53] 수강신청 최종 제출 완료 name=임지용
임지용 신청 완료 / 총 265명, 오늘 62명 추가되었습니다.
[2026-06-29 14:29:54] 기록 저장 완료 name=임지용 total=265 today=62
[2026-06-29 14:29:56] 대상 완료 name=임지용 total=265/300 today=62/97
[2026-06-29 14:29:58] 신규 대상 시작 plan={'sex': '남자', 'day': '화목'}
[2026-06-29 14:30:02] 회원가입 시도 1/4
[2026-06-29 14:30:02] 회원가입 시작 sheet=PH plan={'sex': '남자', 'day': '화목'}
[2026-06-29 14:30:07] 회원가입 폼 진입 완료
[2026-06-29 14:30:10] 우편번호 검색 query=경북 포항시 북구 흥해읍 중성로32번길 30-1
[2026-06-29 14:30:10] 우편번호 검색 실패 query=경북 포항시 북구 흥해읍 중성로32번길 30-1 error=Error('Locator.count: Execution context was destroyed, most likely because of a navigation')
[2026-06-29 14:30:12] 우편번호 검색 query=경북 포항시 북구 흥해읍 중성로32번길 30-1
[2026-06-29 14:30:13] 우편번호 입력 완료 zip=37545 addr=경북 포항시 북구 흥해읍 중성로32번길 30-1 (남성리, 대동빌라)
[2026-06-29 14:30:14] 회원가입 제출 클릭 name=구동우 id=facilitatora14b school=흥해남산초등학교
[2026-06-29 14:30:15] 회원가입 알림 name=구동우 id=facilitatora14b message=회원 가입하시겠습니까?
[2026-06-29 14:30:16] 회원가입 알림 name=구동우 id=facilitatora14b message=회원 가입에 감사드립니다.
[2026-06-29 14:30:27] 회원가입 검증 완료 name=구동우 day=화목 dialogs=['회원 가입하시겠습니까?', '회원 가입에 감사드립니다.']
[2026-06-29 14:30:27] 수강신청 시도 1 name=구동우 id=facilitatora14b
[2026-06-29 14:30:27] 수강신청 시작 name=구동우 sheet=PH day=화목
[2026-06-29 14:30:36] PH 과정 선택 완료 day=화목 course_id=2_62 label='' week_filter=True
[2026-06-29 14:30:36] 수강신청 요일 선택 완료 name=구동우 day=화목
[2026-06-29 14:30:38] 수강신청 1차 제출 완료 name=구동우
[2026-06-29 14:30:42] 수강신청 최종 제출 완료 name=구동우
구동우 신청 완료 / 총 266명, 오늘 63명 추가되었습니다.
[2026-06-29 14:30:44] 기록 저장 완료 name=구동우 total=266 today=63
[2026-06-29 14:30:49] 대상 완료 name=구동우 total=266/300 today=63/97
[2026-06-29 14:30:52] 신규 대상 시작 plan={'sex': '여자', 'day': '월수'}
[2026-06-29 14:30:56] 회원가입 시도 1/4
[2026-06-29 14:30:56] 회원가입 시작 sheet=PH plan={'sex': '여자', 'day': '월수'}
[2026-06-29 14:31:01] 회원가입 폼 진입 완료
[2026-06-29 14:31:05] 우편번호 검색 query=경북 포항시 북구 중흥로161번길 24-8 경동하이츠13차
[2026-06-29 14:31:05] 우편번호 검색 실패 query=경북 포항시 북구 중흥로161번길 24-8 경동하이츠13차 error=Error('Locator.count: Execution context was destroyed, most likely because of a navigation')
[2026-06-29 14:31:06] 우편번호 검색 query=경북 포항시 북구 중흥로161번길 24-8 경동하이츠13차
[2026-06-29 14:31:07] 우편번호 입력 완료 zip=37756 addr=경북 포항시 북구 중흥로161번길 24-8 (죽도동, 경동하이츠13차)
[2026-06-29 14:31:08] 회원가입 제출 클릭 name=서시안 id=girloptimist97t school=상대초등학교
[2026-06-29 14:31:09] 회원가입 알림 name=서시안 id=girloptimist97t message=회원 가입하시겠습니까?
[2026-06-29 14:31:10] 회원가입 알림 name=서시안 id=girloptimist97t message=회원 가입에 감사드립니다.
[2026-06-29 14:31:20] 회원가입 검증 완료 name=서시안 day=월수 dialogs=['회원 가입하시겠습니까?', '회원 가입에 감사드립니다.']
[2026-06-29 14:31:20] 수강신청 시도 1 name=서시안 id=girloptimist97t
[2026-06-29 14:31:20] 수강신청 시작 name=서시안 sheet=PH day=월수
[2026-06-29 14:31:28] PH 과정 선택 완료 day=월수 course_id=1_61 label='' week_filter=True
[2026-06-29 14:31:28] 수강신청 요일 선택 완료 name=서시안 day=월수
[2026-06-29 14:31:30] 수강신청 1차 제출 완료 name=서시안
[2026-06-29 14:31:34] 수강신청 최종 제출 완료 name=서시안
서시안 신청 완료 / 총 267명, 오늘 64명 추가되었습니다.
[2026-06-29 14:31:35] 기록 저장 완료 name=서시안 total=267 today=64
[2026-06-29 14:31:37] 대상 완료 name=서시안 total=267/300 today=64/97
[2026-06-29 14:31:40] 신규 대상 시작 plan={'sex': '남자', 'day': '월수'}
[2026-06-29 14:31:43] 회원가입 시도 1/4
[2026-06-29 14:31:43] 회원가입 시작 sheet=PH plan={'sex': '남자', 'day': '월수'}
[2026-06-29 14:31:48] 회원가입 폼 진입 완료
[2026-06-29 14:31:50] 우편번호 검색 query=경북 포항시 남구 오천읍 문덕로12번길 6
[2026-06-29 14:31:52] 우편번호 입력 완료 zip=37887 addr=경북 포항시 남구 오천읍 문덕로12번길 6 (문덕리, 준양프리미엄3차)
[2026-06-29 14:31:53] 회원가입 제출 클릭 name=김주헌 id=scientisthon72r school=포항원동초등학교
[2026-06-29 14:31:54] 회원가입 알림 name=김주헌 id=scientisthon72r message=회원 가입하시겠습니까?
[2026-06-29 14:31:55] 회원가입 알림 name=김주헌 id=scientisthon72r message=회원 가입에 감사드립니다.
[2026-06-29 14:32:04] 회원가입 검증 완료 name=김주헌 day=월수 dialogs=['회원 가입하시겠습니까?', '회원 가입에 감사드립니다.']
[2026-06-29 14:32:04] 수강신청 시도 1 name=김주헌 id=scientisthon72r
[2026-06-29 14:32:04] 수강신청 시작 name=김주헌 sheet=PH day=월수
[2026-06-29 14:32:13] PH 과정 선택 완료 day=월수 course_id=1_61 label='' week_filter=True
[2026-06-29 14:32:13] 수강신청 요일 선택 완료 name=김주헌 day=월수
[2026-06-29 14:32:15] 수강신청 1차 제출 완료 name=김주헌
[2026-06-29 14:32:19] 수강신청 최종 제출 완료 name=김주헌
김주헌 신청 완료 / 총 268명, 오늘 65명 추가되었습니다.
[2026-06-29 14:32:21] 기록 저장 완료 name=김주헌 total=268 today=65
[2026-06-29 14:32:24] 대상 완료 name=김주헌 total=268/300 today=65/97
[2026-06-29 14:32:28] 신규 대상 시작 plan={'sex': '여자', 'day': '화목'}
[2026-06-29 14:32:33] 회원가입 시도 1/4
[2026-06-29 14:32:33] 회원가입 시작 sheet=PH plan={'sex': '여자', 'day': '화목'}
[2026-06-29 14:32:39] 회원가입 폼 진입 완료
[2026-06-29 14:32:41] 우편번호 검색 query=경북 포항시 북구 성실로 50
[2026-06-29 14:32:41] 우편번호 검색 실패 query=경북 포항시 북구 성실로 50 error=Error('Locator.count: Execution context was destroyed, most likely because of a navigation')
[2026-06-29 14:32:43] 우편번호 검색 query=경북 포항시 북구 성실로 50
[2026-06-29 14:32:43] 주소 지역 불일치 query=경북 포항시 북구 성실로 50 result=대구 군위군 군위읍 군청로 168-50
[2026-06-29 14:32:43] 우편번호 검색 query=장량초등학교
[2026-06-29 14:32:44] 우편번호 입력 완료 zip=37574 addr=경북 포항시 북구 장량중앙로 27 (양덕동, 포항송곡초등학교)
[2026-06-29 14:32:46] 회원가입 제출 클릭 name=최지원 id=moneykpopj153 school=장량초등학교
[2026-06-29 14:32:47] 회원가입 알림 name=최지원 id=moneykpopj153 message=회원 가입하시겠습니까?
[2026-06-29 14:32:48] 회원가입 알림 name=최지원 id=moneykpopj153 message=회원 가입에 감사드립니다.
[2026-06-29 14:32:57] 회원가입 검증 완료 name=최지원 day=화목 dialogs=['회원 가입하시겠습니까?', '회원 가입에 감사드립니다.']
[2026-06-29 14:32:57] 수강신청 시도 1 name=최지원 id=moneykpopj153
[2026-06-29 14:32:57] 수강신청 시작 name=최지원 sheet=PH day=화목
[2026-06-29 14:33:06] PH 과정 선택 완료 day=화목 course_id=2_62 label='' week_filter=True
[2026-06-29 14:33:06] 수강신청 요일 선택 완료 name=최지원 day=화목
[2026-06-29 14:33:08] 수강신청 1차 제출 완료 name=최지원
[2026-06-29 14:33:11] 수강신청 최종 제출 완료 name=최지원
최지원 신청 완료 / 총 269명, 오늘 66명 추가되었습니다.
[2026-06-29 14:33:13] 기록 저장 완료 name=최지원 total=269 today=66
[2026-06-29 14:33:14] 대상 완료 name=최지원 total=269/300 today=66/97
[2026-06-29 14:33:17] 신규 대상 시작 plan={'sex': '여자', 'day': '월수'}
[2026-06-29 14:33:20] 회원가입 시도 1/4
[2026-06-29 14:33:20] 회원가입 시작 sheet=PH plan={'sex': '여자', 'day': '월수'}
[2026-06-29 14:33:25] 회원가입 폼 진입 완료
[2026-06-29 14:33:28] 우편번호 검색 query=경북 포항시 북구 흥해읍 중성로32번길 30-1
[2026-06-29 14:33:29] 우편번호 입력 완료 zip=37545 addr=경북 포항시 북구 흥해읍 중성로32번길 30-1 (남성리, 대동빌라)
[2026-06-29 14:33:30] 회원가입 제출 클릭 name=장주현 id=crystalreadi27q school=흥해남산초등학교
[2026-06-29 14:33:31] 회원가입 알림 name=장주현 id=crystalreadi27q message=회원 가입하시겠습니까?
[2026-06-29 14:33:32] 회원가입 알림 name=장주현 id=crystalreadi27q message=회원 가입에 감사드립니다.
[2026-06-29 14:33:42] 회원가입 검증 완료 name=장주현 day=월수 dialogs=['회원 가입하시겠습니까?', '회원 가입에 감사드립니다.']
[2026-06-29 14:33:42] 수강신청 시도 1 name=장주현 id=crystalreadi27q
[2026-06-29 14:33:42] 수강신청 시작 name=장주현 sheet=PH day=월수
[2026-06-29 14:33:50] PH 과정 선택 완료 day=월수 course_id=1_61 label='' week_filter=True
[2026-06-29 14:33:50] 수강신청 요일 선택 완료 name=장주현 day=월수
[2026-06-29 14:33:52] 수강신청 1차 제출 완료 name=장주현
[2026-06-29 14:33:56] 수강신청 최종 제출 완료 name=장주현
장주현 신청 완료 / 총 270명, 오늘 67명 추가되었습니다.
[2026-06-29 14:33:57] 기록 저장 완료 name=장주현 total=270 today=67
[2026-06-29 14:33:59] 대상 완료 name=장주현 total=270/300 today=67/97
[2026-06-29 14:34:02] 신규 대상 시작 plan={'sex': '여자', 'day': '화목'}
[2026-06-29 14:34:06] 회원가입 시도 1/4
[2026-06-29 14:34:06] 회원가입 시작 sheet=PH plan={'sex': '여자', 'day': '화목'}
[2026-06-29 14:34:13] 회원가입 폼 진입 완료
[2026-06-29 14:34:16] 우편번호 검색 query=경북 포항시 북구 삼흥로18번길 6
[2026-06-29 14:34:17] 우편번호 검색 실패 query=경북 포항시 북구 삼흥로18번길 6 error=Error('Locator.count: Execution context was destroyed, most likely because of a navigation')
[2026-06-29 14:34:18] 우편번호 검색 query=경북 포항시 북구 삼흥로18번길 6
[2026-06-29 14:34:18] 주소 지역 불일치 query=경북 포항시 북구 삼흥로18번길 6 result=경북 경주시 사정로18번길 6
[2026-06-29 14:34:19] 우편번호 검색 query=포항동부초등학교
[2026-06-29 14:34:20] 우편번호 입력 완료 zip=37611 addr=경북 포항시 북구 삼흥로18번길 6 (두호동, 산호그린맨션1차)
[2026-06-29 14:34:21] 회원가입 제출 클릭 name=최진서 id=animalspassia41 school=포항동부초등학교
[2026-06-29 14:34:22] 회원가입 알림 name=최진서 id=animalspassia41 message=회원 가입하시겠습니까?
[2026-06-29 14:34:23] 회원가입 알림 name=최진서 id=animalspassia41 message=회원 가입에 감사드립니다.
[2026-06-29 14:34:34] 회원가입 검증 완료 name=최진서 day=화목 dialogs=['회원 가입하시겠습니까?', '회원 가입에 감사드립니다.']
[2026-06-29 14:34:34] 수강신청 시도 1 name=최진서 id=animalspassia41
[2026-06-29 14:34:34] 수강신청 시작 name=최진서 sheet=PH day=화목
[2026-06-29 14:34:42] PH 과정 선택 완료 day=화목 course_id=2_62 label='' week_filter=True
[2026-06-29 14:34:42] 수강신청 요일 선택 완료 name=최진서 day=화목
[2026-06-29 14:34:44] 수강신청 1차 제출 완료 name=최진서
[2026-06-29 14:34:49] 수강신청 최종 제출 완료 name=최진서
최진서 신청 완료 / 총 271명, 오늘 68명 추가되었습니다.
[2026-06-29 14:34:50] 기록 저장 완료 name=최진서 total=271 today=68
[2026-06-29 14:34:52] 대상 완료 name=최진서 total=271/300 today=68/97
[2026-06-29 14:34:55] 신규 대상 시작 plan={'sex': '남자', 'day': '화목'}
[2026-06-29 14:34:59] 회원가입 시도 1/4
[2026-06-29 14:34:59] 회원가입 시작 sheet=PH plan={'sex': '남자', 'day': '화목'}
[2026-06-29 14:35:05] 회원가입 폼 진입 완료
[2026-06-29 14:35:08] 우편번호 검색 query=경북 포항시 북구 삼흥로88번길 10
[2026-06-29 14:35:09] 우편번호 입력 완료 zip=37607 addr=경북 포항시 북구 삼흥로88번길 10 (장성동, 장미아파트)
[2026-06-29 14:35:11] 회원가입 제출 클릭 name=임찬빈 id=facilitatore442 school=장량초등학교
[2026-06-29 14:35:12] 회원가입 알림 name=임찬빈 id=facilitatore442 message=회원 가입하시겠습니까?
[2026-06-29 14:35:12] 회원가입 알림 name=임찬빈 id=facilitatore442 message=회원 가입에 감사드립니다.
[2026-06-29 14:35:22] 회원가입 검증 완료 name=임찬빈 day=화목 dialogs=['회원 가입하시겠습니까?', '회원 가입에 감사드립니다.']
[2026-06-29 14:35:22] 수강신청 시도 1 name=임찬빈 id=facilitatore442
[2026-06-29 14:35:22] 수강신청 시작 name=임찬빈 sheet=PH day=화목
[2026-06-29 14:35:31] PH 과정 선택 완료 day=화목 course_id=2_62 label='' week_filter=True
[2026-06-29 14:35:31] 수강신청 요일 선택 완료 name=임찬빈 day=화목
[2026-06-29 14:35:32] 수강신청 1차 제출 완료 name=임찬빈
[2026-06-29 14:35:36] 수강신청 최종 제출 완료 name=임찬빈
임찬빈 신청 완료 / 총 272명, 오늘 69명 추가되었습니다.
[2026-06-29 14:35:37] 기록 저장 완료 name=임찬빈 total=272 today=69
[2026-06-29 14:35:39] 대상 완료 name=임찬빈 total=272/300 today=69/97
[2026-06-29 14:35:42] 신규 대상 시작 plan={'sex': '남자', 'day': '화목'}
[2026-06-29 14:35:46] 회원가입 시도 1/4
[2026-06-29 14:35:46] 회원가입 시작 sheet=PH plan={'sex': '남자', 'day': '화목'}
[2026-06-29 14:35:52] 회원가입 폼 진입 완료
[2026-06-29 14:35:56] 우편번호 검색 query=경북 포항시 북구 삼흥로32번길 5
[2026-06-29 14:35:57] 우편번호 입력 완료 zip=37609 addr=경북 포항시 북구 삼흥로32번길 5 (장성동, 럭키장성아파트)
[2026-06-29 14:35:58] 회원가입 제출 클릭 name=임아론 id=canvassuperq713 school=포항동부초등학교
[2026-06-29 14:35:59] 회원가입 알림 name=임아론 id=canvassuperq713 message=아이디를 입력해 주세요.
[2026-06-29 14:36:00] 회원가입 알림 name=임아론 id=canvassuperq713 message=아이디를 입력해 주세요.
[2026-06-29 14:36:04] 회원가입 실패 try=1 error=RuntimeError("회원가입 성공 확인 실패 name=임아론 id=canvassuperq713 dialogs=['아이디를 입력해 주세요.', '아이디를 입력해 주세요.']")
[2026-06-29 14:36:04] 회원가입 시도 2/4
[2026-06-29 14:36:04] 회원가입 시작 sheet=PH plan={'sex': '남자', 'day': '화목'}
[2026-06-29 14:36:08] 회원가입 폼 진입 완료
[2026-06-29 14:36:12] 우편번호 검색 query=경북 포항시 북구 새천년대로1075번길 10
[2026-06-29 14:36:13] 우편번호 입력 완료 zip=37630 addr=경북 포항시 북구 새천년대로1075번길 10 (창포동, 창포주공1단지아파트)
[2026-06-29 14:36:14] 회원가입 제출 클릭 name=김유준 id=supporteror3416 school=창포초등학교
[2026-06-29 14:36:15] 회원가입 알림 name=김유준 id=supporteror3416 message=회원 가입하시겠습니까?
[2026-06-29 14:36:16] 회원가입 알림 name=김유준 id=supporteror3416 message=회원 가입에 감사드립니다.
[2026-06-29 14:36:26] 회원가입 검증 완료 name=김유준 day=화목 dialogs=['회원 가입하시겠습니까?', '회원 가입에 감사드립니다.']
[2026-06-29 14:36:26] 수강신청 시도 1 name=김유준 id=supporteror3416
[2026-06-29 14:36:26] 수강신청 시작 name=김유준 sheet=PH day=화목
[2026-06-29 14:36:35] PH 과정 선택 완료 day=화목 course_id=2_62 label='' week_filter=True
[2026-06-29 14:36:35] 수강신청 요일 선택 완료 name=김유준 day=화목
[2026-06-29 14:36:37] 수강신청 1차 제출 완료 name=김유준
[2026-06-29 14:36:42] 수강신청 최종 제출 완료 name=김유준
김유준 신청 완료 / 총 273명, 오늘 70명 추가되었습니다.
[2026-06-29 14:36:43] 기록 저장 완료 name=김유준 total=273 today=70
[2026-06-29 14:36:45] 대상 완료 name=김유준 total=273/300 today=70/97
[2026-06-29 14:36:47] 신규 대상 시작 plan={'sex': '여자', 'day': '화목'}
[2026-06-29 14:36:51] 회원가입 시도 1/4
[2026-06-29 14:36:51] 회원가입 시작 sheet=PH plan={'sex': '여자', 'day': '화목'}
[2026-06-29 14:36:57] 회원가입 폼 진입 완료
[2026-06-29 14:37:00] 우편번호 검색 query=경북 포항시 북구 우창동로 129 중해마루힐
[2026-06-29 14:37:02] 우편번호 입력 완료 zip=37636 addr=경북 포항시 북구 우창동로 129 (우현동, 중해마루힐)
[2026-06-29 14:37:03] 회원가입 제출 클릭 name=장세희 id=bruhspeaker89v school=포항중앙초등학교
[2026-06-29 14:37:04] 회원가입 알림 name=장세희 id=bruhspeaker89v message=회원 가입하시겠습니까?
[2026-06-29 14:37:05] 회원가입 알림 name=장세희 id=bruhspeaker89v message=회원 가입에 감사드립니다.
[2026-06-29 14:37:15] 회원가입 검증 완료 name=장세희 day=화목 dialogs=['회원 가입하시겠습니까?', '회원 가입에 감사드립니다.']
[2026-06-29 14:37:15] 수강신청 시도 1 name=장세희 id=bruhspeaker89v
[2026-06-29 14:37:15] 수강신청 시작 name=장세희 sheet=PH day=화목
[2026-06-29 14:37:24] PH 과정 선택 완료 day=화목 course_id=2_62 label='' week_filter=True
[2026-06-29 14:37:24] 수강신청 요일 선택 완료 name=장세희 day=화목
[2026-06-29 14:37:25] 수강신청 1차 제출 완료 name=장세희
[2026-06-29 14:37:29] 수강신청 최종 제출 완료 name=장세희
장세희 신청 완료 / 총 274명, 오늘 71명 추가되었습니다.
[2026-06-29 14:37:30] 기록 저장 완료 name=장세희 total=274 today=71
[2026-06-29 14:37:32] 대상 완료 name=장세희 total=274/300 today=71/97
[2026-06-29 14:37:35] 신규 대상 시작 plan={'sex': '남자', 'day': '월수'}
[2026-06-29 14:37:38] 회원가입 시도 1/4
[2026-06-29 14:37:38] 회원가입 시작 sheet=PH plan={'sex': '남자', 'day': '월수'}
[2026-06-29 14:37:43] 회원가입 폼 진입 완료
[2026-06-29 14:37:46] 우편번호 검색 query=경북 포항시 북구 삼흥로18번길 6
[2026-06-29 14:37:47] 우편번호 입력 완료 zip=37611 addr=경북 포항시 북구 삼흥로18번길 6 (두호동, 산호그린맨션1차)
[2026-06-29 14:37:48] 회원가입 제출 클릭 name=이한 id=loyalyoutube25v school=포항동부초등학교
[2026-06-29 14:37:49] 회원가입 알림 name=이한 id=loyalyoutube25v message=회원 가입하시겠습니까?
[2026-06-29 14:37:50] 회원가입 알림 name=이한 id=loyalyoutube25v message=회원 가입에 감사드립니다.
[2026-06-29 14:38:00] 회원가입 검증 완료 name=이한 day=월수 dialogs=['회원 가입하시겠습니까?', '회원 가입에 감사드립니다.']
[2026-06-29 14:38:00] 수강신청 시도 1 name=이한 id=loyalyoutube25v
[2026-06-29 14:38:00] 수강신청 시작 name=이한 sheet=PH day=월수
[2026-06-29 14:38:09] PH 과정 선택 완료 day=월수 course_id=1_61 label='' week_filter=True
[2026-06-29 14:38:09] 수강신청 요일 선택 완료 name=이한 day=월수
[2026-06-29 14:38:11] 수강신청 1차 제출 완료 name=이한
[2026-06-29 14:38:15] 수강신청 최종 제출 완료 name=이한
이한 신청 완료 / 총 275명, 오늘 72명 추가되었습니다.
[2026-06-29 14:38:17] 기록 저장 완료 name=이한 total=275 today=72
[2026-06-29 14:38:19] 대상 완료 name=이한 total=275/300 today=72/97
[2026-06-29 14:38:23] 신규 대상 시작 plan={'sex': '여자', 'day': '화목'}
[2026-06-29 14:38:28] 회원가입 시도 1/4
[2026-06-29 14:38:28] 회원가입 시작 sheet=PH plan={'sex': '여자', 'day': '화목'}
[2026-06-29 14:38:35] 회원가입 폼 진입 완료
[2026-06-29 14:38:39] 우편번호 검색 query=경북 포항시 북구 흥해읍 이인리 927-61
[2026-06-29 14:38:52] 우편번호 검색 query=경북 포항시 북구 흥해읍 이인리 927-61
[2026-06-29 14:38:53] 우편번호 입력 완료 zip=37566 addr=경북 포항시 북구 흥해읍 달전로 365 (이인리, 삼도드림파크)
[2026-06-29 14:38:54] 회원가입 제출 클릭 name=김루하 id=promoterimam823 school=달전초등학교
[2026-06-29 14:38:55] 회원가입 알림 name=김루하 id=promoterimam823 message=회원 가입하시겠습니까?
[2026-06-29 14:38:56] 회원가입 알림 name=김루하 id=promoterimam823 message=회원 가입에 감사드립니다.
[2026-06-29 14:39:06] 회원가입 검증 완료 name=김루하 day=화목 dialogs=['회원 가입하시겠습니까?', '회원 가입에 감사드립니다.']
[2026-06-29 14:39:06] 수강신청 시도 1 name=김루하 id=promoterimam823
[2026-06-29 14:39:06] 수강신청 시작 name=김루하 sheet=PH day=화목
[2026-06-29 14:39:14] PH 과정 선택 완료 day=화목 course_id=2_62 label='' week_filter=True
[2026-06-29 14:39:14] 수강신청 요일 선택 완료 name=김루하 day=화목
[2026-06-29 14:39:16] 수강신청 1차 제출 완료 name=김루하
[2026-06-29 14:39:20] 수강신청 최종 제출 완료 name=김루하
김루하 신청 완료 / 총 276명, 오늘 73명 추가되었습니다.
[2026-06-29 14:39:21] 기록 저장 완료 name=김루하 total=276 today=73
[2026-06-29 14:39:31] 대상 완료 name=김루하 total=276/300 today=73/97
[2026-06-29 14:39:33] 신규 대상 시작 plan={'sex': '여자', 'day': '월수'}
[2026-06-29 14:39:37] 회원가입 시도 1/4
[2026-06-29 14:39:37] 회원가입 시작 sheet=PH plan={'sex': '여자', 'day': '월수'}
[2026-06-29 14:39:42] 회원가입 폼 진입 완료
[2026-06-29 14:39:45] 우편번호 검색 query=경북 포항시 북구 우미길 90
[2026-06-29 14:39:46] 주소 지역 불일치 query=경북 포항시 북구 우미길 90 result=대구 군위군 군위읍 개봉길 90-2
[2026-06-29 14:39:46] 우편번호 검색 query=경북 포항시 북구 우미길 90
[2026-06-29 14:39:46] 주소 지역 불일치 query=경북 포항시 북구 우미길 90 result=대구 군위군 군위읍 개봉길 90-2
[2026-06-29 14:39:47] 우편번호 검색 query=포항대흥초등학교
[2026-06-29 14:39:47] 우편번호 입력 완료 zip=37646 addr=경북 포항시 북구 용흥로292번길 33 (용흥동, 대흥초등학교)
[2026-06-29 14:39:48] 회원가입 제출 클릭 name=임해온 id=sloshedprom1458 school=포항대흥초등학교
[2026-06-29 14:39:49] 회원가입 알림 name=임해온 id=sloshedprom1458 message=회원 가입하시겠습니까?
[2026-06-29 14:39:50] 회원가입 알림 name=임해온 id=sloshedprom1458 message=회원 가입에 감사드립니다.
[2026-06-29 14:40:01] 회원가입 검증 완료 name=임해온 day=월수 dialogs=['회원 가입하시겠습니까?', '회원 가입에 감사드립니다.']
[2026-06-29 14:40:01] 수강신청 시도 1 name=임해온 id=sloshedprom1458
[2026-06-29 14:40:01] 수강신청 시작 name=임해온 sheet=PH day=월수
[2026-06-29 14:40:10] PH 과정 선택 완료 day=월수 course_id=1_61 label='' week_filter=True
[2026-06-29 14:40:10] 수강신청 요일 선택 완료 name=임해온 day=월수
[2026-06-29 14:40:12] 수강신청 1차 제출 완료 name=임해온
[2026-06-29 14:40:16] 수강신청 최종 제출 완료 name=임해온
임해온 신청 완료 / 총 277명, 오늘 74명 추가되었습니다.
[2026-06-29 14:40:18] 기록 저장 완료 name=임해온 total=277 today=74
[2026-06-29 14:40:26] 대상 완료 name=임해온 total=277/300 today=74/97
[2026-06-29 14:40:28] 신규 대상 시작 plan={'sex': '여자', 'day': '월수'}
[2026-06-29 14:40:32] 회원가입 시도 1/4
[2026-06-29 14:40:32] 회원가입 시작 sheet=PH plan={'sex': '여자', 'day': '월수'}
[2026-06-29 14:40:38] 회원가입 폼 진입 완료
[2026-06-29 14:40:42] 우편번호 검색 query=경북 포항시 북구 새천년대로1075번길 10
[2026-06-29 14:40:43] 우편번호 입력 완료 zip=37630 addr=경북 포항시 북구 새천년대로1075번길 10 (창포동, 창포주공1단지아파트)
[2026-06-29 14:40:45] 회원가입 제출 클릭 name=박소연 id=matrixguitar86s school=창포초등학교
[2026-06-29 14:40:46] 회원가입 알림 name=박소연 id=matrixguitar86s message=회원 가입하시겠습니까?
[2026-06-29 14:40:47] 회원가입 알림 name=박소연 id=matrixguitar86s message=회원 가입에 감사드립니다.
[2026-06-29 14:40:57] 회원가입 검증 완료 name=박소연 day=월수 dialogs=['회원 가입하시겠습니까?', '회원 가입에 감사드립니다.']
[2026-06-29 14:40:57] 수강신청 시도 1 name=박소연 id=matrixguitar86s
[2026-06-29 14:40:57] 수강신청 시작 name=박소연 sheet=PH day=월수
[2026-06-29 14:41:05] PH 과정 선택 완료 day=월수 course_id=1_61 label='' week_filter=True
[2026-06-29 14:41:05] 수강신청 요일 선택 완료 name=박소연 day=월수
[2026-06-29 14:41:07] 수강신청 1차 제출 완료 name=박소연
[2026-06-29 14:41:11] 수강신청 최종 제출 완료 name=박소연
박소연 신청 완료 / 총 278명, 오늘 75명 추가되었습니다.
[2026-06-29 14:41:12] 기록 저장 완료 name=박소연 total=278 today=75
[2026-06-29 14:41:14] 대상 완료 name=박소연 total=278/300 today=75/97
[2026-06-29 14:41:16] 신규 대상 시작 plan={'sex': '남자', 'day': '월수'}
[2026-06-29 14:41:20] 회원가입 시도 1/4
[2026-06-29 14:41:20] 회원가입 시작 sheet=PH plan={'sex': '남자', 'day': '월수'}
[2026-06-29 14:41:26] 회원가입 폼 진입 완료
[2026-06-29 14:41:29] 우편번호 검색 query=경북 포항시 남구 지곡로 294
[2026-06-29 14:41:30] 우편번호 입력 완료 zip=37669 addr=경북 포항시 남구 지곡로 294 (지곡동, 효자그린아파트)
[2026-06-29 14:41:32] 회원가입 제출 클릭 name=하환 id=scientistme4028 school=달전초등학교
[2026-06-29 14:41:33] 회원가입 알림 name=하환 id=scientistme4028 message=회원 가입하시겠습니까?
[2026-06-29 14:41:34] 회원가입 알림 name=하환 id=scientistme4028 message=회원 가입에 감사드립니다.
[2026-06-29 14:41:44] 회원가입 검증 완료 name=하환 day=월수 dialogs=['회원 가입하시겠습니까?', '회원 가입에 감사드립니다.']
[2026-06-29 14:41:44] 수강신청 시도 1 name=하환 id=scientistme4028
[2026-06-29 14:41:44] 수강신청 시작 name=하환 sheet=PH day=월수
[2026-06-29 14:41:52] PH 과정 선택 완료 day=월수 course_id=1_61 label='' week_filter=True
[2026-06-29 14:41:52] 수강신청 요일 선택 완료 name=하환 day=월수
[2026-06-29 14:41:54] 수강신청 1차 제출 완료 name=하환
[2026-06-29 14:41:58] 수강신청 최종 제출 완료 name=하환
하환 신청 완료 / 총 279명, 오늘 76명 추가되었습니다.
[2026-06-29 14:41:59] 기록 저장 완료 name=하환 total=279 today=76
[2026-06-29 14:42:02] 대상 완료 name=하환 total=279/300 today=76/97
[2026-06-29 14:42:05] 신규 대상 시작 plan={'sex': '여자', 'day': '화목'}
[2026-06-29 14:42:10] 회원가입 시도 1/4
[2026-06-29 14:42:10] 회원가입 시작 sheet=PH plan={'sex': '여자', 'day': '화목'}
[2026-06-29 14:42:18] 회원가입 폼 진입 완료
[2026-06-29 14:42:20] 우편번호 검색 query=경북 포항시 남구 오천읍 정몽주로 702
[2026-06-29 14:42:20] 우편번호 검색 실패 query=경북 포항시 남구 오천읍 정몽주로 702 error=Error('Locator.count: Execution context was destroyed, most likely because of a navigation')
[2026-06-29 14:42:21] 우편번호 검색 query=경북 포항시 남구 오천읍 정몽주로 702
[2026-06-29 14:42:21] 주소 지역 불일치 query=경북 포항시 남구 오천읍 정몽주로 702 result=대구 남구 앞산순환로 702
[2026-06-29 14:42:22] 우편번호 검색 query=구정초등학교
[2026-06-29 14:42:30] 우편번호 검색 query=구정초등학교
[2026-06-29 14:42:42] 회원가입 실패 try=1 error=RuntimeError("우편번호/주소 입력 실패 queries=['경북 포항시 남구 오천읍 정몽주로 702', '구정초등학교'] required=포항 last_error=검색 결과 없음 query=구정초등학교")
[2026-06-29 14:42:43] 회원가입 시도 2/4
[2026-06-29 14:42:43] 회원가입 시작 sheet=PH plan={'sex': '여자', 'day': '화목'}
[2026-06-29 14:42:46] 회원가입 폼 진입 완료
[2026-06-29 14:42:48] 우편번호 검색 query=경북 포항시 남구 오천읍 남원로 85 2차부영아파트
[2026-06-29 14:42:50] 우편번호 입력 완료 zip=37883 addr=경북 포항시 남구 오천읍 남원로 85 (원리, 2차부영아파트)
[2026-06-29 14:42:50] 회원가입 제출 클릭 name=하나온 id=resourceful5962 school=포항원동초등학교
[2026-06-29 14:42:52] 회원가입 알림 name=하나온 id=resourceful5962 message=회원 가입하시겠습니까?
[2026-06-29 14:42:53] 회원가입 알림 name=하나온 id=resourceful5962 message=회원 가입에 감사드립니다.
[2026-06-29 14:43:02] 회원가입 검증 완료 name=하나온 day=화목 dialogs=['회원 가입하시겠습니까?', '회원 가입에 감사드립니다.']
[2026-06-29 14:43:02] 수강신청 시도 1 name=하나온 id=resourceful5962
[2026-06-29 14:43:02] 수강신청 시작 name=하나온 sheet=PH day=화목
[2026-06-29 14:43:10] PH 과정 선택 완료 day=화목 course_id=2_62 label='' week_filter=True
[2026-06-29 14:43:10] 수강신청 요일 선택 완료 name=하나온 day=화목
[2026-06-29 14:43:12] 수강신청 1차 제출 완료 name=하나온
[2026-06-29 14:43:16] 수강신청 최종 제출 완료 name=하나온
하나온 신청 완료 / 총 280명, 오늘 77명 추가되었습니다.
[2026-06-29 14:43:17] 기록 저장 완료 name=하나온 total=280 today=77
[2026-06-29 14:43:19] 대상 완료 name=하나온 total=280/300 today=77/97
[2026-06-29 14:43:22] 신규 대상 시작 plan={'sex': '남자', 'day': '월수'}
[2026-06-29 14:43:25] 회원가입 시도 1/4
[2026-06-29 14:43:25] 회원가입 시작 sheet=PH plan={'sex': '남자', 'day': '월수'}
[2026-06-29 14:43:31] 회원가입 폼 진입 완료
[2026-06-29 14:43:34] 우편번호 검색 query=경북 포항시 북구 삼흥로18번길 6
[2026-06-29 14:43:35] 우편번호 검색 실패 query=경북 포항시 북구 삼흥로18번길 6 error=Error('Locator.count: Execution context was destroyed, most likely because of a navigation')
[2026-06-29 14:43:35] 우편번호 검색 query=경북 포항시 북구 삼흥로18번길 6
[2026-06-29 14:43:36] 우편번호 입력 완료 zip=37611 addr=경북 포항시 북구 삼흥로18번길 6 (두호동, 산호그린맨션1차)
[2026-06-29 14:43:38] 회원가입 제출 클릭 name=권서호 id=robloxtechi2353 school=포항동부초등학교
[2026-06-29 14:43:39] 회원가입 알림 name=권서호 id=robloxtechi2353 message=회원 가입하시겠습니까?
[2026-06-29 14:43:40] 회원가입 알림 name=권서호 id=robloxtechi2353 message=회원 가입에 감사드립니다.
[2026-06-29 14:43:49] 회원가입 검증 완료 name=권서호 day=월수 dialogs=['회원 가입하시겠습니까?', '회원 가입에 감사드립니다.']
[2026-06-29 14:43:49] 수강신청 시도 1 name=권서호 id=robloxtechi2353
[2026-06-29 14:43:49] 수강신청 시작 name=권서호 sheet=PH day=월수
[2026-06-29 14:43:58] PH 과정 선택 완료 day=월수 course_id=1_61 label='' week_filter=True
[2026-06-29 14:43:58] 수강신청 요일 선택 완료 name=권서호 day=월수
[2026-06-29 14:44:00] 수강신청 1차 제출 완료 name=권서호
[2026-06-29 14:44:03] 수강신청 최종 제출 완료 name=권서호
권서호 신청 완료 / 총 281명, 오늘 78명 추가되었습니다.
[2026-06-29 14:44:05] 기록 저장 완료 name=권서호 total=281 today=78
[2026-06-29 14:44:10] 대상 완료 name=권서호 total=281/300 today=78/97
[2026-06-29 14:44:14] 신규 대상 시작 plan={'sex': '여자', 'day': '월수'}
[2026-06-29 14:44:17] 회원가입 시도 1/4
[2026-06-29 14:44:17] 회원가입 시작 sheet=PH plan={'sex': '여자', 'day': '월수'}
[2026-06-29 14:44:23] 회원가입 폼 진입 완료
[2026-06-29 14:44:26] 우편번호 검색 query=경북 포항시 북구 흥해읍 도음로877번길 9
[2026-06-29 14:44:26] 우편번호 검색 실패 query=경북 포항시 북구 흥해읍 도음로877번길 9 error=Error('Locator.count: Execution context was destroyed, most likely because of a navigation')
[2026-06-29 14:44:27] 우편번호 검색 query=경북 포항시 북구 흥해읍 도음로877번길 9
[2026-06-29 14:44:27] 우편번호 입력 완료 zip=37562 addr=경북 포항시 북구 흥해읍 도음로877번길 9 (학천리, 학천삼도 미래타운1차)
[2026-06-29 14:44:29] 회원가입 제출 클릭 name=한하라 id=pixelbasicvex45 school=학천초등학교
[2026-06-29 14:44:30] 회원가입 알림 name=한하라 id=pixelbasicvex45 message=회원 가입하시겠습니까?
[2026-06-29 14:44:31] 회원가입 알림 name=한하라 id=pixelbasicvex45 message=회원 가입에 감사드립니다.
[2026-06-29 14:44:41] 회원가입 검증 완료 name=한하라 day=월수 dialogs=['회원 가입하시겠습니까?', '회원 가입에 감사드립니다.']
[2026-06-29 14:44:41] 수강신청 시도 1 name=한하라 id=pixelbasicvex45
[2026-06-29 14:44:41] 수강신청 시작 name=한하라 sheet=PH day=월수
[2026-06-29 14:44:49] PH 과정 선택 완료 day=월수 course_id=1_61 label='' week_filter=True
[2026-06-29 14:44:49] 수강신청 요일 선택 완료 name=한하라 day=월수
[2026-06-29 14:44:51] 수강신청 1차 제출 완료 name=한하라
[2026-06-29 14:44:55] 수강신청 최종 제출 완료 name=한하라
한하라 신청 완료 / 총 282명, 오늘 79명 추가되었습니다.
[2026-06-29 14:44:56] 기록 저장 완료 name=한하라 total=282 today=79
[2026-06-29 14:44:58] 대상 완료 name=한하라 total=282/300 today=79/97
[2026-06-29 14:45:01] 신규 대상 시작 plan={'sex': '여자', 'day': '화목'}
[2026-06-29 14:45:05] 회원가입 시도 1/4
[2026-06-29 14:45:05] 회원가입 시작 sheet=PH plan={'sex': '여자', 'day': '화목'}
[2026-06-29 14:45:10] 회원가입 폼 진입 완료
[2026-06-29 14:45:13] 우편번호 검색 query=경북 포항시 북구 환호공원길 53-4
[2026-06-29 14:45:13] 우편번호 검색 실패 query=경북 포항시 북구 환호공원길 53-4 error=Error('Locator.count: Execution context was destroyed, most likely because of a navigation')
[2026-06-29 14:45:15] 우편번호 검색 query=경북 포항시 북구 환호공원길 53-4
[2026-06-29 14:45:16] 우편번호 입력 완료 zip=37600 addr=경북 포항시 북구 환호공원길 53-4 (환호동, 해변타운)
[2026-06-29 14:45:17] 회원가입 제출 클릭 name=권채원 id=respectguitm500 school=포항해맞이초등학교
[2026-06-29 14:45:18] 회원가입 알림 name=권채원 id=respectguitm500 message=회원 가입하시겠습니까?
[2026-06-29 14:45:19] 회원가입 알림 name=권채원 id=respectguitm500 message=회원 가입에 감사드립니다.
[2026-06-29 14:45:28] 회원가입 검증 완료 name=권채원 day=화목 dialogs=['회원 가입하시겠습니까?', '회원 가입에 감사드립니다.']
[2026-06-29 14:45:28] 수강신청 시도 1 name=권채원 id=respectguitm500
[2026-06-29 14:45:28] 수강신청 시작 name=권채원 sheet=PH day=화목
[2026-06-29 14:45:37] PH 과정 선택 완료 day=화목 course_id=2_62 label='' week_filter=True
[2026-06-29 14:45:37] 수강신청 요일 선택 완료 name=권채원 day=화목
[2026-06-29 14:45:39] 수강신청 1차 제출 완료 name=권채원
[2026-06-29 14:45:43] 수강신청 최종 제출 완료 name=권채원
권채원 신청 완료 / 총 283명, 오늘 80명 추가되었습니다.
[2026-06-29 14:45:44] 기록 저장 완료 name=권채원 total=283 today=80
[2026-06-29 14:45:46] 대상 완료 name=권채원 total=283/300 today=80/97
[2026-06-29 14:45:49] 신규 대상 시작 plan={'sex': '남자', 'day': '화목'}
[2026-06-29 14:45:52] 회원가입 시도 1/4
[2026-06-29 14:45:52] 회원가입 시작 sheet=PH plan={'sex': '남자', 'day': '화목'}
[2026-06-29 14:45:57] 회원가입 폼 진입 완료
[2026-06-29 14:46:00] 우편번호 검색 query=경북 포항시 북구 흥해읍 도음로877번길 9
[2026-06-29 14:46:02] 우편번호 입력 완료 zip=37562 addr=경북 포항시 북구 흥해읍 도음로877번길 9 (학천리, 학천삼도 미래타운1차)
[2026-06-29 14:46:02] 회원가입 제출 클릭 name=박희성 id=sciencetrav2656 school=학천초등학교
[2026-06-29 14:46:04] 회원가입 알림 name=박희성 id=sciencetrav2656 message=회원 가입하시겠습니까?
[2026-06-29 14:46:04] 회원가입 알림 name=박희성 id=sciencetrav2656 message=회원 가입에 감사드립니다.
[2026-06-29 14:46:15] 회원가입 검증 완료 name=박희성 day=화목 dialogs=['회원 가입하시겠습니까?', '회원 가입에 감사드립니다.']
[2026-06-29 14:46:15] 수강신청 시도 1 name=박희성 id=sciencetrav2656
[2026-06-29 14:46:15] 수강신청 시작 name=박희성 sheet=PH day=화목
[2026-06-29 14:46:24] PH 과정 선택 완료 day=화목 course_id=2_62 label='' week_filter=True
[2026-06-29 14:46:24] 수강신청 요일 선택 완료 name=박희성 day=화목
[2026-06-29 14:46:25] 수강신청 1차 제출 완료 name=박희성
[2026-06-29 14:46:30] 수강신청 최종 제출 완료 name=박희성
박희성 신청 완료 / 총 284명, 오늘 81명 추가되었습니다.
[2026-06-29 14:46:31] 기록 저장 완료 name=박희성 total=284 today=81
[2026-06-29 14:46:34] 대상 완료 name=박희성 total=284/300 today=81/97
[2026-06-29 14:46:37] 신규 대상 시작 plan={'sex': '남자', 'day': '화목'}
[2026-06-29 14:46:40] 회원가입 시도 1/4
[2026-06-29 14:46:40] 회원가입 시작 sheet=PH plan={'sex': '남자', 'day': '화목'}
[2026-06-29 14:46:46] 회원가입 폼 진입 완료
[2026-06-29 14:46:49] 우편번호 검색 query=경북 포항시 남구 해병로 125
[2026-06-29 14:46:50] 우편번호 입력 완료 zip=37902 addr=경북 포항시 남구 해병로 125 (인덕동, 우방신세계1차아파트)
[2026-06-29 14:46:52] 회원가입 제출 클릭 name=김이준 id=forestfriend574 school=인덕초등학교
[2026-06-29 14:46:53] 회원가입 알림 name=김이준 id=forestfriend574 message=회원 가입하시겠습니까?
[2026-06-29 14:46:54] 회원가입 알림 name=김이준 id=forestfriend574 message=회원 가입에 감사드립니다.
[2026-06-29 14:47:04] 회원가입 검증 완료 name=김이준 day=화목 dialogs=['회원 가입하시겠습니까?', '회원 가입에 감사드립니다.']
[2026-06-29 14:47:04] 수강신청 시도 1 name=김이준 id=forestfriend574
[2026-06-29 14:47:04] 수강신청 시작 name=김이준 sheet=PH day=화목
[2026-06-29 14:47:12] PH 과정 선택 완료 day=화목 course_id=2_62 label='' week_filter=True
[2026-06-29 14:47:12] 수강신청 요일 선택 완료 name=김이준 day=화목
[2026-06-29 14:47:14] 수강신청 1차 제출 완료 name=김이준
[2026-06-29 14:47:18] 수강신청 최종 제출 완료 name=김이준
김이준 신청 완료 / 총 285명, 오늘 82명 추가되었습니다.
[2026-06-29 14:47:19] 기록 저장 완료 name=김이준 total=285 today=82
[2026-06-29 14:47:21] 대상 완료 name=김이준 total=285/300 today=82/97
[2026-06-29 14:47:24] 신규 대상 시작 plan={'sex': '남자', 'day': '화목'}
[2026-06-29 14:47:27] 회원가입 시도 1/4
[2026-06-29 14:47:27] 회원가입 시작 sheet=PH plan={'sex': '남자', 'day': '화목'}
[2026-06-29 14:47:33] 회원가입 폼 진입 완료
[2026-06-29 14:47:35] 우편번호 검색 query=경북 포항시 북구 흥해읍 이인리 927-61
[2026-06-29 14:47:37] 우편번호 입력 완료 zip=37566 addr=경북 포항시 북구 흥해읍 달전로 365 (이인리, 삼도드림파크)
[2026-06-29 14:47:38] 회원가입 제출 클릭 name=신승빈 id=animeguidew825 school=달전초등학교
[2026-06-29 14:47:39] 회원가입 알림 name=신승빈 id=animeguidew825 message=회원 가입하시겠습니까?
[2026-06-29 14:47:40] 회원가입 알림 name=신승빈 id=animeguidew825 message=회원 가입에 감사드립니다.
[2026-06-29 14:47:50] 회원가입 검증 완료 name=신승빈 day=화목 dialogs=['회원 가입하시겠습니까?', '회원 가입에 감사드립니다.']
[2026-06-29 14:47:50] 수강신청 시도 1 name=신승빈 id=animeguidew825
[2026-06-29 14:47:50] 수강신청 시작 name=신승빈 sheet=PH day=화목
[2026-06-29 14:47:58] PH 과정 선택 완료 day=화목 course_id=2_62 label='' week_filter=True
[2026-06-29 14:47:58] 수강신청 요일 선택 완료 name=신승빈 day=화목
[2026-06-29 14:48:00] 수강신청 1차 제출 완료 name=신승빈
[2026-06-29 14:48:04] 수강신청 최종 제출 완료 name=신승빈
신승빈 신청 완료 / 총 286명, 오늘 83명 추가되었습니다.
[2026-06-29 14:48:06] 기록 저장 완료 name=신승빈 total=286 today=83
[2026-06-29 14:48:11] 대상 완료 name=신승빈 total=286/300 today=83/97
[2026-06-29 14:48:15] 신규 대상 시작 plan={'sex': '남자', 'day': '월수'}
[2026-06-29 14:48:19] 회원가입 시도 1/4
[2026-06-29 14:48:19] 회원가입 시작 sheet=PH plan={'sex': '남자', 'day': '월수'}
[2026-06-29 14:48:25] 회원가입 폼 진입 완료
[2026-06-29 14:48:27] 우편번호 검색 query=경북 포항시 북구 용흥동 포항우방타운
[2026-06-29 14:48:29] 우편번호 입력 완료 zip=37650 addr=경북 포항시 북구 대안길 56 (용흥동, 우방타운)
[2026-06-29 14:48:30] 회원가입 제출 클릭 name=이현성 id=dreamerbrid4391 school=포항대흥초등학교
[2026-06-29 14:48:31] 회원가입 알림 name=이현성 id=dreamerbrid4391 message=회원 가입하시겠습니까?
[2026-06-29 14:48:32] 회원가입 알림 name=이현성 id=dreamerbrid4391 message=회원 가입에 감사드립니다.
[2026-06-29 14:48:42] 회원가입 검증 완료 name=이현성 day=월수 dialogs=['회원 가입하시겠습니까?', '회원 가입에 감사드립니다.']
[2026-06-29 14:48:42] 수강신청 시도 1 name=이현성 id=dreamerbrid4391
[2026-06-29 14:48:42] 수강신청 시작 name=이현성 sheet=PH day=월수
[2026-06-29 14:48:50] PH 과정 선택 완료 day=월수 course_id=1_61 label='' week_filter=True
[2026-06-29 14:48:50] 수강신청 요일 선택 완료 name=이현성 day=월수
[2026-06-29 14:48:52] 수강신청 1차 제출 완료 name=이현성
[2026-06-29 14:48:56] 수강신청 최종 제출 완료 name=이현성
이현성 신청 완료 / 총 287명, 오늘 84명 추가되었습니다.
[2026-06-29 14:48:57] 기록 저장 완료 name=이현성 total=287 today=84
[2026-06-29 14:48:59] 대상 완료 name=이현성 total=287/300 today=84/97
[2026-06-29 14:49:01] 신규 대상 시작 plan={'sex': '여자', 'day': '화목'}
[2026-06-29 14:49:05] 회원가입 시도 1/4
[2026-06-29 14:49:05] 회원가입 시작 sheet=PH plan={'sex': '여자', 'day': '화목'}
[2026-06-29 14:49:11] 회원가입 폼 진입 완료
[2026-06-29 14:49:13] 우편번호 검색 query=경북 포항시 북구 삼흥로32번길 5
[2026-06-29 14:49:15] 우편번호 입력 완료 zip=37609 addr=경북 포항시 북구 삼흥로32번길 5 (장성동, 럭키장성아파트)
[2026-06-29 14:49:16] 회원가입 제출 클릭 name=이유림 id=compassionre73a school=포항동부초등학교
[2026-06-29 14:49:17] 회원가입 알림 name=이유림 id=compassionre73a message=회원 가입하시겠습니까?
[2026-06-29 14:49:18] 회원가입 알림 name=이유림 id=compassionre73a message=회원 가입에 감사드립니다.
[2026-06-29 14:49:28] 회원가입 검증 완료 name=이유림 day=화목 dialogs=['회원 가입하시겠습니까?', '회원 가입에 감사드립니다.']
[2026-06-29 14:49:28] 수강신청 시도 1 name=이유림 id=compassionre73a
[2026-06-29 14:49:28] 수강신청 시작 name=이유림 sheet=PH day=화목
[2026-06-29 14:49:37] PH 과정 선택 완료 day=화목 course_id=2_62 label='' week_filter=True
[2026-06-29 14:49:37] 수강신청 요일 선택 완료 name=이유림 day=화목
[2026-06-29 14:49:39] 수강신청 1차 제출 완료 name=이유림
[2026-06-29 14:49:43] 수강신청 최종 제출 완료 name=이유림
이유림 신청 완료 / 총 288명, 오늘 85명 추가되었습니다.
[2026-06-29 14:49:45] 기록 저장 완료 name=이유림 total=288 today=85
[2026-06-29 14:49:49] 대상 완료 name=이유림 total=288/300 today=85/97
[2026-06-29 14:49:53] 신규 대상 시작 plan={'sex': '남자', 'day': '월수'}
[2026-06-29 14:49:57] 회원가입 시도 1/4
[2026-06-29 14:49:57] 회원가입 시작 sheet=PH plan={'sex': '남자', 'day': '월수'}
[2026-06-29 14:50:04] 회원가입 폼 진입 완료
[2026-06-29 14:50:08] 우편번호 검색 query=경북 포항시 북구 삼흥로88번길 10
[2026-06-29 14:50:09] 우편번호 입력 완료 zip=37607 addr=경북 포항시 북구 삼흥로88번길 10 (장성동, 장미아파트)
[2026-06-29 14:50:11] 회원가입 제출 클릭 name=엄찬 id=futurekidmae659 school=장량초등학교
[2026-06-29 14:50:12] 회원가입 알림 name=엄찬 id=futurekidmae659 message=회원 가입하시겠습니까?
[2026-06-29 14:50:13] 회원가입 알림 name=엄찬 id=futurekidmae659 message=회원 가입에 감사드립니다.
[2026-06-29 14:50:24] 회원가입 검증 완료 name=엄찬 day=월수 dialogs=['회원 가입하시겠습니까?', '회원 가입에 감사드립니다.']
[2026-06-29 14:50:24] 수강신청 시도 1 name=엄찬 id=futurekidmae659
[2026-06-29 14:50:24] 수강신청 시작 name=엄찬 sheet=PH day=월수
[2026-06-29 14:50:34] PH 과정 선택 완료 day=월수 course_id=1_61 label='' week_filter=True
[2026-06-29 14:50:34] 수강신청 요일 선택 완료 name=엄찬 day=월수
[2026-06-29 14:50:36] 수강신청 1차 제출 완료 name=엄찬
[2026-06-29 14:50:40] 수강신청 최종 제출 완료 name=엄찬
엄찬 신청 완료 / 총 289명, 오늘 86명 추가되었습니다.
[2026-06-29 14:50:43] 기록 저장 완료 name=엄찬 total=289 today=86
[2026-06-29 14:50:56] 대상 완료 name=엄찬 total=289/300 today=86/97
[2026-06-29 14:50:59] 신규 대상 시작 plan={'sex': '여자', 'day': '화목'}
[2026-06-29 14:51:04] 회원가입 시도 1/4
[2026-06-29 14:51:04] 회원가입 시작 sheet=PH plan={'sex': '여자', 'day': '화목'}
[2026-06-29 14:51:11] 회원가입 폼 진입 완료
[2026-06-29 14:51:16] 우편번호 검색 query=경북 포항시 북구 우창로 20
[2026-06-29 14:51:17] 주소 지역 불일치 query=경북 포항시 북구 우창로 20 result=대구 군위군 군위읍 경북대로 3300-20
[2026-06-29 14:51:18] 우편번호 검색 query=경북 포항시 북구 우창로 20
[2026-06-29 14:51:18] 주소 지역 불일치 query=경북 포항시 북구 우창로 20 result=대구 군위군 군위읍 경북대로 3300-20
[2026-06-29 14:51:18] 우편번호 검색 query=포항중앙초등학교
[2026-06-29 14:51:18] 주소 지역 불일치 query=포항중앙초등학교 result=대구 군위군 군위읍 경북대로 3300-20
[2026-06-29 14:51:19] 우편번호 검색 query=포항중앙초등학교
[2026-06-29 14:51:19] 우편번호 입력 완료 zip=37636 addr=경북 포항시 북구 우창동로 73 (우현동, 포항중앙초등학교)
[2026-06-29 14:51:20] 회원가입 제출 클릭 name=박민 id=guccisnapch9588 school=포항중앙초등학교
[2026-06-29 14:51:21] 회원가입 알림 name=박민 id=guccisnapch9588 message=회원 가입하시겠습니까?
[2026-06-29 14:51:22] 회원가입 알림 name=박민 id=guccisnapch9588 message=회원 가입에 감사드립니다.
[2026-06-29 14:51:32] 회원가입 검증 완료 name=박민 day=화목 dialogs=['회원 가입하시겠습니까?', '회원 가입에 감사드립니다.']
[2026-06-29 14:51:32] 수강신청 시도 1 name=박민 id=guccisnapch9588
[2026-06-29 14:51:32] 수강신청 시작 name=박민 sheet=PH day=화목
[2026-06-29 14:51:41] PH 과정 선택 완료 day=화목 course_id=2_62 label='' week_filter=True
[2026-06-29 14:51:41] 수강신청 요일 선택 완료 name=박민 day=화목
[2026-06-29 14:51:43] 수강신청 1차 제출 완료 name=박민
[2026-06-29 14:51:47] 수강신청 최종 제출 완료 name=박민
박민 신청 완료 / 총 290명, 오늘 87명 추가되었습니다.
[2026-06-29 14:51:48] 기록 저장 완료 name=박민 total=290 today=87
[2026-06-29 14:51:50] 대상 완료 name=박민 total=290/300 today=87/97
[2026-06-29 14:51:53] 신규 대상 시작 plan={'sex': '여자', 'day': '화목'}
[2026-06-29 14:51:56] 회원가입 시도 1/4
[2026-06-29 14:51:56] 회원가입 시작 sheet=PH plan={'sex': '여자', 'day': '화목'}
[2026-06-29 14:52:01] 회원가입 폼 진입 완료
[2026-06-29 14:52:04] 우편번호 검색 query=경북 포항시 북구 흥해읍 남성리 587-1
[2026-06-29 14:52:04] 우편번호 검색 실패 query=경북 포항시 북구 흥해읍 남성리 587-1 error=Error('Locator.count: Execution context was destroyed, most likely because of a navigation')
[2026-06-29 14:52:05] 우편번호 검색 query=경북 포항시 북구 흥해읍 남성리 587-1
[2026-06-29 14:52:19] 우편번호 검색 query=흥해남산초등학교
[2026-06-29 14:52:20] 우편번호 입력 완료 zip=37546 addr=경북 포항시 북구 흥해읍 남미질로 26 (남성리, 흥해남산초등학교)
[2026-06-29 14:52:21] 회원가입 제출 클릭 name=채다현 id=sportswizar9674 school=흥해남산초등학교
[2026-06-29 14:52:22] 회원가입 알림 name=채다현 id=sportswizar9674 message=회원 가입하시겠습니까?
[2026-06-29 14:52:22] 회원가입 알림 name=채다현 id=sportswizar9674 message=회원 가입에 감사드립니다.
[2026-06-29 14:52:33] 회원가입 검증 완료 name=채다현 day=화목 dialogs=['회원 가입하시겠습니까?', '회원 가입에 감사드립니다.']
[2026-06-29 14:52:33] 수강신청 시도 1 name=채다현 id=sportswizar9674
[2026-06-29 14:52:33] 수강신청 시작 name=채다현 sheet=PH day=화목
[2026-06-29 14:52:41] PH 과정 선택 완료 day=화목 course_id=2_62 label='' week_filter=True
[2026-06-29 14:52:41] 수강신청 요일 선택 완료 name=채다현 day=화목
[2026-06-29 14:52:43] 수강신청 1차 제출 완료 name=채다현
[2026-06-29 14:52:47] 수강신청 최종 제출 완료 name=채다현
채다현 신청 완료 / 총 291명, 오늘 88명 추가되었습니다.
[2026-06-29 14:52:48] 기록 저장 완료 name=채다현 total=291 today=88
[2026-06-29 14:52:50] 대상 완료 name=채다현 total=291/300 today=88/97
[2026-06-29 14:52:53] 신규 대상 시작 plan={'sex': '남자', 'day': '월수'}
[2026-06-29 14:52:57] 회원가입 시도 1/4
[2026-06-29 14:52:57] 회원가입 시작 sheet=PH plan={'sex': '남자', 'day': '월수'}
[2026-06-29 14:53:03] 회원가입 폼 진입 완료
[2026-06-29 14:53:05] 우편번호 검색 query=경북 포항시 북구 성실로 50
[2026-06-29 14:53:07] 우편번호 입력 완료 zip=37615 addr=경북 포항시 북구 성실로 50 (장성동, 현진에버빌2단지아파트)
[2026-06-29 14:53:09] 회원가입 제출 클릭 name=신연호 id=reporterstar40y school=장량초등학교
[2026-06-29 14:53:10] 회원가입 알림 name=신연호 id=reporterstar40y message=회원 가입하시겠습니까?
[2026-06-29 14:53:11] 회원가입 알림 name=신연호 id=reporterstar40y message=회원 가입에 감사드립니다.
[2026-06-29 14:53:21] 회원가입 검증 완료 name=신연호 day=월수 dialogs=['회원 가입하시겠습니까?', '회원 가입에 감사드립니다.']
[2026-06-29 14:53:21] 수강신청 시도 1 name=신연호 id=reporterstar40y
[2026-06-29 14:53:21] 수강신청 시작 name=신연호 sheet=PH day=월수
[2026-06-29 14:53:29] PH 과정 선택 완료 day=월수 course_id=1_61 label='' week_filter=True
[2026-06-29 14:53:29] 수강신청 요일 선택 완료 name=신연호 day=월수
[2026-06-29 14:53:31] 수강신청 1차 제출 완료 name=신연호
[2026-06-29 14:53:35] 수강신청 최종 제출 완료 name=신연호
신연호 신청 완료 / 총 292명, 오늘 89명 추가되었습니다.
[2026-06-29 14:53:36] 기록 저장 완료 name=신연호 total=292 today=89
[2026-06-29 14:53:37] 대상 완료 name=신연호 total=292/300 today=89/97
[2026-06-29 14:53:40] 신규 대상 시작 plan={'sex': '남자', 'day': '화목'}
[2026-06-29 14:53:43] 회원가입 시도 1/4
[2026-06-29 14:53:43] 회원가입 시작 sheet=PH plan={'sex': '남자', 'day': '화목'}
[2026-06-29 14:53:49] 회원가입 폼 진입 완료
[2026-06-29 14:53:52] 우편번호 검색 query=경북 포항시 남구 오천읍 문덕로12번길 6
[2026-06-29 14:53:53] 우편번호 입력 완료 zip=37887 addr=경북 포항시 남구 오천읍 문덕로12번길 6 (문덕리, 준양프리미엄3차)
[2026-06-29 14:53:54] 회원가입 제출 클릭 name=김환희 id=inclusionpr4478 school=포항원동초등학교
[2026-06-29 14:53:55] 회원가입 알림 name=김환희 id=inclusionpr4478 message=회원 가입하시겠습니까?
[2026-06-29 14:53:56] 회원가입 알림 name=김환희 id=inclusionpr4478 message=회원 가입에 감사드립니다.
[2026-06-29 14:54:06] 회원가입 검증 완료 name=김환희 day=화목 dialogs=['회원 가입하시겠습니까?', '회원 가입에 감사드립니다.']
[2026-06-29 14:54:06] 수강신청 시도 1 name=김환희 id=inclusionpr4478
[2026-06-29 14:54:06] 수강신청 시작 name=김환희 sheet=PH day=화목
[2026-06-29 14:54:14] PH 과정 선택 완료 day=화목 course_id=2_62 label='' week_filter=True
[2026-06-29 14:54:14] 수강신청 요일 선택 완료 name=김환희 day=화목
[2026-06-29 14:54:16] 수강신청 1차 제출 완료 name=김환희
[2026-06-29 14:54:20] 수강신청 최종 제출 완료 name=김환희
김환희 신청 완료 / 총 293명, 오늘 90명 추가되었습니다.
[2026-06-29 14:54:22] 기록 저장 완료 name=김환희 total=293 today=90
[2026-06-29 14:54:26] 대상 완료 name=김환희 total=293/300 today=90/97
[2026-06-29 14:54:30] 신규 대상 시작 plan={'sex': '여자', 'day': '월수'}
[2026-06-29 14:54:34] 회원가입 시도 1/4
[2026-06-29 14:54:34] 회원가입 시작 sheet=PH plan={'sex': '여자', 'day': '월수'}
[2026-06-29 14:54:40] 회원가입 폼 진입 완료
[2026-06-29 14:54:43] 우편번호 검색 query=경북 포항시 북구 흥해읍 도음로827번길 9
[2026-06-29 14:54:45] 우편번호 입력 완료 zip=37562 addr=경북 포항시 북구 흥해읍 도음로827번길 9 (학천리)
[2026-06-29 14:54:47] 회원가입 제출 클릭 name=이도영 id=photographe7500 school=학천초등학교
[2026-06-29 14:54:48] 회원가입 알림 name=이도영 id=photographe7500 message=회원 가입하시겠습니까?
[2026-06-29 14:54:49] 회원가입 알림 name=이도영 id=photographe7500 message=회원 가입에 감사드립니다.
[2026-06-29 14:54:59] 회원가입 검증 완료 name=이도영 day=월수 dialogs=['회원 가입하시겠습니까?', '회원 가입에 감사드립니다.']
[2026-06-29 14:54:59] 수강신청 시도 1 name=이도영 id=photographe7500
[2026-06-29 14:54:59] 수강신청 시작 name=이도영 sheet=PH day=월수
[2026-06-29 14:55:08] PH 과정 선택 완료 day=월수 course_id=1_61 label='' week_filter=True
[2026-06-29 14:55:08] 수강신청 요일 선택 완료 name=이도영 day=월수
[2026-06-29 14:55:09] 수강신청 1차 제출 완료 name=이도영
[2026-06-29 14:55:14] 수강신청 최종 제출 완료 name=이도영
이도영 신청 완료 / 총 294명, 오늘 91명 추가되었습니다.
[2026-06-29 14:55:15] 기록 저장 완료 name=이도영 total=294 today=91
[2026-06-29 14:55:17] 대상 완료 name=이도영 total=294/300 today=91/97
[2026-06-29 14:55:19] 신규 대상 시작 plan={'sex': '여자', 'day': '화목'}
[2026-06-29 14:55:22] 회원가입 시도 1/4
[2026-06-29 14:55:22] 회원가입 시작 sheet=PH plan={'sex': '여자', 'day': '화목'}
[2026-06-29 14:55:28] 회원가입 폼 진입 완료
[2026-06-29 14:55:31] 우편번호 검색 query=경북 포항시 북구 새천년대로1075번길 10
[2026-06-29 14:55:33] 우편번호 입력 완료 zip=37630 addr=경북 포항시 북구 새천년대로1075번길 10 (창포동, 창포주공1단지아파트)
[2026-06-29 14:55:34] 회원가입 제출 클릭 name=최사라 id=inspireforem850 school=창포초등학교
[2026-06-29 14:55:35] 회원가입 알림 name=최사라 id=inspireforem850 message=회원 가입하시겠습니까?
[2026-06-29 14:55:36] 회원가입 알림 name=최사라 id=inspireforem850 message=회원 가입에 감사드립니다.
[2026-06-29 14:55:46] 회원가입 검증 완료 name=최사라 day=화목 dialogs=['회원 가입하시겠습니까?', '회원 가입에 감사드립니다.']
[2026-06-29 14:55:46] 수강신청 시도 1 name=최사라 id=inspireforem850
[2026-06-29 14:55:46] 수강신청 시작 name=최사라 sheet=PH day=화목
[2026-06-29 14:55:54] PH 과정 선택 완료 day=화목 course_id=2_62 label='' week_filter=True
[2026-06-29 14:55:54] 수강신청 요일 선택 완료 name=최사라 day=화목
[2026-06-29 14:55:56] 수강신청 1차 제출 완료 name=최사라
[2026-06-29 14:56:00] 수강신청 최종 제출 완료 name=최사라
최사라 신청 완료 / 총 295명, 오늘 92명 추가되었습니다.
[2026-06-29 14:56:02] 기록 저장 완료 name=최사라 total=295 today=92
[2026-06-29 14:56:04] 대상 완료 name=최사라 total=295/300 today=92/97
[2026-06-29 14:56:08] 신규 대상 시작 plan={'sex': '여자', 'day': '화목'}
[2026-06-29 14:56:13] 회원가입 시도 1/4
[2026-06-29 14:56:13] 회원가입 시작 sheet=PH plan={'sex': '여자', 'day': '화목'}
[2026-06-29 14:56:20] 회원가입 폼 진입 완료
[2026-06-29 14:56:24] 우편번호 검색 query=경북 포항시 북구 흥해읍 이인리 927-61
[2026-06-29 14:56:25] 우편번호 입력 완료 zip=37566 addr=경북 포항시 북구 흥해읍 달전로 365 (이인리, 삼도드림파크)
[2026-06-29 14:56:26] 회원가입 제출 클릭 name=황예온 id=inclusioncu8399 school=달전초등학교
[2026-06-29 14:56:27] 회원가입 알림 name=황예온 id=inclusioncu8399 message=회원 가입하시겠습니까?
[2026-06-29 14:56:28] 회원가입 알림 name=황예온 id=inclusioncu8399 message=회원 가입에 감사드립니다.
[2026-06-29 14:56:39] 회원가입 검증 완료 name=황예온 day=화목 dialogs=['회원 가입하시겠습니까?', '회원 가입에 감사드립니다.']
[2026-06-29 14:56:39] 수강신청 시도 1 name=황예온 id=inclusioncu8399
[2026-06-29 14:56:39] 수강신청 시작 name=황예온 sheet=PH day=화목
[2026-06-29 14:56:48] PH 과정 선택 완료 day=화목 course_id=2_62 label='' week_filter=True
[2026-06-29 14:56:48] 수강신청 요일 선택 완료 name=황예온 day=화목
[2026-06-29 14:56:50] 수강신청 1차 제출 완료 name=황예온
[2026-06-29 14:56:54] 수강신청 최종 제출 완료 name=황예온
황예온 신청 완료 / 총 296명, 오늘 93명 추가되었습니다.
[2026-06-29 14:56:55] 기록 저장 완료 name=황예온 total=296 today=93
[2026-06-29 14:56:57] 대상 완료 name=황예온 total=296/300 today=93/97
[2026-06-29 14:56:59] 신규 대상 시작 plan={'sex': '여자', 'day': '화목'}
[2026-06-29 14:57:03] 회원가입 시도 1/4
[2026-06-29 14:57:03] 회원가입 시작 sheet=PH plan={'sex': '여자', 'day': '화목'}
[2026-06-29 14:57:08] 회원가입 폼 진입 완료
[2026-06-29 14:57:11] 우편번호 검색 query=경북 포항시 남구 해병로 405 청호하이츠
[2026-06-29 14:57:12] 우편번호 입력 완료 zip=37916 addr=경북 포항시 남구 오천읍 해병로 405 (문덕리, 청호하이츠)
[2026-06-29 14:57:15] 회원가입 제출 클릭 name=김태린 id=throwdownex5714 school=문덕초등학교
[2026-06-29 14:57:16] 회원가입 알림 name=김태린 id=throwdownex5714 message=회원 가입하시겠습니까?
[2026-06-29 14:57:16] 회원가입 알림 name=김태린 id=throwdownex5714 message=회원 가입에 감사드립니다.
[2026-06-29 14:57:27] 회원가입 검증 완료 name=김태린 day=화목 dialogs=['회원 가입하시겠습니까?', '회원 가입에 감사드립니다.']
[2026-06-29 14:57:27] 수강신청 시도 1 name=김태린 id=throwdownex5714
[2026-06-29 14:57:27] 수강신청 시작 name=김태린 sheet=PH day=화목
[2026-06-29 14:57:35] PH 과정 선택 완료 day=화목 course_id=2_62 label='' week_filter=True
[2026-06-29 14:57:35] 수강신청 요일 선택 완료 name=김태린 day=화목
[2026-06-29 14:57:37] 수강신청 1차 제출 완료 name=김태린
[2026-06-29 14:57:41] 수강신청 최종 제출 완료 name=김태린
김태린 신청 완료 / 총 297명, 오늘 94명 추가되었습니다.
[2026-06-29 14:57:42] 기록 저장 완료 name=김태린 total=297 today=94
[2026-06-29 14:57:44] 대상 완료 name=김태린 total=297/300 today=94/97
[2026-06-29 14:57:46] 신규 대상 시작 plan={'sex': '남자', 'day': '월수'}
[2026-06-29 14:57:50] 회원가입 시도 1/4
[2026-06-29 14:57:50] 회원가입 시작 sheet=PH plan={'sex': '남자', 'day': '월수'}
[2026-06-29 14:57:55] 회원가입 폼 진입 완료
[2026-06-29 14:57:58] 우편번호 검색 query=경북 포항시 북구 삼흥로18번길 6
[2026-06-29 14:58:00] 우편번호 입력 완료 zip=37611 addr=경북 포항시 북구 삼흥로18번길 6 (두호동, 산호그린맨션1차)
[2026-06-29 14:58:01] 회원가입 제출 클릭 name=황태원 id=creativitytex35 school=포항동부초등학교
[2026-06-29 14:58:02] 회원가입 알림 name=황태원 id=creativitytex35 message=회원 가입하시겠습니까?
[2026-06-29 14:58:02] 회원가입 알림 name=황태원 id=creativitytex35 message=회원 가입에 감사드립니다.
[2026-06-29 14:58:13] 회원가입 검증 완료 name=황태원 day=월수 dialogs=['회원 가입하시겠습니까?', '회원 가입에 감사드립니다.']
[2026-06-29 14:58:13] 수강신청 시도 1 name=황태원 id=creativitytex35
[2026-06-29 14:58:13] 수강신청 시작 name=황태원 sheet=PH day=월수
[2026-06-29 14:58:21] PH 과정 선택 완료 day=월수 course_id=1_61 label='' week_filter=True
[2026-06-29 14:58:21] 수강신청 요일 선택 완료 name=황태원 day=월수
[2026-06-29 14:58:23] 수강신청 1차 제출 완료 name=황태원
[2026-06-29 14:58:28] 수강신청 최종 제출 완료 name=황태원
황태원 신청 완료 / 총 298명, 오늘 95명 추가되었습니다.
[2026-06-29 14:58:29] 기록 저장 완료 name=황태원 total=298 today=95
[2026-06-29 14:58:33] 대상 완료 name=황태원 total=298/300 today=95/97
[2026-06-29 14:58:37] 신규 대상 시작 plan={'sex': '여자', 'day': '월수'}
[2026-06-29 14:58:41] 회원가입 시도 1/4
[2026-06-29 14:58:41] 회원가입 시작 sheet=PH plan={'sex': '여자', 'day': '월수'}
[2026-06-29 14:58:47] 회원가입 폼 진입 완료
[2026-06-29 14:58:50] 우편번호 검색 query=경북 포항시 북구 우미길 90
[2026-06-29 14:59:03] 우편번호 검색 query=경북 포항시 북구 우미길 90
[2026-06-29 14:59:04] 우편번호 입력 완료 zip=37647 addr=경북 포항시 북구 우미길 90 (용흥동, 해원하나로타운)
[2026-06-29 14:59:05] 회원가입 제출 클릭 name=김유담 id=friendlybask121 school=포항대흥초등학교
[2026-06-29 14:59:06] 회원가입 알림 name=김유담 id=friendlybask121 message=회원 가입하시겠습니까?
[2026-06-29 14:59:06] 회원가입 알림 name=김유담 id=friendlybask121 message=회원 가입에 감사드립니다.
[2026-06-29 14:59:16] 회원가입 검증 완료 name=김유담 day=월수 dialogs=['회원 가입하시겠습니까?', '회원 가입에 감사드립니다.']
[2026-06-29 14:59:16] 수강신청 시도 1 name=김유담 id=friendlybask121
[2026-06-29 14:59:16] 수강신청 시작 name=김유담 sheet=PH day=월수
[2026-06-29 14:59:25] PH 과정 선택 완료 day=월수 course_id=1_61 label='' week_filter=True
[2026-06-29 14:59:25] 수강신청 요일 선택 완료 name=김유담 day=월수
[2026-06-29 14:59:26] 수강신청 1차 제출 완료 name=김유담
[2026-06-29 14:59:30] 수강신청 최종 제출 완료 name=김유담
김유담 신청 완료 / 총 299명, 오늘 96명 추가되었습니다.
[2026-06-29 14:59:31] 기록 저장 완료 name=김유담 total=299 today=96
[2026-06-29 14:59:33] 대상 완료 name=김유담 total=299/300 today=96/97
[2026-06-29 14:59:35] 신규 대상 시작 plan={'sex': '여자', 'day': '화목'}
[2026-06-29 14:59:39] 회원가입 시도 1/4
[2026-06-29 14:59:39] 회원가입 시작 sheet=PH plan={'sex': '여자', 'day': '화목'}
[2026-06-29 14:59:44] 회원가입 폼 진입 완료
[2026-06-29 14:59:47] 우편번호 검색 query=경북 포항시 북구 흥해읍 중성로32번길 30-1
[2026-06-29 14:59:48] 우편번호 입력 완료 zip=37545 addr=경북 포항시 북구 흥해읍 중성로32번길 30-1 (남성리, 대동빌라)
[2026-06-29 14:59:49] 회원가입 제출 클릭 name=최하루 id=natureimagin31b school=흥해남산초등학교
[2026-06-29 14:59:50] 회원가입 알림 name=최하루 id=natureimagin31b message=회원 가입하시겠습니까?
[2026-06-29 14:59:51] 회원가입 알림 name=최하루 id=natureimagin31b message=회원 가입에 감사드립니다.
[2026-06-29 15:00:01] 회원가입 검증 완료 name=최하루 day=화목 dialogs=['회원 가입하시겠습니까?', '회원 가입에 감사드립니다.']
[2026-06-29 15:00:01] 수강신청 시도 1 name=최하루 id=natureimagin31b
[2026-06-29 15:00:01] 수강신청 시작 name=최하루 sheet=PH day=화목
[2026-06-29 15:00:10] PH 과정 선택 완료 day=화목 course_id=2_62 label='' week_filter=True
[2026-06-29 15:00:10] 수강신청 요일 선택 완료 name=최하루 day=화목
[2026-06-29 15:00:12] 수강신청 1차 제출 완료 name=최하루
[2026-06-29 15:00:17] 수강신청 최종 제출 완료 name=최하루
최하루 신청 완료 / 총 300명, 오늘 97명 추가되었습니다.
[2026-06-29 15:00:18] 기록 저장 완료 name=최하루 total=300 today=97
[2026-06-29 15:00:23] 대상 완료 name=최하루 total=300/300 today=97/97
[2026-06-29 15:00:25] 목표 달성 완료. 현재 PH 누적 300명
